expert_estimated_effort,actual_effort,complexity_class,task_type
0,1200,,general
0,4800,,coding
0,2400,,reading
0,2400,,coding
0,7800,,reading
0,18600,,general
0,1800,,general
0,1200,,general
0,13200,,writing
0,11400,,coding
0,10800,,coding
0,600,,general
0,600,,reading
0,5400,,coding
0,15600,,writing
0,8400,,general
0,58200,,coding
0,6000,,review
0,7800,,review
0,7800,,general
0,38400,,general
0,3600,,general
0,1800,,general
0,600,,problem solving
0,1200,,general
0,6600,,coding
0,3000,,coding
0,6600,,reading
0,5400,,coding
0,4200,,coding
0,18600,,coding
0,2400,,coding
0,7800,,general
0,1200,,coding
0,7200,,coding
0,4200,,coding
86400,1800,5,coding
0,3000,,reading
0,16200,,coding
0,1800,,general
0,3000,,general
0,1800,,writing
0,1800,,coding
0,1800,,coding
0,7200,,coding
0,2400,,coding
0,1200,,coding
0,9000,,coding
0,5400,,coding
0,2400,,coding
0,1200,,coding
0,1800,,coding
0,5400,,reading
0,4200,,general
0,1800,,coding
0,5400,,coding
0,4200,,general
0,37200,,general
0,4800,,general
0,3000,,general
0,5400,,general
0,12000,,reading
0,3600,,coding
0,1800,,general
0,9000,,writing
0,11400,,general
0,3000,,problem solving
0,1800,,coding
0,3000,,writing
0,6000,,coding
0,2400,,coding
0,1200,,general
0,4800,,writing
0,1200,,general
0,4800,,coding
0,7200,,coding
0,6600,,reading
0,1800,,coding
0,6600,,writing
0,3000,,general
0,4200,,coding
0,1800,,coding
0,10800,,general
0,6000,,general
604800,284400,5,coding
0,5400,,coding
0,1800,,coding
0,12000,,coding
0,9000,,general
0,4800,,general
0,3600,,writing
0,12000,,general
0,18000,,general
0,3600,,problem solving
0,4200,,problem solving
0,9600,,problem solving
0,18600,,general
0,4200,,general
0,5400,,general
0,6600,,general
0,5400,,coding
0,2400,,coding
0,1800,,coding
0,4200,,coding
0,10200,,general
0,4200,,general
0,18180,,reading
0,4200,,reading
0,4800,,coding
0,7200,,general
0,600,,general
0,3600,,general
0,13200,,general
0,10200,,general
0,1200,,general
0,23400,,general
0,4200,,general
0,2400,,general
0,5400,,general
0,1200,,general
0,73800,,coding
0,5400,,general
0,9600,,problem solving
0,6600,,coding
0,3000,,general
0,4200,,general
0,7800,,general
0,7200,,general
0,1800,,general
0,1800,,problem solving
0,3000,,general
0,19200,,writing
0,12000,,general
0,19800,,general
0,3000,,general
0,1800,,general
0,1800,,general
0,2400,,general
0,42600,,general
0,17400,,general
0,1200,,general
0,1200,,general
0,1200,,general
0,3000,,coding
0,40200,,coding
0,1200,,general
0,14400,,general
0,3000,,general
0,27600,,general
0,5400,,general
0,2400,,general
0,9600,,general
0,12000,,general
0,600,,general
0,2400,,general
0,64800,,general
0,8400,,general
0,4200,,general
0,8400,,general
0,7800,,general
0,1200,,coding
0,600,,coding
0,16200,,general
0,1200,,reading
0,600,,problem solving
0,1800,,coding
0,1800,,problem solving
0,12000,,research
0,1800,,coding
0,600,,reading
0,57600,,reading
0,57600,,general
0,600,,coding
0,4200,,coding
0,1200,,general
0,600,,general
0,1200,,general
0,1200,,general
0,1800,,coding
0,600,,coding
0,720,,coding
0,1800,,coding
0,4200,,general
0,600,,general
0,1200,,coding
0,1800,,general
0,600,,reading
0,1200,,reading
0,1800,,research
0,1200,,general
0,25200,,coding
0,1200,,general
0,1800,,research
0,2400,,writing
0,3600,,general
0,1800,,reading
0,9600,,general
0,5400,,reading
0,1200,,general
0,1200,,general
0,2400,,coding
0,3600,,coding
0,1800,,writing
0,3000,,coding
0,6000,,general
0,1200,,coding
0,4200,,coding
0,4800,,coding
0,1200,,writing
0,1800,,coding
0,11400,,general
0,3600,,reading
0,1200,,general
0,4200,,coding
0,1800,,coding
0,1800,,coding
0,3600,,coding
0,600,,coding
0,1200,,coding
0,1200,,review
0,1800,,general
0,2400,,reading
0,3000,,reading
0,7200,,reading
0,1800,,general
0,1800,,review
0,1800,,general
0,1200,,reading
0,9000,,review
0,6600,,reading
0,5400,,problem solving
0,2400,,coding
0,9600,,coding
0,4800,,general
0,1200,,reading
0,3600,,writing
0,1200,,general
0,1800,,general
0,13200,,coding
0,4200,,general
0,1200,,general
0,1200,,general
0,1200,,problem solving
0,600,,coding
0,3000,,coding
0,5400,,writing
0,5400,,reading
0,1200,,coding
0,3000,,coding
0,1200,,general
0,42600,,coding
0,1200,,reading
0,12000,,coding
0,4800,,general
0,1800,,general
0,4800,,coding
0,19800,,coding
0,9600,,general
0,2400,,coding
0,1200,,general
0,2400,,coding
0,1800,,coding
0,8400,,coding
0,4800,,coding
0,1200,,coding
0,1200,,coding
0,55800,,coding
0,9600,,general
0,4200,,reading
0,1800,,reading
0,600,,general
0,2400,,general
0,1200,,coding
0,1200,,general
0,2400,,general
0,4200,,coding
0,3000,,coding
0,600,,coding
0,2400,,general
0,600,,writing
0,600,,review
0,9600,,coding
0,600,,coding
0,1800,,coding
0,10800,,coding
0,40800,,general
0,13800,,review
0,4200,,coding
0,39000,,general
0,32400,,general
0,162000,,general
0,7200,,general
0,5400,,writing
0,13800,,general
0,7200,,writing
0,9600,,problem solving
0,12000,,general
0,35400,,coding
0,9000,,general
0,40200,,general
0,118200,,general
0,600,,general
0,20400,,reading
0,3600,,general
0,13200,,general
0,3600,,general
0,25800,,coding
0,18000,,reading
0,19200,,general
0,19200,,reading
0,7800,,reading
0,31200,,coding
0,14400,,writing
0,20400,,writing
0,15600,,general
0,6600,,general
0,13800,,writing
0,7200,,coding
0,27000,,general
0,9600,,general
0,8400,,coding
0,18600,,coding
0,25200,,coding
0,10200,,writing
0,11400,,coding
0,162000,,general
0,14400,,coding
0,19200,,review
0,6000,,general
0,21600,,general
0,19800,,reading
0,22200,,reading
0,13200,,writing
0,20400,,writing
0,27600,,coding
0,9000,,writing
0,19200,,writing
0,7200,,general
0,17400,,general
0,10800,,coding
0,9000,,coding
0,1200,,general
0,51000,,coding
0,7800,,writing
0,22200,,writing
0,17400,,coding
0,8400,,writing
0,23400,,coding
0,6600,,general
0,10800,,writing
0,11400,,reading
0,3600,,reading
0,40200,,coding
0,32400,,writing
0,14400,,general
0,4800,,writing
0,27600,,coding
0,15600,,general
0,18000,,writing
0,4800,,coding
0,14400,,writing
0,6000,,coding
0,21000,,general
0,3600,,general
0,14400,,writing
0,3000,,problem solving
0,600,,general
0,28200,,coding
0,15600,,coding
0,11400,,general
0,17400,,writing
0,6600,,writing
0,3600,,coding
0,9000,,general
0,18000,,coding
0,4200,,general
0,10200,,coding
0,16800,,general
0,6600,,general
0,9600,,general
259200,26400,5,general
0,32400,,general
0,27000,,writing
0,14400,,coding
0,42000,,general
0,4200,,general
0,4800,,general
0,9000,,coding
0,2400,,general
0,6000,,coding
0,9000,,general
0,39000,,general
0,3600,,general
0,54000,,writing
0,40200,,general
0,39600,,reading
0,15600,,general
0,4200,,writing
0,10800,,reading
0,16800,,writing
0,1200,,coding
0,2400,,coding
0,3000,,general
0,3000,,general
0,3600,,general
0,7200,,coding
0,20400,,coding
0,4200,,general
0,10800,,coding
0,7800,,coding
0,20400,,coding
0,7800,,coding
0,4200,,general
0,15000,,general
0,3600,,coding
0,8400,,general
0,22800,,general
0,4200,,writing
0,4800,,coding
0,10200,,reading
0,4200,,reading
0,7800,,general
0,3600,,coding
0,15600,,coding
0,5400,,coding
0,3000,,problem solving
0,3000,,coding
0,4200,,reading
0,7200,,coding
0,2400,,general
0,2400,,general
0,9000,,reading
0,24000,,general
0,7200,,general
0,11400,,general
0,79200,,general
0,44400,,general
0,30000,,coding
0,11400,,general
0,25200,,general
0,1800,,coding
0,6600,,general
0,3000,,general
0,3000,,review
0,1800,,coding
0,3600,,writing
0,48600,,general
0,46200,,general
0,3600,,general
0,30000,,coding
0,2400,,coding
0,13200,,general
0,43200,,general
0,31800,,coding
0,3600,,writing
0,14400,,writing
0,4800,,general
0,2400,,reading
0,1200,,general
0,27000,,coding
0,7800,,reading
0,29400,,general
0,5400,,general
0,4200,,general
0,4200,,coding
0,15600,,writing
0,9600,,coding
0,7800,,reading
0,11400,,general
0,7200,,coding
0,6000,,general
0,5400,,writing
0,37200,,coding
0,6000,,general
0,4800,,writing
0,9600,,coding
0,13200,,coding
0,4200,,coding
0,1200,,coding
0,1200,,coding
0,1200,,coding
0,1200,,coding
0,1200,,coding
0,1200,,coding
0,3000,,coding
0,19800,,coding
0,1200,,coding
0,1200,,coding
0,1200,,coding
0,4800,,coding
0,6600,,coding
0,1200,,coding
0,1200,,coding
0,1200,,coding
0,1200,,coding
0,1200,,coding
0,1200,,coding
0,22200,,general
0,3000,,general
0,16800,,general
0,9000,,coding
0,6000,,coding
0,10200,,coding
0,1800,,coding
0,3000,,coding
0,5400,,coding
0,4800,,coding
0,2400,,coding
0,3000,,coding
0,10200,,coding
0,2400,,coding
0,3000,,coding
0,13800,,coding
0,5400,,coding
0,3000,,coding
0,3600,,coding
0,3600,,coding
0,1800,,coding
0,1200,,coding
0,1800,,coding
0,9000,,coding
0,315600,,general
0,5400,,coding
0,14400,,general
0,28800,,general
0,56400,,reading
0,11400,,coding
0,31200,,general
0,3000,,coding
0,4800,,coding
0,2400,,general
0,3600,,reading
0,34800,,coding
0,3000,,general
0,12000,,coding
0,3600,,general
0,9600,,coding
0,16200,,coding
0,1200,,general
0,10800,,reading
0,5400,,general
0,19800,,writing
0,8400,,reading
0,3000,,general
0,11400,,review
0,1800,,review
0,4200,,coding
0,27600,,coding
0,6000,,coding
0,5400,,coding
0,11400,,coding
0,42600,,reading
0,5400,,general
0,1800,,coding
0,4800,,coding
0,2400,,coding
0,10200,,coding
0,8400,,coding
0,4800,,general
0,69600,,writing
0,40800,,coding
0,2400,,general
0,4800,,coding
0,1200,,coding
0,7200,,coding
0,1800,,general
0,3600,,coding
0,1800,,general
0,1800,,coding
0,1200,,general
0,7800,,coding
0,7200,,writing
0,1200,,coding
0,1200,,coding
0,3600,,general
0,3000,,writing
0,4200,,reading
0,1800,,coding
0,52800,,general
0,4200,,coding
0,4200,,general
0,4200,,writing
0,1800,,general
0,1800,,coding
0,4800,,coding
0,1800,,coding
0,3000,,coding
0,1800,,coding
0,4800,,coding
0,11400,,coding
0,54600,,coding
0,19200,,coding
0,4800,,coding
0,43800,,coding
0,3000,,coding
0,5400,,coding
0,8400,,coding
0,6600,,writing
0,2400,,coding
0,14400,,coding
0,2400,,writing
0,25800,,general
0,1200,,coding
0,1200,,general
0,3600,,general
0,2400,,coding
0,6000,,coding
0,3000,,coding
0,3600,,general
0,3600,,coding
0,2400,,coding
0,23400,,coding
0,2400,,general
0,1800,,coding
0,2400,,general
0,6000,,coding
0,1800,,general
0,1800,,general
0,14400,,coding
0,4800,,coding
0,3000,,coding
0,3600,,coding
0,5400,,general
0,1800,,general
0,7800,,general
0,1800,,reading
0,1800,,reading
0,4200,,coding
0,4800,,general
0,3600,,general
0,5400,,coding
0,1800,,general
0,54600,,coding
0,3600,,coding
0,2400,,coding
0,6600,,coding
0,7200,,general
0,2400,,coding
0,5400,,reading
0,3600,,general
0,6600,,coding
0,4200,,coding
0,4200,,coding
0,1800,,reading
0,11400,,reading
0,1800,,coding
0,1200,,coding
0,1200,,general
3600,600,2,coding
0,12000,,coding
0,3000,,coding
0,4800,,coding
0,4200,,reading
0,1800,,general
0,7200,,general
0,1200,,coding
0,3000,,coding
0,11400,,coding
0,4800,,coding
0,11400,,coding
0,1200,,coding
0,9600,,coding
0,1200,,coding
0,1200,,coding
0,1800,,general
0,1200,,general
0,4800,,coding
0,1800,,problem solving
0,600,,general
0,600,,general
0,1200,,coding
0,3000,,general
0,3600,,general
0,12600,,coding
0,3600,,general
0,14400,,review
0,2400,,coding
0,2400,,research
0,1800,,coding
0,1800,,general
0,1800,,coding
0,1800,,general
0,6600,,general
0,16200,,writing
0,5400,,general
0,1800,,general
0,1800,,general
0,1800,,general
0,1800,,general
0,1800,,review
0,1800,,coding
0,9000,,coding
0,1800,,coding
0,1800,,general
0,6000,,general
0,2400,,general
0,3000,,general
0,1800,,general
0,1800,,review
0,1800,,general
0,4200,,writing
0,4200,,coding
0,6000,,review
0,1800,,general
0,1800,,general
0,1800,,coding
0,3000,,general
0,4800,,general
0,1800,,review
0,3000,,writing
0,7800,,general
0,1800,,reading
0,3000,,reading
0,1800,,general
0,4200,,review
0,1800,,general
0,1800,,coding
0,1800,,coding
0,7200,,general
0,5400,,reading
0,4200,,general
0,1800,,general
0,6600,,reading
0,1800,,coding
0,4200,,general
0,3600,,coding
0,5400,,general
0,1800,,general
0,1800,,coding
0,1800,,general
0,9000,,general
0,1800,,general
0,1800,,coding
0,3000,,coding
0,1800,,general
0,1800,,coding
0,1800,,coding
0,8400,,general
0,1800,,general
0,4800,,general
259200,5400,5,coding
0,1800,,general
0,3000,,reading
0,3000,,general
0,1800,,general
0,3600,,general
0,10800,,general
0,3000,,general
0,6600,,coding
0,2400,,writing
0,1800,,coding
0,3600,,general
0,1800,,review
0,4200,,general
0,2400,,general
0,1800,,general
0,1800,,general
0,1800,,general
0,1800,,general
0,5400,,general
0,1800,,coding
0,2400,,review
0,1800,,general
0,4200,,coding
0,3000,,research
0,1800,,general
0,5400,,coding
0,1800,,coding
0,1800,,general
0,1800,,general
172800,330120,5,research
0,1800,,research
0,2400,,coding
0,7200,,research
0,1800,,research
0,1800,,coding
0,1800,,review
0,1200,,research
0,1800,,general
129600,267600,5,research
0,1800,,research
0,1800,,general
0,4200,,general
0,1800,,general
0,1800,,general
0,3600,,coding
0,1800,,general
0,1800,,general
0,4800,,coding
0,1800,,coding
0,1800,,problem solving
0,1800,,review
0,3000,,review
0,1800,,general
0,2400,,general
0,1800,,review
0,3600,,coding
0,1800,,research
0,3000,,coding
0,1800,,review
0,1800,,writing
0,3600,,general
0,3600,,coding
0,1800,,review
0,7800,,general
0,1200,,research
0,21000,,review
0,1800,,coding
0,3600,,general
0,1800,,research
0,1800,,research
0,1200,,general
0,2400,,general
0,1800,,general
0,1800,,general
0,7800,,coding
0,7800,,coding
0,1800,,general
0,1800,,coding
0,1800,,writing
0,1800,,general
0,1800,,general
0,2400,,coding
0,1800,,general
0,3600,,general
0,1800,,general
0,6600,,general
172800,1800,5,research
0,12000,,coding
0,2400,,general
0,21600,,coding
0,1200,,coding
0,1800,,problem solving
0,1800,,reading
0,1800,,coding
0,3000,,writing
0,3600,,coding
0,3600,,review
0,3600,,coding
0,1800,,general
0,1800,,general
0,2400,,coding
0,1800,,coding
0,600,,review
0,1800,,problem solving
0,3600,,coding
7200,9000,3,research
0,3600,,general
43200,12600,5,research
0,1800,,general
0,1800,,general
0,4800,,general
0,1800,,review
0,1800,,general
0,1800,,general
0,1800,,review
0,4800,,general
0,1800,,coding
0,1800,,writing
0,1800,,general
86400,4200,5,research
0,1800,,general
0,1800,,reading
0,1800,,coding
0,1800,,coding
0,1200,,coding
10800,14400,3,review
0,89400,,research
0,1800,,coding
0,1800,,general
0,3600,,general
0,3000,,general
0,1800,,coding
0,1800,,problem solving
0,1800,,coding
0,4200,,general
0,7200,,general
0,2400,,general
0,4800,,general
0,2400,,general
0,1800,,coding
0,4200,,general
0,3600,,coding
0,4200,,coding
0,2400,,coding
0,1800,,general
0,3600,,review
0,1800,,general
0,11400,,reading
0,1800,,general
0,5400,,general
0,2400,,general
0,1800,,research
0,1800,,general
0,1800,,reading
0,4800,,general
0,1800,,reading
0,5400,,coding
0,1800,,general
0,1800,,general
0,1800,,review
0,1800,,general
0,1800,,general
0,1800,,general
0,1800,,reading
0,1800,,reading
0,1800,,coding
0,9600,,coding
0,3600,,coding
0,6000,,coding
0,1800,,general
0,1800,,coding
0,2400,,coding
0,2400,,general
0,1800,,general
0,4200,,coding
0,3600,,general
0,1800,,reading
0,2400,,general
0,7200,,coding
172800,172800,5,research
0,2400,,general
0,6600,,coding
0,3000,,coding
0,1800,,general
0,5400,,coding
0,1800,,general
0,1800,,general
0,1800,,general
0,1800,,general
0,3000,,general
0,10800,,coding
0,1800,,coding
0,1800,,general
0,1800,,coding
0,1800,,general
0,2400,,general
0,600,,coding
0,2400,,general
0,3000,,general
0,10200,,general
0,11400,,general
0,1800,,coding
0,2400,,general
0,1800,,general
0,1800,,review
0,2400,,reading
0,4200,,general
0,1800,,coding
0,1800,,general
0,5400,,general
0,3000,,research
0,10200,,coding
172800,217800,5,research
0,12000,,general
0,2400,,general
0,1800,,general
0,2400,,general
0,1800,,coding
0,1800,,general
0,3600,,review
0,9000,,coding
0,1800,,general
0,10800,,coding
0,5400,,general
0,1800,,general
0,3000,,coding
0,1800,,research
0,1800,,general
0,46200,,writing
0,89400,,research
0,88200,,research
0,4200,,coding
0,1800,,coding
0,1800,,general
0,3600,,research
0,2400,,writing
0,2400,,general
0,1800,,review
129600,1800,5,writing
0,22200,,general
0,7200,,coding
0,7800,,coding
0,1800,,general
0,3000,,coding
0,10200,,coding
0,1800,,coding
0,3000,,general
0,10800,,review
0,600,,general
0,6000,,general
0,14400,,coding
0,3600,,general
0,7200,,coding
0,5400,,general
0,1800,,coding
0,600,,writing
0,1200,,general
0,6600,,reading
0,3600,,coding
0,1800,,coding
0,3000,,reading
0,2400,,review
0,2400,,review
0,4800,,general
0,4200,,research
0,8400,,general
0,7200,,coding
0,9600,,coding
0,3000,,coding
0,16200,,reading
0,10200,,general
0,3000,,general
0,4800,,reading
0,4800,,general
0,4800,,reading
0,1800,,general
0,2400,,general
0,14400,,problem solving
0,4200,,coding
0,3600,,writing
0,2400,,coding
0,1200,,general
0,3000,,coding
0,3000,,coding
0,4800,,review
0,1200,,general
0,2400,,review
0,1800,,coding
0,4200,,coding
0,13800,,review
0,6600,,general
0,3600,,coding
0,600,,coding
0,1200,,writing
0,1800,,coding
0,1200,,writing
0,1800,,writing
0,1200,,coding
0,1200,,research
0,1200,,writing
0,3600,,writing
0,1200,,coding
0,6000,,general
0,1200,,coding
0,1800,,coding
0,1200,,general
0,18000,,general
0,1200,,reading
900,27000,1,coding
0,10800,,writing
0,3000,,coding
0,11400,,coding
0,3000,,coding
0,1800,,review
0,7200,,writing
0,4800,,coding
0,1200,,coding
0,1200,,coding
0,6600,,coding
0,6000,,coding
0,3000,,general
0,1200,,coding
0,1200,,general
0,9600,,general
0,27600,,general
0,21000,,reading
0,19800,,coding
0,4800,,general
0,5400,,coding
0,5400,,coding
0,3600,,general
0,3600,,coding
0,6000,,coding
0,1200,,coding
0,2400,,general
0,1800,,writing
0,1800,,reading
0,3600,,coding
0,2400,,coding
0,14400,,coding
0,4200,,general
0,1200,,coding
0,28200,,coding
0,35400,,coding
0,37200,,general
0,21600,,general
0,24600,,general
0,32400,,general
0,50400,,general
0,15600,,general
0,15600,,coding
0,4200,,general
0,9600,,general
0,3000,,general
0,3000,,general
0,40800,,coding
0,1800,,general
0,11400,,general
0,2400,,general
0,3000,,general
0,3000,,problem solving
0,23400,,general
0,15600,,problem solving
0,20400,,general
0,17400,,general
0,5400,,general
0,7200,,general
0,5400,,coding
0,2400,,coding
0,1200,,general
0,6000,,general
0,1800,,problem solving
0,2400,,general
0,7800,,problem solving
0,2400,,general
0,17400,,general
0,29400,,writing
0,13200,,general
0,29400,,coding
0,4800,,coding
0,3600,,general
0,22200,,general
0,4200,,general
0,22200,,general
0,2400,,general
0,1200,,general
0,6600,,coding
0,1800,,general
0,3000,,coding
0,4800,,coding
0,15600,,general
0,12600,,general
0,1800,,general
0,6000,,general
0,1800,,general
0,1200,,general
0,1800,,general
0,1800,,general
0,40200,,general
0,4800,,general
0,4800,,general
0,9600,,coding
0,1800,,coding
0,110400,,general
0,14400,,general
0,3600,,coding
0,3000,,general
0,7800,,general
0,8400,,general
0,1800,,coding
0,3600,,general
0,4800,,general
0,3000,,general
0,4800,,general
0,3000,,general
0,1200,,reading
0,1800,,coding
0,1800,,reading
0,4800,,general
0,2400,,general
0,21600,,general
0,12600,,general
0,8400,,general
0,12000,,general
0,5400,,general
0,17400,,general
0,600,,general
0,10800,,coding
0,3000,,general
0,600,,coding
0,2400,,coding
0,14400,,general
0,47400,,general
0,3600,,coding
0,1200,,coding
0,3000,,coding
0,2400,,general
86400,1200,5,coding
0,20400,,coding
0,1200,,review
115200,36900,5,general
0,6000,,coding
0,4320,,coding
0,600,,coding
0,1200,,general
0,600,,general
0,600,,coding
0,1200,,coding
0,43200,,general
259200,43200,5,coding
0,1200,,coding
0,1800,,general
0,4800,,coding
0,2400,,coding
0,2400,,writing
0,1200,,general
0,7200,,general
0,1800,,general
0,1200,,reading
0,1800,,coding
0,24000,,reading
0,1200,,general
0,2400,,review
0,3000,,coding
0,1800,,coding
0,2400,,coding
0,1200,,general
0,2400,,coding
0,1200,,coding
0,2400,,general
0,1200,,general
0,1800,,general
0,3000,,general
0,3600,,general
0,2400,,general
0,7800,,general
0,1200,,coding
0,1200,,general
0,5400,,general
0,2400,,coding
0,1200,,coding
0,1200,,coding
0,1800,,reading
0,1200,,general
0,1200,,general
0,1800,,writing
0,6000,,general
0,1200,,general
0,1200,,coding
0,2400,,general
0,3600,,general
0,1800,,review
0,2400,,research
0,1200,,coding
0,3600,,general
0,9000,,general
0,2400,,general
0,2400,,writing
0,2400,,general
0,1200,,general
0,3600,,general
0,1800,,general
0,3000,,reading
0,8400,,general
0,1200,,coding
0,1200,,coding
0,1200,,coding
0,8400,,review
0,1200,,general
0,1800,,general
0,6600,,coding
0,3600,,general
0,1200,,general
0,1200,,coding
0,1200,,coding
0,3000,,general
0,1200,,coding
0,1200,,general
0,4800,,general
0,2400,,coding
0,4800,,writing
0,13200,,coding
0,3600,,general
0,1800,,general
0,1200,,reading
0,6600,,coding
0,2400,,coding
0,1200,,writing
0,4200,,reading
0,8400,,general
0,3600,,coding
0,3600,,general
0,3000,,general
0,12000,,coding
0,15000,,general
0,1200,,general
0,3000,,general
0,1200,,general
0,2400,,general
0,1200,,general
0,1200,,general
0,1800,,general
0,10200,,writing
0,2400,,writing
0,3000,,general
0,1200,,writing
0,1800,,general
0,4200,,general
0,1800,,coding
0,13800,,coding
0,1800,,reading
0,1200,,general
0,600,,coding
0,1200,,coding
0,1200,,coding
0,17400,,coding
0,1200,,general
0,1200,,general
0,1200,,general
0,1800,,general
0,1200,,general
0,1800,,review
0,15000,,research
0,3000,,general
0,1200,,coding
0,2400,,general
0,1200,,general
0,13200,,coding
0,3000,,research
0,5400,,coding
0,3000,,reading
0,2400,,reading
0,1200,,coding
0,15000,,general
0,3000,,general
0,12000,,general
0,4200,,general
0,1200,,general
0,3000,,general
0,1800,,coding
0,1200,,reading
0,8400,,review
0,1200,,general
0,2400,,coding
0,1200,,coding
0,1800,,general
0,5400,,general
0,2400,,general
0,1200,,general
0,1200,,reading
0,10800,,coding
0,2400,,review
0,3600,,coding
0,3600,,coding
0,7800,,coding
0,3000,,coding
0,6000,,general
0,10800,,general
0,3600,,general
0,2400,,reading
0,1200,,general
0,7200,,research
0,1200,,general
0,1200,,general
0,1200,,general
0,600,,coding
0,600,,coding
0,3600,,coding
0,1800,,general
3600,600,2,reading
0,600,,general
0,7800,,research
0,3000,,general
0,70800,,writing
0,7200,,general
0,14400,,general
0,19200,,writing
0,36600,,general
0,63000,,general
0,6600,,general
0,36000,,coding
0,8400,,coding
0,13200,,general
0,41400,,coding
0,4800,,coding
0,8400,,general
0,6000,,writing
0,3000,,coding
0,23400,,writing
0,27000,,general
0,10800,,reading
0,14400,,writing
0,27000,,reading
0,7800,,reading
0,11400,,general
0,66600,,coding
0,55800,,general
0,5400,,reading
0,17400,,writing
0,33000,,reading
0,17400,,review
0,26400,,coding
0,4200,,research
0,26400,,research
0,10800,,coding
0,10200,,general
0,3000,,general
0,20400,,general
0,31200,,general
0,15000,,general
0,29400,,writing
0,16200,,general
0,2400,,reading
0,4200,,coding
0,6000,,general
0,9600,,coding
0,17400,,writing
0,30600,,general
0,11400,,writing
0,9600,,writing
0,60000,,general
0,41400,,coding
0,16800,,reading
0,24000,,general
0,4200,,coding
0,62400,,coding
0,10800,,general
0,15000,,general
0,3600,,problem solving
0,10800,,general
0,17400,,general
0,10200,,general
0,12000,,general
0,14400,,general
0,33600,,writing
0,10800,,reading
0,15000,,general
0,3600,,general
0,9000,,coding
0,7800,,reading
0,83400,,research
0,24000,,general
0,12000,,general
0,3600,,general
0,3600,,general
0,12000,,coding
0,15600,,general
0,6000,,general
0,3000,,reading
0,13200,,general
0,18000,,general
0,79200,,coding
0,12600,,problem solving
0,3600,,general
0,20400,,reading
0,10800,,research
0,33000,,general
0,10200,,general
0,35400,,coding
0,10200,,general
0,12000,,general
0,12600,,general
0,9000,,research
0,13200,,general
0,6600,,general
0,62400,,general
0,9600,,general
0,13800,,coding
0,8400,,writing
0,23400,,general
0,15600,,coding
0,10200,,reading
0,7200,,coding
0,13200,,coding
0,42600,,coding
0,15600,,general
0,10200,,general
0,28200,,coding
0,11400,,reading
0,4200,,coding
0,1200,,coding
0,1200,,coding
0,3000,,review
0,1200,,coding
0,3000,,general
0,9600,,general
0,18000,,general
0,9000,,general
0,21000,,general
0,37200,,coding
0,3000,,general
0,4200,,coding
0,9000,,general
0,1800,,general
0,6600,,coding
0,132000,,review
0,3000,,coding
0,3000,,coding
0,2400,,general
0,15600,,coding
0,3600,,coding
0,3000,,general
0,12600,,general
0,22200,,reading
0,4200,,general
0,6000,,general
0,4800,,general
0,17400,,coding
0,2400,,general
0,1800,,general
0,5400,,general
0,10200,,coding
0,4200,,coding
0,1200,,coding
0,35400,,general
0,9000,,review
0,9600,,coding
0,52200,,general
0,4800,,general
0,6600,,general
0,8400,,general
0,2400,,general
0,9600,,general
0,11400,,writing
0,1800,,general
0,7200,,general
0,3000,,general
0,1800,,coding
0,10200,,general
0,4800,,coding
0,2400,,coding
0,3600,,general
0,3000,,research
0,5400,,general
0,9600,,coding
0,600,,review
0,17400,,general
0,69600,,coding
0,4800,,general
0,2400,,general
0,9000,,writing
0,12000,,writing
0,1800,,coding
0,25200,,general
0,10800,,general
0,6000,,general
0,3000,,review
0,30600,,writing
0,13800,,coding
0,58800,,general
0,36600,,general
0,6000,,review
0,4200,,coding
0,7200,,general
0,7800,,general
0,20400,,general
0,2400,,general
0,6000,,coding
0,16800,,coding
0,6600,,coding
0,26400,,general
0,1800,,general
0,4200,,coding
0,7200,,general
0,4200,,general
0,12000,,general
0,6000,,general
0,8400,,general
0,18000,,general
0,58200,,general
0,4200,,general
0,3600,,general
0,35400,,general
0,1800,,general
0,3000,,general
0,24600,,general
0,10800,,general
0,7800,,general
0,17400,,coding
0,39000,,general
0,8400,,coding
0,3600,,general
0,4800,,coding
0,4200,,coding
0,3600,,general
0,1200,,writing
0,13800,,coding
0,120000,,coding
0,2400,,general
0,73800,,coding
0,19200,,writing
0,4200,,reading
0,13200,,coding
0,31200,,general
0,13200,,coding
0,5400,,writing
0,3000,,general
0,6600,,general
0,37800,,general
0,1200,,coding
0,46200,,general
0,4800,,writing
0,7800,,writing
0,4200,,coding
0,5400,,coding
0,14400,,general
0,3000,,general
0,38400,,general
86400,5400,5,coding
0,4200,,review
0,129000,,general
0,18000,,general
0,3600,,general
0,3000,,general
0,3000,,general
0,1800,,general
0,13800,,coding
0,1200,,coding
0,2400,,general
0,6600,,general
0,1200,,general
0,1800,,reading
0,1800,,coding
0,3600,,general
0,1200,,general
0,3000,,general
0,7200,,general
0,25200,,coding
0,5400,,general
0,2400,,general
0,1200,,coding
0,3600,,general
3600,7200,2,coding
0,6600,,coding
0,2400,,general
0,1200,,review
0,4800,,coding
0,1800,,coding
0,3000,,general
0,1200,,writing
0,4200,,reading
0,7800,,coding
0,1200,,general
0,11400,,coding
0,6600,,general
0,3600,,coding
0,3600,,general
0,600,,coding
0,3600,,coding
0,6000,,coding
0,1800,,general
0,15600,,coding
0,600,,writing
0,600,,review
0,15600,,coding
0,3000,,coding
0,9600,,general
0,27000,,coding
0,6600,,coding
0,3000,,coding
0,1800,,general
0,600,,reading
0,18000,,coding
0,1200,,general
0,4200,,coding
0,4200,,coding
0,3600,,coding
0,14400,,general
0,61200,,general
0,2400,,coding
0,5400,,coding
0,1800,,general
0,1800,,general
0,4800,,coding
0,3600,,writing
0,3600,,writing
0,1200,,coding
0,1200,,coding
0,1800,,general
0,600,,general
0,2400,,general
0,11400,,general
0,1800,,general
0,3600,,reading
0,9000,,coding
0,1800,,reading
0,1800,,general
0,1800,,general
0,5400,,general
0,3000,,general
0,3000,,general
0,1800,,coding
0,1800,,general
0,1800,,coding
0,5400,,general
0,3000,,coding
0,1800,,general
0,3000,,general
0,1800,,coding
0,1800,,review
0,1800,,general
0,6600,,coding
0,1800,,general
0,1800,,general
0,3000,,general
0,7200,,coding
0,2400,,general
0,2400,,review
0,3000,,coding
0,3000,,problem solving
0,3000,,general
0,1800,,general
0,4800,,general
0,1800,,general
0,1800,,coding
0,1800,,research
0,2400,,general
0,6000,,coding
0,1800,,writing
0,1800,,research
0,1800,,general
0,3000,,general
0,6000,,general
0,3000,,coding
0,6600,,general
172800,3000,5,research
0,3000,,general
0,7200,,general
0,6000,,review
0,3000,,general
0,1800,,review
0,1800,,coding
0,3600,,general
0,1800,,general
0,4800,,general
0,1800,,research
0,1800,,general
0,2400,,reading
0,2400,,general
0,1800,,general
0,1800,,general
0,2400,,general
0,2400,,general
432000,131400,5,research
0,9600,,general
0,1800,,reading
0,1800,,general
0,1800,,general
0,1800,,coding
0,5400,,general
0,3000,,general
0,1800,,research
0,1800,,general
172800,88200,5,research
0,1800,,general
0,6000,,general
0,1800,,general
0,1800,,general
0,7200,,coding
0,1800,,general
0,5400,,coding
0,1800,,coding
0,3000,,coding
0,1800,,general
0,1800,,coding
0,1800,,general
0,2400,,coding
0,1200,,coding
0,3600,,general
0,9600,,general
0,5400,,coding
0,1800,,general
0,1800,,reading
0,1800,,general
0,600,,coding
0,600,,general
0,2400,,general
0,1800,,general
0,1800,,general
0,1800,,coding
0,2400,,coding
0,3000,,reading
0,1800,,general
0,1800,,general
0,1800,,general
0,2400,,general
0,1800,,general
0,11400,,general
0,1800,,coding
172800,3000,5,research
0,3600,,coding
0,1800,,general
0,1200,,coding
0,1800,,general
0,3600,,coding
0,4200,,review
0,1800,,general
0,5400,,reading
0,3600,,coding
0,3000,,general
0,1800,,general
3600,1800,2,research
0,1800,,general
0,1800,,general
0,1800,,general
0,1800,,general
0,1800,,general
0,1800,,general
0,1800,,general
0,1800,,general
0,17400,,review
0,2400,,research
0,2400,,coding
0,1800,,coding
0,1800,,general
0,1800,,coding
0,3000,,coding
0,1800,,general
0,3000,,general
0,7200,,general
0,23400,,coding
0,1800,,general
0,6600,,coding
0,2400,,reading
0,3600,,general
0,3600,,general
0,4800,,review
0,3000,,general
0,6000,,general
86400,91200,5,research
0,15600,,general
7200,13200,3,research
259200,6600,5,research
0,4200,,review
0,1800,,general
0,7200,,coding
0,4800,,general
0,4200,,general
0,16800,,coding
0,4200,,general
0,6000,,general
0,1800,,general
0,1800,,general
0,2400,,general
0,4800,,research
0,7200,,reading
0,2400,,general
0,1800,,coding
0,5400,,problem solving
0,3600,,coding
0,1800,,research
0,4200,,research
0,2400,,coding
0,4200,,general
10800,13200,3,general
0,9000,,general
0,3000,,general
0,1800,,general
0,4800,,general
0,1800,,review
0,1800,,general
0,1800,,general
0,5400,,reading
0,2400,,general
0,2400,,general
0,1800,,general
0,4800,,general
0,4200,,general
0,1800,,coding
0,1800,,review
0,2400,,general
0,1800,,general
0,9000,,general
0,2400,,writing
0,2400,,writing
0,1800,,general
0,2400,,general
0,3000,,coding
0,1800,,coding
0,1800,,coding
0,3600,,coding
0,3600,,general
0,1800,,coding
0,3600,,coding
0,9000,,review
0,2400,,general
0,5400,,coding
0,1800,,writing
0,7200,,general
0,4800,,general
0,1800,,coding
0,7800,,general
0,3000,,research
0,5400,,general
0,1800,,general
0,4200,,general
0,1800,,general
0,2400,,general
0,2400,,reading
0,2400,,coding
0,7200,,coding
0,7800,,general
0,1800,,general
0,4200,,coding
0,5400,,coding
0,2400,,general
0,9600,,coding
0,3000,,general
0,1800,,coding
0,2400,,coding
0,4200,,general
0,4200,,writing
0,5400,,reading
0,7800,,coding
0,1800,,research
0,10800,,coding
0,3000,,general
0,1800,,general
0,4200,,problem solving
0,3600,,general
0,4200,,writing
0,1800,,coding
0,1800,,review
0,1800,,reading
0,10200,,review
0,6000,,general
0,3600,,coding
0,4800,,review
0,6000,,coding
0,24000,,general
0,12000,,coding
0,3000,,review
0,1200,,general
0,2400,,review
0,5400,,coding
0,2400,,general
0,1200,,coding
0,3000,,general
0,10200,,reading
0,1800,,general
0,1800,,coding
0,4800,,research
0,4200,,coding
0,1800,,general
0,3000,,general
0,6600,,general
0,4800,,coding
0,5400,,general
0,2400,,general
0,4200,,coding
14400,7200,4,coding
0,4800,,review
0,6600,,reading
0,2400,,general
0,6000,,general
0,3000,,general
0,3000,,general
0,3000,,general
0,3000,,coding
0,13200,,general
0,2400,,coding
0,4200,,research
0,9000,,general
172800,18600,5,research
0,3600,,general
0,2400,,general
0,3000,,general
0,6600,,general
0,9000,,coding
0,6000,,coding
0,1800,,general
0,7800,,review
0,6000,,coding
0,7800,,coding
0,4200,,general
0,2400,,writing
0,4200,,general
0,6000,,reading
0,2400,,writing
0,7200,,coding
0,6600,,coding
0,12000,,coding
0,4800,,coding
0,2400,,general
0,3000,,general
0,3000,,coding
0,2400,,general
0,2400,,general
0,1800,,general
0,3600,,general
0,1800,,general
0,4200,,coding
0,10200,,coding
0,4200,,reading
0,12000,,coding
0,3600,,general
0,3600,,review
0,6000,,general
0,1800,,general
0,1200,,research
0,1800,,general
0,600,,general
0,600,,general
14400,600,4,general
0,1200,,coding
0,4200,,general
0,2400,,general
0,1800,,general
0,13800,,coding
0,3600,,coding
0,8400,,general
0,3000,,general
0,16200,,coding
0,10800,,coding
0,1200,,coding
0,2400,,general
0,1800,,coding
0,1200,,problem solving
0,1800,,writing
0,15600,,coding
0,3000,,coding
0,1800,,coding
0,1200,,coding
0,3600,,general
0,1200,,general
0,3000,,general
0,2400,,general
0,3000,,general
0,3000,,general
0,3000,,general
0,14400,,reading
0,3000,,general
0,2400,,coding
0,3600,,coding
0,2400,,general
0,600,,coding
0,3600,,reading
0,2400,,reading
0,4800,,coding
0,1200,,general
0,2400,,review
0,6600,,coding
0,6000,,coding
0,11400,,writing
0,9600,,writing
0,10800,,coding
0,3600,,coding
0,1200,,general
0,3000,,coding
0,3000,,general
0,1200,,coding
0,1200,,general
0,2400,,coding
0,9000,,general
0,4800,,general
604800,7200,5,coding
0,600,,coding
0,1800,,general
0,600,,general
0,10800,,general
0,8400,,coding
0,10200,,reading
0,9000,,research
0,1200,,coding
0,1800,,general
0,25200,,coding
0,6000,,general
0,25200,,general
0,3000,,reading
0,10200,,coding
0,1800,,coding
0,1200,,coding
0,9600,,coding
0,1200,,coding
0,9000,,general
0,15000,,writing
0,6600,,coding
0,5400,,coding
0,1800,,coding
0,6000,,coding
0,3600,,coding
0,1200,,coding
0,1800,,reading
0,600,,coding
0,1200,,coding
0,39600,,general
0,36000,,coding
0,18600,,general
0,4800,,general
0,10800,,general
0,23400,,writing
0,6600,,general
0,6000,,general
0,600,,coding
0,3600,,general
0,1200,,general
0,44400,,general
0,600,,general
0,6000,,general
0,19200,,coding
0,12600,,general
0,600,,general
0,12000,,coding
0,35400,,general
0,26400,,coding
0,3000,,general
0,600,,writing
0,15600,,general
0,2400,,general
0,3600,,writing
0,3000,,general
0,19200,,general
0,600,,writing
0,1200,,coding
0,31200,,review
0,600,,general
0,1800,,coding
0,1800,,general
0,1800,,coding
0,1800,,coding
0,6600,,coding
0,1200,,general
0,1200,,coding
0,2400,,coding
0,4800,,problem solving
0,4200,,coding
0,1200,,coding
0,2400,,general
0,1200,,general
0,1200,,general
0,4800,,writing
0,1200,,coding
0,3000,,writing
0,22200,,general
0,2400,,general
0,3600,,writing
0,1200,,coding
0,3600,,general
0,1200,,general
0,1200,,reading
0,1200,,coding
0,600,,reading
0,2400,,coding
0,1200,,general
0,3600,,writing
0,1200,,general
0,3000,,general
0,1200,,coding
0,1200,,review
0,2400,,writing
0,2400,,coding
0,1200,,general
0,9000,,coding
0,1800,,coding
0,1200,,general
0,4800,,general
0,4200,,general
0,1800,,coding
0,1200,,writing
0,1200,,general
0,3600,,coding
0,2400,,reading
0,2400,,general
0,1200,,general
0,1800,,general
0,1200,,general
0,1200,,problem solving
0,1800,,writing
0,1200,,writing
0,1200,,coding
0,6000,,coding
0,1200,,general
0,2400,,coding
0,1200,,reading
0,1200,,general
0,1800,,general
0,11400,,coding
0,1200,,general
0,7800,,general
0,3600,,general
0,2400,,review
0,1200,,coding
0,1200,,general
0,2400,,general
0,1200,,general
0,2400,,general
0,1200,,reading
0,3000,,coding
0,2400,,general
0,2400,,general
0,4800,,coding
0,12000,,coding
0,1800,,reading
0,3000,,reading
0,10800,,general
0,7800,,general
0,1200,,coding
0,2400,,coding
0,1200,,coding
0,1200,,general
0,1200,,general
0,1800,,general
0,1200,,general
0,1800,,general
0,4800,,coding
0,1800,,coding
0,1800,,general
0,6000,,coding
0,6000,,coding
0,1200,,coding
0,8400,,general
0,1800,,coding
0,1800,,coding
0,1200,,general
0,10200,,reading
0,1200,,general
0,1200,,coding
0,1200,,general
0,1200,,coding
0,1200,,general
0,1200,,coding
0,1800,,coding
0,1200,,general
0,5400,,coding
0,4800,,coding
0,1200,,coding
0,1200,,general
0,1200,,general
0,3000,,coding
0,2400,,coding
0,1200,,coding
0,1200,,general
0,1800,,reading
0,3000,,coding
0,1200,,general
0,4800,,coding
0,1200,,general
0,1800,,general
0,4800,,general
0,27000,,coding
0,6000,,coding
0,2400,,reading
0,1200,,coding
0,3600,,general
0,2400,,general
0,3000,,review
0,1200,,general
0,1200,,coding
0,1200,,coding
0,3000,,general
0,1800,,coding
0,2400,,coding
0,3000,,reading
0,1200,,writing
0,3000,,general
0,4200,,coding
0,3000,,general
0,8400,,coding
0,3600,,coding
0,1200,,coding
0,19200,,reading
0,13200,,coding
0,1800,,general
0,1200,,general
0,1200,,coding
0,3600,,general
0,1200,,coding
0,1200,,coding
0,4200,,coding
0,1200,,problem solving
0,7800,,coding
0,4200,,general
0,3600,,general
0,1800,,coding
0,1200,,general
0,2400,,general
0,1200,,writing
0,1800,,coding
0,22800,,coding
0,2400,,general
0,17400,,general
0,1200,,general
0,1200,,writing
0,1200,,general
0,3000,,coding
0,3000,,coding
0,1200,,coding
0,1200,,coding
0,4200,,coding
0,2400,,general
0,7200,,reading
0,1200,,coding
0,1200,,coding
0,1200,,general
0,2400,,problem solving
0,3600,,reading
0,2400,,coding
0,9000,,reading
0,3000,,general
0,1800,,general
0,4200,,general
0,4200,,reading
0,3000,,general
0,1200,,coding
0,3000,,coding
0,7800,,reading
0,1200,,coding
0,1800,,review
0,1200,,general
0,3000,,coding
0,6000,,coding
0,3600,,problem solving
0,1200,,coding
0,1200,,general
0,1200,,coding
0,600,,coding
0,2400,,coding
0,1200,,coding
0,1200,,coding
0,1200,,coding
0,1200,,coding
0,600,,coding
0,1200,,coding
0,7200,,coding
0,2400,,coding
0,1200,,coding
0,4200,,coding
0,600,,coding
0,1800,,coding
0,1200,,coding
0,1200,,coding
0,7200,,coding
0,7200,,coding
0,1200,,general
0,1200,,general
0,1200,,review
0,1200,,coding
0,1200,,general
0,1200,,general
0,1200,,general
0,1200,,coding
0,1200,,general
0,2400,,coding
0,4800,,writing
0,2400,,general
0,600,,coding
0,600,,coding
0,1200,,coding
0,600,,reading
0,3000,,review
0,600,,coding
0,1200,,review
0,25200,,coding
0,3600,,general
0,18000,,coding
0,10800,,general
0,57000,,general
0,3600,,general
0,48000,,general
0,60600,,coding
0,21000,,reading
0,14400,,general
0,36000,,general
0,4800,,general
0,3000,,writing
0,12600,,writing
0,16200,,coding
0,9600,,general
0,15000,,writing
0,7800,,reading
0,9600,,writing
0,12000,,general
0,37200,,writing
0,5400,,general
0,22200,,coding
0,1200,,reading
0,27000,,general
0,3600,,general
0,3600,,coding
0,10200,,problem solving
0,3000,,coding
0,86400,,general
0,20400,,general
0,3600,,coding
0,31800,,general
0,4200,,general
0,6000,,general
0,10800,,review
0,1800,,general
0,9000,,general
0,4800,,coding
0,6000,,general
0,4200,,general
0,4800,,general
0,5400,,general
0,9000,,review
0,15600,,general
0,7800,,general
0,8400,,general
0,64800,,coding
0,11400,,reading
0,8400,,general
0,13200,,coding
0,9000,,coding
0,12600,,writing
0,21000,,general
0,6600,,general
0,27000,,general
0,76800,,general
0,3600,,reading
0,15000,,general
0,6600,,coding
0,11400,,general
0,8400,,general
0,9600,,general
0,9600,,general
0,23400,,general
0,15600,,general
0,18000,,general
0,15600,,general
0,11400,,coding
0,11400,,general
0,12000,,writing
0,36000,,general
0,600,,writing
0,4800,,coding
0,3600,,writing
0,6600,,reading
0,16200,,general
0,8400,,coding
0,22200,,writing
0,5400,,writing
0,6600,,review
0,6600,,writing
0,6000,,general
0,12000,,coding
0,7800,,coding
0,18600,,research
0,26400,,general
0,3600,,writing
0,4200,,writing
0,7200,,writing
0,6000,,writing
0,4200,,general
0,18000,,coding
0,27000,,general
0,3600,,writing
0,4800,,general
0,16200,,writing
0,3600,,reading
0,3600,,writing
0,3600,,general
0,6000,,general
0,2400,,coding
0,25200,,writing
0,1200,,general
0,6600,,general
0,1200,,general
0,3600,,coding
0,8400,,coding
0,4800,,problem solving
0,70800,,coding
0,6000,,review
0,12000,,coding
0,1800,,coding
0,10200,,general
0,1800,,review
0,6600,,general
0,9600,,coding
0,9600,,general
0,7200,,coding
0,4800,,general
0,7200,,general
0,28200,,writing
0,3000,,coding
0,7800,,general
0,1200,,general
0,1800,,coding
0,73800,,general
0,6600,,coding
0,10800,,coding
0,3600,,coding
0,2400,,coding
0,8400,,general
0,40200,,general
0,5400,,general
0,13200,,reading
0,1800,,coding
0,2400,,coding
0,4800,,general
0,16800,,general
0,4800,,general
0,5400,,coding
0,2400,,writing
0,2400,,coding
0,2400,,reading
0,3000,,coding
0,2400,,coding
0,4800,,general
0,1800,,general
0,4800,,general
0,16200,,general
0,18000,,coding
0,21600,,general
0,7200,,general
0,6600,,coding
0,61800,,coding
120,1200,1,general
0,4800,,general
0,6600,,general
0,6000,,coding
7200,1800,3,coding
0,4200,,reading
0,7800,,coding
0,12000,,coding
0,10800,,writing
0,38400,,general
0,31800,,coding
0,3000,,coding
0,53400,,general
0,4200,,general
0,29400,,writing
0,3000,,general
0,2400,,coding
0,16200,,general
0,4200,,general
0,1200,,review
0,2400,,reading
0,7200,,research
0,14400,,writing
0,12600,,coding
0,21000,,coding
0,12600,,coding
0,21600,,writing
0,10800,,general
0,3600,,coding
0,16200,,coding
0,8400,,coding
0,1800,,general
0,11400,,general
0,9600,,reading
0,7200,,general
0,3600,,coding
0,3000,,writing
0,15000,,coding
0,6600,,general
0,13800,,coding
0,43800,,general
0,3000,,coding
0,8400,,coding
0,9000,,coding
0,2400,,general
0,3600,,general
0,13800,,general
0,6000,,general
0,3000,,general
0,6000,,general
0,2400,,writing
0,2400,,general
0,4800,,general
0,9600,,coding
0,1800,,general
0,4200,,general
0,2400,,general
0,8400,,coding
600,7200,1,writing
0,6000,,general
0,2400,,general
0,9600,,general
0,2400,,coding
0,1800,,problem solving
0,10200,,coding
0,8400,,general
0,33000,,general
0,600,,coding
0,36000,,coding
0,10200,,coding
0,11400,,writing
0,3600,,writing
0,4800,,coding
0,16800,,coding
0,4200,,coding
0,1800,,general
0,3000,,general
0,25200,,coding
0,1800,,general
0,5400,,coding
0,3600,,coding
0,1200,,general
0,1200,,coding
0,3600,,general
0,10200,,general
0,600,,coding
7200,1200,3,general
0,22200,,coding
0,6600,,problem solving
0,42000,,coding
0,600,,general
0,1200,,coding
0,4800,,coding
0,3600,,general
0,4800,,general
0,1800,,general
0,3000,,coding
0,2400,,general
0,1800,,general
0,1800,,general
0,2400,,general
0,3600,,general
0,1800,,coding
0,2400,,general
0,6000,,coding
0,3600,,coding
0,10800,,general
0,7200,,reading
0,6600,,general
0,7800,,general
0,1800,,coding
0,3000,,general
0,5400,,coding
0,3000,,general
0,2400,,general
0,5400,,general
0,1200,,research
0,9600,,coding
0,10800,,coding
0,1800,,coding
0,1800,,general
0,6600,,coding
0,5400,,review
0,1800,,general
0,9000,,general
0,7200,,reading
0,4200,,general
0,5400,,reading
0,1800,,coding
0,10200,,coding
0,2400,,coding
0,1800,,general
0,15600,,writing
0,3600,,general
0,3000,,writing
432000,780600,5,general
0,4800,,coding
0,4200,,general
0,1200,,general
0,1800,,coding
0,7800,,general
0,6000,,general
0,3600,,coding
0,3600,,general
0,6600,,general
0,1200,,general
0,600,,coding
0,1200,,review
0,3600,,coding
0,1800,,general
0,3000,,general
0,3600,,review
0,1800,,general
0,3000,,general
0,1800,,research
0,1800,,coding
0,3600,,coding
0,6600,,general
0,1800,,general
0,1800,,general
0,12000,,general
0,2400,,general
0,9600,,general
0,5400,,general
0,3000,,coding
0,2400,,coding
0,4800,,general
0,3600,,general
0,1200,,coding
0,1800,,review
0,1800,,general
0,2400,,coding
0,1800,,reading
0,6600,,coding
0,9000,,coding
0,4800,,coding
0,1800,,general
0,4800,,general
0,11400,,general
0,4200,,general
0,1800,,coding
0,9600,,general
0,3600,,coding
0,3600,,general
0,2400,,coding
0,1800,,coding
0,2400,,general
0,1200,,general
0,1800,,coding
0,1800,,general
0,1800,,general
0,2400,,general
0,1800,,coding
0,3600,,coding
0,1800,,general
0,1800,,general
0,1800,,general
0,1800,,general
0,5400,,general
0,1800,,general
0,1800,,coding
0,1800,,coding
0,5400,,general
0,1800,,general
0,10200,,research
0,3600,,coding
0,4800,,coding
0,1800,,review
0,1800,,general
0,3600,,coding
0,4800,,coding
0,9600,,general
0,2400,,coding
0,4200,,general
0,5400,,general
0,13800,,coding
0,3600,,coding
0,1800,,coding
0,1800,,coding
0,600,,general
0,42000,,coding
0,6600,,coding
0,4200,,general
0,3600,,general
0,4800,,general
0,3600,,general
0,1800,,general
0,1800,,coding
0,2400,,writing
0,6000,,coding
0,3000,,general
0,10200,,coding
0,15000,,coding
0,1800,,coding
0,3600,,coding
0,4800,,coding
0,3000,,coding
0,6600,,writing
0,2400,,general
0,3600,,general
0,3600,,general
0,13800,,general
0,3000,,research
0,1800,,general
0,1800,,research
0,1800,,coding
0,6000,,general
0,3000,,general
0,4800,,general
0,1800,,general
0,1800,,general
0,2400,,general
0,1800,,general
0,1800,,coding
0,11400,,coding
0,3600,,general
0,4800,,research
0,4200,,coding
0,1800,,review
0,6000,,general
0,8400,,coding
0,1800,,general
0,5400,,general
0,3000,,general
0,2400,,general
0,2400,,coding
0,2400,,general
0,7200,,general
0,2400,,general
0,4200,,general
0,1800,,writing
0,18000,,coding
0,4200,,general
0,3600,,coding
0,4800,,review
0,4800,,general
0,6000,,general
0,2400,,general
0,2400,,general
0,3000,,general
0,7200,,general
0,13800,,general
0,1800,,general
0,6600,,research
0,6000,,coding
0,4800,,general
0,1800,,reading
0,1800,,general
0,3000,,research
0,3000,,general
0,5400,,general
0,3600,,coding
0,4200,,general
0,1800,,general
0,1800,,general
0,1800,,review
0,1800,,coding
0,3600,,coding
0,3600,,writing
0,3000,,coding
604800,1800,5,coding
0,1800,,coding
0,1800,,coding
0,9000,,coding
0,1800,,general
0,6000,,general
0,3000,,general
0,3000,,coding
0,3600,,general
0,1800,,coding
0,2400,,writing
0,1800,,coding
0,2400,,general
0,3000,,coding
0,1800,,coding
0,4200,,general
0,2400,,coding
0,21000,,general
0,1800,,coding
0,9600,,general
0,1200,,general
0,3600,,coding
0,11400,,general
0,9600,,coding
0,3600,,coding
0,5400,,general
0,3600,,general
0,4200,,coding
0,3600,,coding
0,2400,,review
0,1800,,general
0,6000,,general
0,4800,,general
0,4800,,coding
0,1800,,research
0,6600,,general
0,3000,,coding
0,3000,,coding
0,3000,,general
0,600,,coding
0,1800,,coding
0,3000,,general
0,2400,,review
86400,1800,5,coding
0,1800,,research
0,3600,,coding
0,3000,,coding
0,5400,,research
0,10800,,writing
0,3600,,general
86400,1800,5,research
0,1800,,review
0,3000,,general
0,2400,,general
0,9000,,research
0,9000,,coding
0,6600,,general
0,8400,,general
0,3600,,coding
0,19800,,general
0,9000,,coding
0,28200,,coding
0,10800,,coding
0,4800,,research
0,3000,,general
0,1800,,general
0,8400,,general
0,4200,,coding
0,3000,,research
0,1800,,general
0,6000,,coding
0,1200,,coding
0,3600,,general
0,10800,,general
0,1800,,general
0,4800,,general
0,2400,,general
0,1800,,general
0,1800,,review
0,3600,,general
0,15000,,coding
0,3600,,research
0,1800,,general
0,1800,,coding
0,14400,,problem solving
0,1800,,general
0,2400,,research
0,7200,,coding
0,2400,,coding
0,1800,,review
0,5400,,reading
0,3600,,general
0,23400,,coding
0,3600,,research
0,2400,,coding
0,3600,,coding
0,4200,,coding
0,4800,,research
0,2400,,general
0,2400,,general
0,1800,,coding
0,9600,,general
0,1800,,writing
0,11400,,coding
0,6000,,coding
0,4200,,general
0,1200,,general
0,1200,,general
0,10200,,coding
0,600,,general
0,1800,,reading
0,21000,,general
0,3000,,general
0,2400,,coding
0,2400,,review
0,4800,,coding
0,600,,writing
0,21000,,coding
0,4200,,writing
0,7200,,writing
0,1200,,general
0,1800,,general
0,2400,,general
0,3600,,general
0,2400,,coding
0,6000,,coding
0,2400,,coding
0,1800,,coding
0,1200,,coding
0,3600,,coding
0,7200,,coding
0,3000,,general
0,11400,,review
0,4800,,review
0,1200,,coding
0,1200,,reading
0,1200,,general
0,1200,,coding
0,1200,,coding
0,1200,,coding
0,4200,,coding
0,11400,,general
0,2400,,general
0,3000,,review
0,1200,,coding
0,16800,,general
0,19800,,review
0,12000,,coding
0,1800,,general
0,4200,,coding
0,3600,,coding
0,3000,,writing
0,3000,,coding
0,5400,,general
0,2400,,writing
0,9000,,general
0,12000,,general
0,18600,,coding
0,4200,,general
0,1800,,reading
0,22200,,general
0,3600,,reading
0,7800,,coding
0,6000,,general
0,2400,,coding
0,4200,,coding
0,1200,,review
0,16200,,coding
0,4800,,coding
0,7200,,coding
0,21000,,general
0,10800,,coding
86400,4200,5,general
0,5400,,coding
0,18600,,coding
0,4200,,coding
0,4200,,coding
0,9600,,coding
0,4800,,coding
0,9600,,coding
0,4800,,review
0,1200,,general
0,38400,,general
0,1800,,general
0,5400,,general
0,18600,,coding
0,19800,,general
0,12000,,general
0,3600,,coding
0,3000,,coding
0,1200,,general
0,3000,,general
0,12000,,coding
0,4800,,reading
0,15600,,reading
0,3600,,general
0,18000,,review
0,3000,,coding
0,3000,,coding
0,67200,,coding
0,8400,,coding
0,1200,,general
0,1800,,coding
0,1800,,general
0,4200,,coding
0,14400,,coding
0,9600,,general
0,1800,,coding
0,5400,,coding
0,2400,,coding
0,1200,,general
0,3600,,coding
0,12600,,coding
0,11400,,coding
0,4200,,reading
0,1200,,coding
0,6000,,general
0,4200,,coding
0,1200,,coding
0,3000,,coding
0,3000,,general
0,4800,,problem solving
0,1200,,coding
0,1200,,general
0,1800,,general
0,15000,,coding
0,1800,,coding
0,4200,,research
0,1200,,coding
0,2400,,general
0,10200,,coding
0,1800,,general
0,4200,,general
0,7200,,general
0,13200,,coding
0,2400,,coding
0,4200,,general
0,3600,,coding
0,6000,,general
0,4200,,general
0,11400,,coding
0,25800,,coding
0,7200,,general
0,1200,,coding
0,10200,,general
0,1200,,general
0,600,,coding
0,600,,general
0,1800,,general
0,600,,coding
0,259200,,general
259200,86400,5,coding
86400,86400,5,coding
14400,46800,4,coding
86400,172800,5,coding
259200,172800,5,general
0,600,,review
7200,7200,3,general
900,7200,1,coding
0,1800,,coding
0,3000,,coding
0,259200,,general
0,3000,,writing
0,600,,coding
0,3600,,coding
0,3000,,general
0,9000,,coding
0,1200,,coding
0,4800,,coding
0,3000,,coding
0,5400,,general
0,9600,,general
0,1200,,problem solving
0,1800,,problem solving
0,2400,,general
0,1200,,general
0,2400,,general
0,2400,,coding
0,4200,,coding
0,600,,general
0,31200,,coding
0,5400,,coding
0,1200,,general
0,5400,,general
0,18000,,general
0,1200,,coding
0,4200,,coding
0,2400,,coding
0,1800,,coding
0,24600,,coding
0,2400,,coding
0,1200,,coding
0,5400,,coding
0,1800,,coding
0,1800,,coding
0,1200,,coding
0,3600,,coding
0,1800,,coding
0,1800,,general
0,1800,,coding
0,1800,,coding
0,1800,,coding
0,8400,,coding
0,3000,,general
0,1200,,coding
0,12600,,general
0,3000,,coding
0,6000,,general
0,9000,,general
0,1800,,coding
0,1200,,writing
0,3000,,coding
0,600,,general
0,1200,,writing
0,1200,,coding
0,1200,,coding
0,2400,,coding
0,1200,,coding
0,7200,,coding
0,3000,,coding
0,8400,,problem solving
0,19200,,reading
0,600,,coding
0,13200,,coding
0,3600,,general
0,600,,general
0,1200,,general
0,1200,,general
0,1200,,writing
0,1200,,general
0,1200,,general
0,1200,,general
0,1200,,reading
0,1200,,coding
0,1200,,review
0,1200,,reading
0,3600,,general
0,600,,general
0,1200,,coding
0,600,,general
0,1800,,coding
0,600,,general
0,600,,writing
0,1200,,coding
0,1200,,general
0,10200,,general
0,1200,,review
28800,33840,5,general
0,1200,,coding
0,4200,,coding
0,1800,,coding
0,4200,,problem solving
0,2400,,general
0,3000,,coding
0,3000,,writing
0,3000,,general
0,1200,,general
0,1200,,general
0,1200,,general
0,1200,,general
0,1200,,reading
0,3600,,coding
0,1200,,coding
0,14400,,coding
0,5400,,general
0,1200,,general
0,1800,,problem solving
0,5400,,general
0,6000,,coding
0,2400,,general
0,1200,,general
0,4800,,general
0,5400,,general
0,3600,,coding
0,3600,,reading
0,1200,,general
0,1200,,coding
0,1800,,coding
0,1200,,coding
0,7200,,coding
0,14400,,coding
0,1800,,general
0,4800,,general
0,3000,,coding
0,1200,,coding
0,1800,,general
0,6000,,coding
0,6000,,coding
0,16200,,coding
0,3000,,coding
0,1800,,general
0,3000,,general
0,7200,,general
0,4800,,general
0,6000,,coding
0,2400,,coding
0,3000,,general
0,5400,,general
0,1200,,coding
0,2400,,research
0,2400,,coding
0,5400,,general
0,1800,,reading
0,600,,coding
0,1800,,reading
0,2400,,general
0,1200,,general
0,6000,,general
0,11400,,general
0,4800,,general
0,9000,,general
0,9000,,general
0,31800,,coding
0,1200,,general
0,1800,,coding
0,1200,,coding
0,2400,,coding
0,8400,,general
0,7200,,coding
0,1800,,coding
0,600,,general
0,7800,,general
0,4200,,reading
0,4800,,reading
0,1200,,general
0,5400,,coding
0,2400,,coding
0,1200,,general
0,1800,,coding
0,600,,general
0,9600,,general
0,600,,research
0,600,,coding
0,1800,,general
0,1200,,general
0,19200,,coding
0,6000,,general
0,1200,,coding
0,1200,,general
0,1200,,general
0,600,,reading
0,600,,review
0,2400,,review
0,1200,,general
0,2400,,coding
0,1800,,general
0,5400,,writing
0,1800,,research
0,1800,,coding
0,1200,,general
0,1200,,general
0,1800,,reading
0,2400,,coding
0,7200,,general
0,6000,,reading
0,12000,,reading
0,6600,,coding
0,7800,,coding
0,1200,,coding
0,3600,,reading
0,12600,,coding
0,17400,,coding
0,600,,general
0,4800,,writing
0,3000,,general
0,1200,,general
0,9000,,coding
0,1800,,coding
0,1800,,general
0,600,,general
0,600,,coding
0,600,,general
14400,600,4,reading
0,600,,review
0,1200,,coding
0,1200,,reading
0,1200,,general
0,3600,,general
0,1200,,coding
0,600,,general
0,1200,,general
0,600,,general
0,600,,general
0,7500,,general
0,1200,,writing
7200,7200,3,coding
0,11400,,coding
0,5400,,general
0,4200,,reading
0,4200,,general
0,18000,,writing
0,24600,,general
0,15000,,coding
0,28800,,general
0,3000,,general
0,20400,,coding
0,28800,,writing
0,9000,,general
0,3600,,general
0,4200,,general
0,19800,,general
0,10200,,reading
0,31200,,writing
0,9600,,reading
0,15600,,coding
0,64800,,general
0,3600,,coding
0,1200,,coding
0,2400,,coding
0,10800,,coding
0,3600,,general
0,18000,,writing
0,33000,,general
0,5400,,general
0,6600,,coding
0,25200,,general
0,162000,,general
0,12000,,general
0,9600,,coding
0,13200,,general
0,5400,,general
0,2400,,reading
0,4800,,general
0,26400,,general
0,13200,,coding
0,15000,,review
0,10800,,writing
0,3600,,writing
0,9000,,coding
0,8400,,general
0,56400,,general
0,33000,,writing
0,4200,,general
0,4800,,coding
0,4800,,general
0,9000,,general
0,3600,,writing
0,7200,,general
0,5400,,reading
0,12600,,writing
0,2400,,general
0,18600,,general
0,6600,,general
0,5400,,general
0,4200,,general
0,9000,,coding
0,10200,,general
0,19200,,writing
0,9600,,coding
0,7200,,coding
0,63000,,writing
0,10200,,coding
0,11400,,reading
0,3000,,coding
0,7800,,reading
0,6600,,general
0,6000,,coding
0,60000,,coding
0,6000,,general
0,22200,,general
0,10800,,general
0,9600,,reading
0,50400,,reading
0,5400,,problem solving
0,42000,,coding
0,15000,,coding
0,5400,,review
0,19200,,general
0,48600,,writing
0,7200,,general
0,10200,,general
0,7800,,general
0,45600,,writing
0,16200,,general
0,15600,,coding
0,8400,,coding
0,10200,,general
0,12600,,general
0,6000,,general
0,3600,,writing
0,25800,,research
0,12600,,general
0,3600,,problem solving
0,18000,,writing
0,12600,,general
0,28200,,coding
0,4200,,general
0,9600,,reading
0,15600,,general
0,6600,,general
0,25200,,general
0,9600,,general
0,3600,,general
0,21000,,coding
0,11400,,general
0,27000,,general
0,8400,,coding
0,7800,,general
0,3600,,writing
0,9600,,general
0,18000,,coding
0,3600,,coding
0,15600,,general
0,9000,,coding
0,4200,,writing
0,19800,,writing
0,30000,,reading
0,7800,,general
0,7200,,coding
0,22200,,writing
0,27000,,general
0,7200,,general
0,13200,,general
0,36000,,general
0,7800,,general
0,6000,,general
0,36600,,writing
0,9600,,general
0,43200,,general
0,23400,,general
0,5400,,general
0,8400,,general
0,4200,,general
0,3600,,general
0,4200,,general
0,15600,,coding
0,21600,,review
0,26400,,general
0,1200,,general
0,13200,,coding
0,6000,,general
0,30600,,general
0,10800,,general
0,13200,,general
0,18600,,general
0,18000,,general
0,6600,,general
0,13200,,general
0,15000,,general
0,45000,,coding
0,7200,,coding
0,17400,,general
0,100800,,general
0,6600,,general
0,3600,,general
0,52800,,writing
0,16800,,general
0,9000,,general
0,38400,,general
0,5400,,writing
0,4800,,general
0,25800,,general
0,15600,,general
0,4800,,general
0,14400,,coding
0,28200,,coding
0,8400,,coding
0,30000,,writing
0,6600,,writing
0,29400,,general
0,17400,,general
0,9000,,coding
0,6600,,general
0,6600,,general
0,7800,,reading
0,12600,,coding
0,34200,,general
0,11400,,coding
0,15600,,coding
0,10200,,general
0,9600,,general
0,7200,,general
0,21000,,general
0,14400,,coding
0,30600,,general
0,50400,,reading
0,34200,,coding
0,45600,,general
0,14400,,reading
0,7800,,general
0,5400,,general
0,22200,,general
0,23400,,general
0,11400,,general
0,5400,,general
0,5400,,general
0,6600,,review
0,70800,,coding
0,6600,,coding
0,10200,,general
0,8400,,general
0,16200,,writing
0,3000,,reading
0,7200,,general
0,13200,,general
0,105000,,coding
0,20400,,general
0,75000,,general
0,9000,,writing
0,3000,,coding
0,4200,,general
0,3600,,general
0,6600,,general
0,15600,,general
0,13200,,general
0,11400,,coding
0,6000,,coding
0,3600,,general
0,4800,,coding
0,40800,,coding
0,14400,,coding
0,9000,,general
0,4200,,general
0,15600,,coding
0,2400,,general
0,2400,,general
0,16200,,general
0,4200,,coding
0,6600,,general
0,9000,,general
0,24600,,general
0,39000,,general
0,8400,,coding
0,7800,,coding
0,3600,,coding
0,3600,,general
0,28800,,writing
0,15000,,general
0,12600,,coding
0,4200,,general
0,30000,,general
0,5400,,general
0,18000,,general
0,3000,,general
0,4200,,general
0,3000,,general
0,4200,,general
0,2400,,coding
0,2400,,general
0,15000,,coding
0,15600,,coding
0,11400,,writing
0,24600,,general
0,9000,,problem solving
0,18000,,writing
0,3600,,general
0,13200,,general
0,23400,,general
0,2400,,reading
0,6600,,general
0,3000,,general
0,19200,,general
0,3000,,general
0,3000,,general
0,28200,,coding
0,6000,,coding
0,45000,,general
0,13800,,writing
0,22200,,writing
0,18000,,reading
0,5400,,general
0,6000,,general
0,28200,,coding
0,15600,,coding
0,9000,,general
0,13200,,writing
0,13800,,general
0,26400,,coding
0,7800,,coding
0,19200,,writing
0,3000,,general
0,19200,,general
0,9600,,general
0,33000,,general
0,4200,,writing
0,1800,,coding
0,9000,,coding
0,12600,,general
0,45000,,general
0,3600,,general
0,5400,,coding
0,3000,,coding
0,13800,,general
0,9600,,general
0,13200,,coding
0,10800,,general
0,16200,,coding
0,6000,,coding
0,4200,,coding
0,19800,,general
0,9000,,general
0,4200,,general
0,6000,,general
0,3000,,general
0,4800,,reading
0,13200,,general
0,3000,,coding
0,3000,,general
0,10200,,writing
0,12000,,coding
0,10800,,reading
0,16200,,general
0,46800,,general
0,48000,,general
0,42600,,reading
0,9600,,general
0,6600,,general
0,3000,,general
0,13800,,general
0,13800,,general
0,13800,,general
0,10800,,coding
0,9000,,general
0,6600,,reading
0,3600,,general
0,22200,,general
0,34200,,general
0,112200,,coding
0,14400,,general
0,6000,,general
0,3600,,writing
0,7200,,reading
0,13200,,general
0,64800,,general
0,18000,,coding
0,58800,,general
0,51600,,general
0,11400,,coding
0,28200,,general
0,12000,,general
0,4800,,coding
0,7800,,coding
0,9000,,writing
0,1200,,reading
86400,600,5,coding
0,65400,,general
0,3600,,coding
0,1800,,reading
0,3000,,coding
0,1800,,coding
0,19200,,writing
0,18600,,general
0,4200,,general
14400,1800,4,writing
0,27000,,coding
0,1800,,reading
0,20400,,coding
0,8400,,coding
0,21000,,coding
0,15000,,general
0,2400,,coding
0,22800,,coding
0,22200,,general
0,3600,,general
0,32400,,writing
0,4200,,writing
0,6600,,writing
0,2400,,writing
0,1200,,coding
0,5400,,coding
0,24600,,coding
0,3600,,coding
0,25800,,coding
0,22800,,coding
0,6600,,reading
0,35400,,coding
0,15000,,coding
0,21000,,general
0,105000,,general
0,57000,,coding
0,14400,,coding
0,7200,,writing
0,10800,,coding
0,4200,,coding
0,22200,,coding
0,4200,,coding
0,4800,,writing
0,16200,,general
0,14400,,general
0,18000,,coding
0,8400,,coding
0,7800,,coding
0,15000,,coding
0,12600,,general
0,46800,,general
0,6600,,general
0,14400,,research
0,53400,,reading
0,22200,,problem solving
0,2400,,general
0,4800,,coding
0,22200,,coding
0,21000,,writing
0,5400,,writing
0,13800,,general
0,36600,,coding
0,3600,,general
0,1200,,coding
0,22800,,coding
0,9000,,general
0,7800,,coding
0,1800,,general
0,19800,,coding
0,4800,,coding
0,6600,,coding
0,5400,,general
0,3600,,coding
0,10800,,coding
0,18600,,general
0,5400,,coding
0,25200,,general
0,7200,,general
0,25800,,writing
0,600,,general
0,600,,coding
7200,7200,3,coding
0,53400,,general
0,4200,,coding
0,1200,,coding
0,1800,,general
0,10200,,general
0,13800,,coding
0,2400,,general
0,30000,,coding
0,3000,,coding
0,4200,,reading
0,8400,,coding
0,15000,,writing
0,13800,,coding
0,1200,,general
0,3000,,general
0,3600,,reading
0,19800,,coding
0,600,,coding
0,1800,,general
0,6600,,coding
0,6600,,general
0,1200,,coding
0,16200,,coding
0,63000,,reading
0,5400,,general
0,4800,,general
0,1800,,coding
0,1200,,coding
0,600,,coding
0,4800,,coding
0,4800,,research
0,7800,,general
0,13200,,general
0,4200,,general
0,10800,,coding
0,6600,,coding
0,49200,,coding
0,1800,,coding
0,7800,,coding
0,3600,,coding
0,69600,,coding
0,7200,,general
0,1800,,coding
0,59400,,reading
0,3600,,coding
0,2400,,general
0,12600,,coding
0,9600,,review
0,3600,,general
0,3000,,research
0,1800,,general
0,1800,,coding
0,2400,,coding
0,4200,,coding
0,1800,,general
0,2400,,general
0,11400,,coding
0,1800,,coding
0,3000,,review
0,1800,,general
0,3000,,coding
0,7200,,problem solving
0,1800,,coding
0,1800,,general
0,8400,,coding
0,2400,,general
0,7200,,coding
0,2400,,coding
172800,16200,5,coding
0,7800,,general
0,3600,,general
0,2400,,general
0,10800,,writing
0,4200,,coding
0,10800,,coding
0,6000,,general
10800,9600,3,coding
0,8400,,general
0,4800,,coding
0,12000,,general
604800,864000,5,review
0,6000,,coding
0,3600,,coding
0,13200,,coding
0,600,,general
0,4800,,coding
604800,348000,5,general
0,1800,,review
0,1800,,coding
0,1200,,general
0,3000,,general
0,1200,,general
0,7200,,problem solving
0,9000,,coding
0,9000,,general
0,1800,,general
0,3000,,general
0,2400,,general
0,1800,,general
0,6000,,research
0,2400,,research
0,1800,,general
0,8400,,coding
0,3000,,coding
0,1800,,research
0,7200,,general
0,1800,,general
0,2400,,general
0,1800,,coding
0,1800,,general
0,6000,,general
0,7800,,general
0,3600,,coding
0,4800,,general
0,1800,,coding
0,4200,,coding
0,3600,,general
0,1800,,coding
0,600,,general
0,7800,,general
0,9000,,coding
0,6000,,coding
0,3600,,general
0,5400,,general
0,3600,,general
0,5400,,coding
0,10200,,general
0,4200,,general
0,7800,,coding
0,6000,,coding
0,3600,,coding
0,4200,,coding
86400,11400,5,coding
0,3600,,general
0,2400,,coding
0,3600,,general
0,5400,,general
0,1800,,problem solving
0,2400,,writing
0,4200,,general
0,6600,,general
0,6000,,writing
0,1800,,general
0,3600,,problem solving
0,3600,,coding
0,6000,,review
0,15000,,general
0,4200,,general
0,3600,,coding
0,1800,,review
0,21000,,reading
0,600,,coding
0,600,,general
0,36000,,coding
0,3600,,writing
0,5400,,reading
0,7200,,review
0,29400,,coding
0,17400,,coding
0,21600,,coding
0,4200,,general
0,6600,,general
0,5400,,writing
0,19200,,general
0,10200,,coding
0,3600,,general
0,12600,,coding
0,7200,,coding
0,600,,writing
0,7200,,coding
0,6000,,general
0,1200,,writing
0,600,,coding
0,600,,general
0,3000,,coding
0,600,,review
0,8400,,general
0,10200,,general
0,2400,,writing
0,3600,,general
0,6600,,coding
0,3600,,writing
0,8400,,research
0,28200,,general
0,7800,,general
0,4800,,coding
0,8400,,coding
0,3600,,general
0,3000,,general
0,11400,,general
0,17400,,research
0,9000,,coding
0,4800,,general
0,1200,,general
0,28200,,coding
0,4200,,coding
0,37800,,coding
0,3000,,general
0,12000,,general
0,1200,,general
0,7200,,coding
0,3600,,research
0,3000,,review
0,7200,,general
0,5400,,writing
0,1800,,general
0,4800,,general
0,3600,,coding
0,4800,,general
0,9000,,coding
0,8400,,coding
0,1200,,review
259200,600,5,general
259200,3600,5,coding
259200,3600,5,reading
86400,11400,5,general
0,19800,,general
0,600,,general
0,31800,,reading
0,2400,,general
0,12600,,general
0,600,,coding
0,2400,,general
0,1800,,general
0,4200,,coding
0,1200,,general
0,28800,,coding
0,4320000,,coding
0,1200,,coding
0,172800,,general
14400,4140,4,coding
0,5400,,general
0,2400,,writing
0,3600,,coding
0,1200,,coding
0,1200,,general
0,3600,,general
0,2400,,coding
0,7800,,coding
0,9600,,writing
0,1200,,research
0,2400,,coding
0,1200,,general
0,3000,,general
0,6000,,writing
0,7200,,general
0,5400,,general
0,2400,,research
0,4200,,general
0,1200,,reading
0,2400,,general
0,6000,,coding
0,1800,,problem solving
0,1200,,problem solving
0,2400,,writing
0,7200,,review
0,1800,,general
0,1200,,coding
0,30600,,general
0,1800,,general
0,9600,,reading
0,2400,,coding
0,1200,,general
0,2400,,coding
0,1800,,coding
0,3600,,coding
0,4800,,coding
0,3000,,general
0,6000,,review
0,2400,,general
0,14400,,general
0,3600,,coding
0,1800,,general
0,2400,,coding
0,1800,,reading
0,2400,,coding
0,22200,,general
0,156000,,coding
0,2400,,general
0,4200,,coding
0,9600,,coding
0,8400,,writing
0,38400,,general
0,1800,,problem solving
0,3600,,coding
0,3000,,general
0,4800,,general
0,13800,,review
0,3000,,general
0,4800,,general
0,6000,,coding
0,6000,,coding
0,1800,,coding
0,3600,,writing
0,2400,,coding
0,7800,,reading
0,10800,,reading
3600,6600,2,coding
0,1800,,general
0,4800,,general
0,1800,,coding
0,12600,,general
0,3600,,general
0,3600,,coding
0,1800,,writing
0,1800,,coding
0,21000,,reading
0,2400,,review
0,6600,,coding
0,12600,,general
0,2400,,coding
0,4200,,writing
0,3600,,coding
0,1800,,general
0,1800,,coding
0,3000,,coding
0,6000,,general
0,3600,,general
0,3600,,coding
0,1200,,research
0,1800,,coding
0,1800,,coding
0,1800,,coding
0,1800,,coding
0,1800,,coding
0,13200,,general
0,9000,,general
0,5400,,reading
0,5400,,general
0,5400,,coding
0,1800,,problem solving
0,4200,,general
0,2400,,general
0,2400,,general
0,16200,,writing
0,7800,,general
0,70800,,general
0,6000,,general
0,5400,,coding
0,4800,,coding
0,14400,,general
0,35400,,reading
0,15000,,general
0,2400,,general
0,2400,,coding
0,3600,,problem solving
0,3600,,general
0,1800,,coding
0,1800,,coding
0,6600,,coding
0,5400,,coding
0,5400,,general
0,2400,,review
0,3600,,general
0,5400,,general
0,9000,,coding
0,11400,,coding
0,4200,,coding
0,9000,,coding
0,6000,,coding
0,4800,,general
0,9600,,general
0,2400,,coding
0,16200,,coding
0,18600,,general
0,6600,,general
0,11400,,problem solving
0,600,,review
0,7800,,coding
0,16200,,problem solving
0,15000,,coding
0,3000,,problem solving
0,3000,,general
0,2400,,reading
0,1200,,coding
0,1200,,general
0,1800,,general
0,6000,,coding
0,2400,,coding
0,4800,,general
0,7200,,general
0,4800,,general
0,1800,,general
0,4800,,coding
0,10800,,writing
0,4200,,general
0,15000,,review
0,3600,,general
0,1800,,coding
0,4200,,coding
0,27600,,reading
0,31800,,coding
0,18600,,coding
0,4200,,coding
0,4200,,coding
0,2400,,general
0,26400,,general
0,3000,,coding
0,4200,,coding
0,3600,,general
0,3600,,general
0,3000,,reading
0,12600,,coding
0,10800,,general
0,1200,,general
0,3000,,coding
0,2400,,coding
0,11400,,coding
0,3000,,coding
0,6000,,general
0,5400,,coding
0,1800,,coding
0,12000,,coding
0,5400,,general
0,2400,,general
0,1800,,reading
0,3000,,reading
0,6600,,general
0,1200,,general
0,4800,,general
0,1800,,coding
0,3000,,reading
0,3600,,reading
0,2400,,coding
0,6600,,general
0,6600,,reading
0,3600,,writing
0,5400,,reading
0,4800,,general
0,5400,,problem solving
0,4200,,general
0,3000,,general
0,2400,,general
0,1800,,general
0,10800,,coding
0,2400,,coding
0,1200,,coding
0,3000,,coding
0,2400,,reading
0,7800,,general
0,3600,,coding
0,7800,,general
0,3600,,coding
0,2400,,general
0,1800,,review
0,604800,,coding
604800,1209600,5,coding
172800,172800,5,coding
604800,691200,5,general
604800,864000,5,general
259200,259200,5,coding
172800,172800,5,general
0,604800,,coding
604800,432000,5,general
0,57600,,reading
115200,57600,5,general
115200,57600,5,coding
57600,57600,5,coding
115200,43200,5,coding
28800,14400,5,coding
14400,7200,4,coding
57600,57600,5,coding
144000,79200,5,coding
57600,14400,5,research
86400,86400,5,coding
0,1200,,general
0,1200,,general
0,3000,,general
0,1200,,writing
0,1800,,reading
0,44400,,coding
0,7800,,general
0,24000,,coding
0,1200,,coding
0,600,,coding
0,600,,coding
0,600,,coding
0,600,,research
0,4200,,general
0,1200,,coding
0,3600,,general
0,1200,,coding
0,3600,,research
0,600,,coding
0,1800,,problem solving
0,7200,,general
0,13200,,general
1200,12000,2,coding
0,1800,,general
0,1200,,review
0,1800,,reading
0,1200,,general
0,1800,,coding
0,1200,,writing
0,1200,,general
0,1200,,general
0,1200,,coding
0,900,,general
0,1200,,coding
0,1200,,general
0,2700,,general
0,1200,,reading
0,2400,,writing
0,600,,general
0,3600,,research
0,3600,,writing
0,1800,,reading
0,10800,,research
0,1800,,review
0,2100,,general
0,3600,,writing
0,900,,general
0,2700,,general
0,18000,,general
0,7200,,review
0,2400,,review
0,1800,,writing
0,5400,,coding
0,1800,,general
0,1800,,general
0,3600,,writing
300,600,1,writing
0,7200,,coding
0,1200,,general
0,1800,,writing
0,21600,,coding
0,3900,,general
0,600,,review
0,3600,,general
0,7200,,coding
0,1800,,general
0,300,,general
0,1800,,review
0,1500,,general
0,600,,research
0,600,,research
0,600,,general
0,1200,,general
0,900,,general
0,43200,,coding
0,1800,,general
0,1800,,general
0,600,,writing
0,2700,,general
0,2700,,general
0,10800,,general
0,1200,,coding
0,3600,,reading
0,900,,general
0,900,,review
0,13200,,reading
0,3600,,general
0,4200,,general
0,600,,reading
0,600,,coding
0,1200,,general
0,2400,,general
0,1200,,general
3600,3600,2,general
0,2400,,general
0,1200,,writing
0,1800,,general
0,600,,coding
0,2400,,general
0,1800,,writing
0,57600,,coding
0,1200,,problem solving
0,15600,,coding
0,12000,,coding
0,1800,,coding
0,129600,,general
0,2400,,problem solving
0,6600,,reading
0,1200,,writing
0,1800,,coding
0,3000,,writing
0,4200,,general
0,4200,,coding
0,2400,,general
0,9000,,coding
0,3000,,coding
0,4200,,general
0,9000,,writing
0,1800,,coding
0,24000,,coding
0,2400,,research
0,1200,,general
0,1200,,general
0,17400,,writing
0,1800,,coding
0,3000,,coding
0,2400,,general
0,4800,,coding
0,9000,,coding
0,9600,,coding
0,3600,,coding
0,12000,,reading
0,1200,,coding
0,34800,,coding
0,600,,reading
0,600,,coding
0,600,,coding
0,600,,coding
0,600,,coding
0,2400,,general
0,600,,general
0,600,,coding
0,600,,reading
0,600,,coding
0,600,,coding
0,600,,coding
0,600,,general
0,600,,general
0,600,,coding
0,10800,,general
0,600,,coding
0,2400,,general
0,1800,,coding
0,600,,general
0,420,,reading
0,2400,,general
0,120,,general
0,600,,general
0,480,,general
0,1440,,research
0,2220,,coding
0,420,,review
0,540,,general
0,300,,coding
0,600,,coding
0,4200,,general
0,19200,,general
0,4200,,coding
0,22200,,general
0,5400,,coding
0,5400,,coding
0,9000,,coding
0,3600,,reading
0,21600,,general
0,47400,,coding
0,36000,,general
0,34200,,coding
0,34800,,general
0,34800,,coding
0,44400,,general
0,28200,,coding
0,15000,,coding
0,3600,,reading
0,10200,,general
0,9600,,general
0,3600,,reading
1728000,7800,5,writing
0,14400,,coding
0,10200,,general
0,11400,,reading
0,3600,,general
0,5400,,coding
0,5400,,coding
0,9600,,general
432000,9600,5,review
0,4200,,general
864000,45600,5,general
0,70800,,coding
864000,5400,5,writing
0,12000,,coding
0,12000,,general
0,1200,,general
0,4200,,coding
0,1800,,general
0,3000,,coding
0,4800,,general
0,2400,,general
0,2400,,general
0,15600,,general
0,2400,,reading
0,10800,,problem solving
0,6000,,general
0,10800,,general
0,1200,,general
0,19800,,general
0,3600,,general
0,59400,,coding
0,7800,,general
0,5400,,general
0,9600,,coding
0,30600,,coding
864000,80400,5,coding
0,1200,,coding
0,6000,,general
0,3600,,reading
0,10800,,general
0,54000,,coding
0,2400,,coding
0,3600,,review
0,4200,,coding
0,1800,,general
0,8400,,coding
0,4800,,general
0,3600,,general
0,25200,,reading
0,21600,,coding
0,14400,,general
0,4200,,coding
0,8400,,coding
0,3000,,general
0,9600,,general
0,6600,,general
0,7800,,general
0,10800,,coding
0,15000,,reading
0,7200,,general
0,4800,,general
0,2400,,writing
0,3000,,general
0,6000,,general
0,19200,,general
0,4200,,research
0,2400,,research
0,2400,,research
0,1800,,research
0,18000,,general
0,3000,,coding
0,5400,,research
0,6600,,writing
0,4200,,coding
0,7200,,general
0,15000,,coding
0,10800,,writing
0,1800,,general
0,2400,,general
0,15600,,general
0,10200,,coding
0,22800,,reading
0,16800,,writing
0,7800,,general
0,15600,,coding
0,3600,,general
0,8400,,general
0,17400,,writing
0,13200,,general
0,600,,general
0,5400,,reading
0,3000,,general
0,16800,,general
0,54600,,coding
0,6600,,coding
0,8400,,coding
0,6000,,coding
0,3000,,general
0,19800,,coding
0,7200,,coding
0,4800,,coding
2203200,2400,5,general
0,12000,,writing
0,96000,,coding
0,10800,,general
0,4800,,general
0,12600,,general
0,18000,,general
0,4200,,general
0,11400,,general
0,4800,,coding
0,4800,,general
0,4800,,general
0,3000,,coding
0,22200,,general
0,42000,,general
0,3600,,general
0,5400,,general
0,12000,,general
0,3000,,general
0,46200,,coding
0,1200,,writing
0,18000,,reading
0,9600,,general
0,9000,,reading
0,1200,,coding
0,63600,,writing
0,3000,,problem solving
388800,12000,5,review
0,6000,,general
0,9600,,reading
0,22200,,general
0,1800,,general
0,21600,,general
0,3600,,writing
0,4800,,general
0,12000,,coding
0,13200,,coding
0,9600,,general
0,4200,,general
0,12000,,general
0,7200,,general
0,6600,,writing
0,18000,,general
0,4800,,general
0,7200,,writing
0,7200,,general
0,5400,,general
0,8400,,general
0,4200,,general
0,8400,,general
0,40800,,general
0,3000,,coding
0,35400,,general
0,6600,,coding
0,28200,,coding
0,7200,,general
0,12600,,general
0,21000,,coding
0,17400,,general
0,600,,general
0,43200,,writing
0,5400,,general
0,21000,,reading
0,4200,,general
388800,13800,5,coding
0,7800,,writing
0,9600,,review
0,10800,,writing
0,27000,,general
0,6000,,general
0,10800,,general
0,9600,,coding
0,6000,,general
0,2400,,reading
0,8400,,writing
0,16800,,general
0,3600,,writing
0,10800,,coding
0,12600,,general
0,10200,,general
0,9000,,general
0,24000,,problem solving
0,6600,,general
0,3600,,reading
0,4200,,general
0,3600,,coding
0,25200,,general
0,4200,,writing
0,21600,,general
0,72000,,general
0,18000,,general
0,3600,,general
0,5400,,general
0,25800,,writing
0,3600,,coding
0,1200,,general
0,19800,,general
0,8400,,general
0,3600,,reading
0,8400,,general
0,5400,,writing
0,16200,,general
0,11400,,coding
0,7800,,coding
0,14400,,coding
0,7800,,general
0,25200,,general
0,10800,,writing
0,18000,,general
0,18000,,general
0,25200,,general
0,7200,,coding
0,12600,,general
0,6000,,writing
0,12000,,general
0,9000,,general
0,7800,,general
0,16200,,general
0,33600,,coding
0,16800,,coding
0,1200,,general
0,6000,,general
0,4800,,reading
0,3000,,general
0,12000,,writing
0,17400,,reading
0,7200,,general
0,11400,,problem solving
0,12600,,writing
0,2400,,reading
0,7800,,general
0,3000,,coding
0,7200,,general
0,9600,,coding
0,43800,,general
0,9600,,general
0,7800,,general
0,2400,,general
0,3600,,research
0,9000,,reading
0,15600,,general
0,1800,,reading
0,27000,,writing
0,12600,,writing
0,1800,,general
0,1200,,general
0,13200,,general
0,2400,,coding
0,1200,,reading
0,9000,,coding
0,9000,,reading
0,4200,,general
0,49800,,coding
0,7200,,general
0,5400,,reading
0,3000,,reading
0,3000,,general
0,1200,,general
0,2400,,coding
0,16200,,reading
0,3600,,general
0,23400,,general
0,6000,,reading
0,16800,,coding
0,2400,,general
0,2400,,reading
0,2400,,coding
0,3000,,general
0,7200,,coding
1814400,4200,5,coding
0,3000,,general
0,10200,,reading
0,2400,,coding
0,2400,,reading
0,4200,,general
0,1800,,general
0,49800,,coding
0,46200,,general
0,45600,,coding
0,9000,,general
0,2400,,coding
0,4800,,coding
0,131400,,general
0,2400,,general
0,2400,,general
0,6600,,general
0,3000,,general
0,3000,,general
0,2400,,reading
0,1800,,general
0,8400,,general
7200,3000,3,research
86400,16800,5,coding
0,4200,,general
0,13200,,general
0,1200,,general
0,2400,,general
0,16800,,general
0,7200,,research
0,4200,,general
0,3000,,research
0,6000,,general
0,1800,,coding
0,4200,,coding
0,1800,,general
0,2400,,general
0,6600,,review
0,3000,,reading
0,3600,,general
0,6600,,coding
0,6600,,general
0,3600,,general
0,6600,,general
0,1800,,general
0,8400,,general
0,2400,,general
0,2400,,general
0,5400,,general
0,1800,,general
0,4200,,reading
0,3600,,general
0,2400,,general
0,3600,,coding
0,6000,,reading
0,4200,,coding
0,13800,,general
0,56400,,general
0,17400,,general
0,27600,,general
0,33600,,general
0,21000,,problem solving
0,16200,,general
0,3600,,general
0,4800,,general
0,7800,,general
0,10200,,coding
0,1800,,general
0,3000,,general
0,9600,,general
0,3000,,general
0,9000,,reading
0,10800,,coding
0,3000,,reading
0,10200,,coding
0,2400,,reading
0,2400,,coding
0,8400,,general
0,1800,,coding
0,5400,,writing
0,4200,,general
0,12000,,general
0,3600,,general
0,6000,,review
0,9600,,general
0,2400,,general
0,1800,,general
0,2400,,reading
0,2400,,general
0,4800,,coding
0,2400,,general
0,2400,,general
0,12600,,writing
0,9000,,general
0,6000,,general
0,3000,,general
0,2400,,writing
0,6600,,coding
0,6600,,writing
0,6600,,writing
0,3000,,general
0,1800,,general
0,3000,,general
0,1200,,general
0,3600,,reading
0,8400,,reading
0,3000,,general
0,2400,,general
0,3600,,general
0,3600,,general
0,15000,,reading
0,3000,,general
0,6000,,coding
0,3600,,coding
0,6000,,general
0,3600,,reading
0,4200,,general
0,6600,,general
0,12600,,general
0,7200,,writing
0,1800,,general
0,3000,,general
0,9600,,general
0,1800,,general
0,3000,,general
0,1800,,general
0,1200,,problem solving
0,3600,,general
0,2400,,general
3600,4200,2,coding
0,1200,,reading
0,4200,,coding
86400,1200,5,research
0,600,,writing
0,1200,,coding
0,4200,,coding
0,4200,,coding
0,55200,,coding
0,22200,,general
0,7800,,general
0,10200,,coding
0,26400,,general
0,4800,,coding
0,12000,,general
0,47400,,general
0,13200,,general
0,4200,,coding
0,17400,,coding
0,9600,,general
0,17400,,coding
0,4800,,coding
0,21600,,coding
0,2400,,coding
0,25200,,general
0,7200,,general
0,4800,,coding
0,70800,,coding
0,5400,,general
0,30000,,writing
0,17400,,coding
0,14400,,coding
0,15600,,coding
0,9600,,coding
0,21600,,coding
0,6000,,general
0,3600,,coding
0,1800,,coding
0,3600,,general
0,4800,,coding
0,17400,,general
0,600,,general
0,9600,,writing
0,14400,,coding
0,7200,,coding
432000,345600,5,coding
0,3600,,general
0,1200,,coding
0,3000,,general
0,10200,,general
0,46800,,coding
0,13200,,coding
0,1800,,general
0,10200,,coding
0,2400,,writing
0,21600,,general
0,113400,,general
0,7200,,general
0,37800,,writing
0,1200,,general
0,42600,,coding
0,10800,,coding
0,1200,,coding
0,19200,,general
0,6000,,general
0,13200,,coding
0,38400,,coding
0,81000,,general
0,1800,,coding
0,3000,,general
14400,21600,4,general
0,9600,,coding
0,2400,,coding
0,22800,,coding
0,1800,,coding
0,3000,,general
0,5400,,coding
0,2400,,coding
0,10200,,general
0,1800,,coding
14400,14400,4,review
0,2400,,general
0,6600,,coding
0,3000,,general
0,10800,,coding
0,6000,,coding
0,1200,,coding
0,9600,,general
0,7800,,review
0,14400,,reading
0,12600,,coding
0,8400,,research
0,13800,,general
0,21600,,coding
0,3600,,general
0,10200,,coding
0,4200,,review
0,600,,coding
0,14400,,general
0,3600,,writing
0,2400,,writing
0,10200,,coding
0,8400,,general
0,7200,,general
0,1200,,writing
0,1800,,coding
0,19200,,general
0,600,,general
0,600,,coding
0,37200,,general
0,3000,,coding
0,2400,,coding
0,1200,,general
0,3000,,coding
0,6000,,coding
0,27000,,coding
0,5400,,coding
0,13800,,general
0,600,,general
0,4200,,coding
0,3600,,general
0,1800,,general
0,17400,,review
0,13200,,general
0,14400,,general
0,26400,,general
0,600,,coding
0,600,,coding
0,600,,coding
0,6000,,general
0,16200,,general
0,2400,,writing
0,2400,,coding
0,66000,,general
0,11400,,coding
0,8400,,coding
0,3600,,reading
0,1200,,coding
0,1800,,coding
0,13200,,general
3600,7200,2,coding
0,1800,,coding
0,1200,,review
0,6000,,coding
0,10800,,coding
0,1800,,general
0,3000,,writing
0,600,,writing
0,2400,,general
0,5400,,general
0,15600,,coding
0,11400,,coding
0,600,,general
0,26400,,coding
0,600,,general
0,1200,,coding
0,600,,general
0,1800,,coding
0,15600,,coding
0,600,,general
0,2400,,coding
0,600,,general
0,2400,,review
0,1800,,coding
0,1200,,reading
0,2400,,general
0,4200,,coding
0,10200,,coding
0,3000,,coding
0,7800,,coding
0,3000,,coding
0,2400,,coding
0,4200,,coding
0,3600,,coding
0,1200,,general
0,2400,,general
0,6000,,coding
0,2400,,coding
0,7200,,writing
0,7800,,general
0,4800,,reading
0,6000,,general
0,4800,,coding
0,2400,,general
0,12600,,coding
0,11400,,coding
0,3000,,coding
0,1200,,general
0,6600,,coding
0,10800,,general
0,10200,,general
0,22200,,general
0,2400,,general
0,4800,,general
0,9000,,review
0,4200,,general
0,4200,,coding
0,2400,,coding
0,600,,coding
0,4800,,coding
0,5400,,general
0,3600,,general
0,3000,,coding
0,3600,,coding
0,3000,,general
0,2400,,reading
0,14400,,coding
0,5400,,coding
0,4200,,coding
0,3600,,general
0,30600,,general
0,10200,,review
0,2400,,coding
0,3000,,coding
0,2400,,general
0,3000,,coding
0,2400,,coding
0,10200,,general
0,3000,,coding
0,1200,,coding
0,3000,,general
0,7200,,general
0,4800,,general
0,7200,,coding
0,3600,,coding
0,8400,,writing
0,3000,,general
0,9600,,coding
0,3000,,coding
0,3000,,coding
0,2400,,general
0,2400,,general
0,2400,,general
0,5400,,reading
0,2400,,general
0,4200,,general
0,5400,,coding
0,6600,,general
0,3000,,coding
0,6600,,general
0,14400,,general
0,6000,,general
0,6000,,general
0,5400,,coding
0,4200,,research
0,2400,,coding
0,4800,,coding
0,12000,,coding
0,6000,,general
0,4200,,general
0,3000,,general
0,3000,,general
0,3000,,coding
0,4800,,coding
0,3000,,coding
0,3600,,coding
0,7200,,general
0,3000,,general
0,14400,,coding
0,7200,,coding
0,2400,,general
0,4200,,general
0,4200,,general
0,3600,,general
0,28800,,coding
0,22200,,coding
0,15600,,coding
0,8400,,general
0,7800,,coding
0,3000,,coding
0,6600,,writing
0,4800,,general
0,3000,,coding
0,4800,,general
0,4800,,general
0,2400,,coding
0,2400,,coding
0,13800,,coding
0,10800,,coding
0,4800,,coding
0,1200,,coding
0,6600,,coding
0,20400,,general
0,1800,,coding
0,18600,,review
0,2400,,coding
0,5400,,general
0,8400,,general
0,7200,,coding
0,2400,,coding
0,10200,,coding
0,7800,,research
0,1800,,general
0,4200,,problem solving
0,2400,,coding
0,3600,,coding
0,6000,,general
0,4200,,general
0,6000,,general
0,16800,,review
0,5400,,review
0,3000,,coding
0,4200,,coding
0,3000,,reading
0,2400,,coding
0,8400,,coding
0,2400,,general
0,3000,,coding
0,5400,,coding
0,4200,,problem solving
0,3000,,general
0,13800,,coding
0,5400,,coding
0,3000,,coding
0,3000,,writing
0,3000,,general
0,3000,,general
0,3000,,general
0,3000,,coding
0,4200,,general
0,9000,,coding
0,18600,,coding
0,3000,,general
0,6000,,general
0,6600,,general
0,5400,,coding
0,9600,,coding
0,4200,,general
0,4800,,coding
0,6600,,general
0,6000,,coding
0,2400,,review
0,1200,,general
0,8400,,writing
0,37200,,coding
0,3000,,review
0,3000,,coding
0,4200,,general
0,4200,,coding
0,5400,,writing
0,4200,,coding
0,3000,,coding
0,3000,,coding
0,3000,,coding
0,4800,,coding
0,3000,,reading
0,4800,,coding
0,4200,,coding
0,6600,,general
0,7200,,coding
0,4800,,coding
0,9000,,general
0,3000,,reading
0,4200,,coding
0,6000,,writing
0,3600,,coding
0,10800,,general
0,600,,coding
900,3600,1,coding
0,61200,,coding
14400,14640,4,coding
0,6000,,research
0,2400,,general
0,3600,,general
0,18960,,general
0,900,,general
0,2400,,coding
0,5400,,reading
0,7200,,general
0,1800,,writing
0,1800,,general
0,2400,,general
0,6600,,coding
0,2400,,general
0,10200,,coding
0,3000,,general
0,3000,,general
0,9600,,general
0,19200,,writing
0,5400,,general
0,5400,,review
0,4200,,general
0,7200,,general
0,12600,,general
0,1800,,general
0,4800,,general
0,45600,,coding
0,1800,,review
0,4200,,coding
0,3600,,coding
0,5400,,general
0,5400,,general
0,1800,,research
0,3600,,general
0,4200,,general
0,7200,,coding
0,4200,,coding
0,3600,,coding
0,16800,,general
0,3600,,coding
0,6000,,coding
0,10800,,general
0,7800,,writing
0,12600,,general
0,27000,,coding
0,9000,,coding
0,4800,,general
0,11400,,reading
0,6000,,coding
0,2400,,problem solving
0,600,,general
0,18600,,general
0,2400,,general
0,18000,,general
0,1800,,review
0,3000,,coding
0,10800,,coding
0,53400,,review
0,22200,,coding
0,1800,,coding
0,2400,,writing
0,3000,,reading
0,3000,,coding
0,22800,,coding
0,15600,,writing
0,1800,,coding
0,1800,,coding
0,7800,,coding
0,11400,,general
0,3600,,general
0,3000,,coding
0,6000,,coding
0,5400,,coding
0,6000,,research
0,6000,,general
0,222600,,reading
0,4200,,coding
0,3600,,coding
0,2400,,coding
0,2400,,general
0,6600,,general
0,1800,,general
0,10800,,coding
0,6600,,coding
0,3000,,general
0,5400,,coding
0,4200,,reading
0,25200,,writing
0,2400,,general
0,11400,,coding
0,4800,,reading
0,3600,,general
0,7200,,reading
0,2400,,coding
0,1800,,general
0,2400,,coding
0,7200,,general
0,7800,,research
0,1800,,coding
0,3600,,general
0,3000,,coding
0,4200,,coding
0,2400,,coding
0,3000,,general
0,3000,,general
0,3600,,general
0,27000,,coding
0,6600,,general
0,1800,,coding
0,1800,,coding
0,6000,,general
0,2400,,coding
0,6000,,review
0,9000,,reading
0,6000,,general
0,43200,,general
0,3000,,problem solving
0,1800,,reading
0,4800,,reading
0,2400,,general
0,88800,,coding
0,3600,,general
0,33600,,general
0,4200,,general
0,5400,,general
0,8400,,coding
0,1800,,coding
0,3600,,review
0,3600,,general
0,1800,,problem solving
0,3000,,general
0,12600,,reading
0,7800,,writing
0,6600,,general
0,9600,,coding
0,3000,,general
7200,37200,3,coding
0,600,,general
0,4200,,general
604800,49200,5,general
0,3600,,reading
0,6000,,coding
0,1800,,coding
0,2400,,general
0,1800,,coding
0,10200,,coding
0,1800,,general
0,1200,,reading
0,7200,,coding
0,12600,,coding
0,2400,,general
0,1800,,coding
0,7200,,general
0,2400,,reading
0,1800,,coding
0,5400,,review
0,4800,,general
0,3600,,coding
0,6600,,coding
0,3000,,coding
0,22800,,general
0,6000,,coding
0,6600,,coding
0,124800,,coding
0,2400,,coding
0,1800,,coding
0,7800,,general
0,3000,,coding
0,1800,,coding
0,4800,,coding
0,1800,,writing
0,1800,,general
0,3600,,general
0,2400,,coding
0,9600,,writing
0,6000,,writing
0,3000,,coding
0,23400,,coding
0,3000,,reading
0,1200,,reading
0,1800,,coding
0,5400,,general
0,1800,,coding
0,1800,,general
0,1200,,coding
0,1800,,coding
0,2400,,coding
0,6000,,general
0,15600,,coding
0,8400,,general
0,3600,,general
0,6600,,general
0,4200,,general
0,6600,,general
0,3000,,coding
0,1800,,general
0,15000,,writing
0,6000,,general
0,10200,,general
0,7800,,coding
600,1200,1,writing
0,41400,,general
0,1800,,coding
0,4200,,general
0,1200,,general
0,64200,,coding
0,9600,,general
0,2400,,general
0,1200,,review
0,2400,,reading
0,3600,,general
0,2400,,coding
0,12600,,general
0,1800,,problem solving
0,5400,,general
0,8400,,general
0,2400,,coding
0,1800,,coding
0,3000,,general
0,3600,,coding
0,1800,,reading
0,4800,,writing
0,12000,,coding
0,2400,,coding
0,7200,,problem solving
0,7800,,coding
0,5400,,coding
0,3600,,review
0,3600,,general
0,5400,,reading
0,1200,,general
0,1800,,reading
0,3600,,coding
0,10200,,coding
0,1800,,general
0,1200,,coding
86400,154800,5,general
259200,259200,5,general
0,3600,,coding
0,5400,,reading
0,1200,,writing
0,2400,,reading
0,1800,,research
0,600,,coding
0,11400,,coding
0,2400,,coding
0,1200,,writing
0,1200,,coding
0,1200,,general
0,1200,,general
0,600,,coding
0,120,,general
0,600,,general
0,900,,reading
0,1200,,coding
0,900,,reading
0,3600,,general
0,2400,,general
0,1200,,general
0,1200,,general
0,3600,,general
0,61800,,general
0,6600,,research
0,57600,,coding
1209600,115200,5,writing
0,14400,,general
0,1200,,coding
0,1800,,coding
0,4200,,coding
0,1800,,general
0,90000,,general
172800,93600,5,general
1209600,151200,5,coding
0,3000,,general
0,5400,,coding
0,12600,,general
0,6600,,coding
0,29400,,coding
0,1200,,coding
0,1800,,coding
0,2400,,coding
0,1200,,coding
0,19800,,coding
0,2400,,coding
0,3600,,general
0,5400,,coding
0,600,,coding
0,1800,,coding
0,600,,general
0,600,,coding
0,600,,coding
0,600,,coding
0,600,,coding
0,600,,general
0,600,,coding
0,600,,general
0,600,,coding
0,600,,coding
0,600,,coding
0,600,,general
14400,14400,4,general
0,1180800,,coding
0,1020,,general
0,240,,coding
0,480,,coding
0,300,,coding
0,180,,coding
0,660,,general
0,2880,,coding
0,960,,research
0,120,,reading
0,960,,coding
0,1200,,coding
0,180,,writing
0,480,,general
0,2820,,general
0,300,,coding
0,780,,coding
0,240,,coding
0,480,,general
0,300,,general
0,600,,coding
0,3000,,general
0,4800,,reading
0,2400,,coding
0,7800,,general
0,8400,,coding
0,1800,,general
0,16800,,coding
0,20400,,general
0,9600,,coding
0,4200,,general
0,6000,,general
0,6000,,reading
0,6000,,coding
0,2400,,coding
0,3600,,general
0,3000,,general
0,8400,,general
0,4800,,general
0,3600,,writing
0,2400,,writing
0,2400,,general
0,6000,,general
0,2400,,general
0,4200,,review
0,6600,,general
0,4800,,general
0,3000,,general
0,12600,,general
0,3600,,coding
0,2400,,reading
0,3000,,general
0,6600,,coding
0,5400,,general
0,5400,,writing
0,49800,,general
0,21600,,general
0,12600,,writing
0,7800,,reading
0,5400,,writing
0,11400,,general
0,1200,,general
0,10200,,general
0,7800,,coding
0,12600,,general
0,3600,,general
0,4800,,coding
0,3000,,coding
0,10800,,general
0,4800,,general
0,6000,,general
0,6600,,general
0,26400,,general
0,28200,,coding
0,18600,,general
0,2400,,general
0,9600,,general
0,10200,,general
0,30000,,coding
0,3000,,general
0,4200,,general
0,6000,,general
0,2400,,writing
0,2400,,coding
0,1800,,general
0,7200,,coding
0,3600,,general
0,5400,,coding
0,20400,,general
0,22200,,writing
0,36600,,reading
0,6000,,writing
0,4200,,reading
0,2400,,review
0,21000,,reading
0,6000,,writing
0,17400,,general
0,7800,,writing
0,6600,,coding
0,14400,,coding
0,1200,,coding
0,4800,,general
0,4200,,general
0,3000,,general
0,12600,,general
0,6000,,coding
0,5400,,coding
0,6000,,general
0,3600,,coding
0,5400,,writing
0,10200,,general
0,1800,,coding
0,12600,,general
0,4200,,coding
0,4200,,writing
0,1200,,general
0,7800,,coding
0,4800,,general
0,4800,,coding
0,17400,,general
0,1200,,coding
0,1200,,coding
0,1800,,coding
0,1200,,coding
0,9000,,general
0,2400,,general
0,4200,,general
0,1200,,reading
0,2400,,coding
0,2400,,general
0,3000,,coding
0,12000,,coding
0,4200,,general
0,8400,,general
0,8400,,general
0,6600,,general
0,1800,,general
0,19200,,coding
0,5400,,coding
0,1200,,coding
0,4800,,general
0,10200,,coding
0,6600,,coding
0,1800,,general
0,1800,,general
0,6600,,coding
0,2400,,general
0,4800,,general
0,4200,,coding
0,2400,,coding
0,4800,,review
0,3000,,reading
0,3600,,general
0,2400,,writing
0,10800,,reading
0,3600,,general
0,4200,,coding
0,1800,,general
0,12000,,general
0,1800,,writing
0,4800,,reading
0,4200,,general
0,3600,,general
0,4200,,general
0,4200,,coding
0,7800,,reading
0,13800,,general
0,12600,,general
0,3000,,general
0,4800,,coding
0,1800,,coding
0,6000,,writing
0,16200,,general
0,2400,,coding
0,13800,,review
0,3600,,general
0,4200,,general
0,3600,,general
0,3600,,reading
0,2400,,general
0,5400,,general
0,2400,,general
0,7800,,general
0,2400,,general
0,4200,,coding
0,4200,,coding
0,7200,,coding
0,16800,,coding
0,6600,,coding
0,600,,coding
0,600,,coding
0,1200,,general
0,2400,,coding
0,3000,,general
0,4200,,general
0,4200,,reading
0,3000,,general
0,4800,,problem solving
0,1800,,general
0,3600,,review
0,1200,,coding
0,2400,,coding
0,6600,,coding
0,6600,,writing
0,7800,,coding
0,21600,,reading
0,2400,,general
0,2400,,coding
0,2400,,coding
0,6600,,general
0,6600,,general
0,3000,,coding
0,3000,,general
0,600,,general
0,1800,,writing
0,4200,,writing
0,4200,,writing
0,3600,,general
0,18000,,coding
0,1800,,general
0,4800,,general
0,3000,,writing
0,1200,,general
0,1200,,general
0,1800,,reading
0,21600,,coding
0,4200,,general
0,1800,,general
0,10800,,coding
0,4200,,general
0,3600,,general
0,5400,,coding
0,10200,,coding
0,1800,,coding
0,2400,,general
0,5400,,coding
0,2400,,general
0,3600,,general
0,4200,,general
0,3000,,general
0,3600,,general
0,3600,,general
0,2400,,reading
0,18600,,coding
0,1800,,general
0,3000,,general
0,2400,,coding
0,2400,,general
0,1800,,coding
0,3600,,coding
0,3000,,coding
0,8400,,coding
0,7200,,coding
0,3600,,coding
0,6600,,reading
0,10200,,problem solving
0,14400,,coding
0,19800,,coding
0,7800,,coding
0,1800,,coding
0,2400,,general
0,1800,,writing
0,7800,,general
0,16200,,reading
0,2400,,general
0,9600,,coding
0,3600,,general
0,4200,,reading
0,6000,,general
0,3000,,problem solving
0,3000,,general
0,1800,,general
0,3000,,general
0,3000,,general
0,1800,,general
0,1200,,general
0,46800,,coding
0,4800,,general
0,3600,,general
0,10200,,coding
0,25800,,review
0,2400,,review
0,6000,,general
0,19200,,general
0,5400,,general
0,1200,,general
0,3000,,general
0,1800,,general
0,3600,,general
0,1200,,general
0,2400,,coding
0,7200,,general
0,1200,,general
0,600,,coding
0,3000,,writing
0,4200,,writing
0,1800,,general
0,6000,,general
0,44400,,reading
0,16800,,writing
0,1200,,review
0,4800,,coding
0,4800,,general
0,6000,,writing
0,6600,,coding
0,1800,,general
0,2400,,writing
0,2400,,coding
0,6600,,coding
0,600,,writing
0,600,,problem solving
0,10200,,general
0,2400,,writing
0,1200,,coding
0,3000,,coding
0,14400,,general
0,1200,,coding
0,1800,,general
0,600,,coding
0,12000,,coding
0,1200,,coding
0,10200,,reading
0,7200,,coding
0,1200,,general
0,600,,coding
0,600,,general
0,5400,,review
0,6600,,reading
0,1200,,general
0,600,,general
0,16800,,coding
0,1200,,problem solving
0,4800,,problem solving
0,1200,,coding
0,8400,,research
0,4800,,coding
0,14400,,general
0,3600,,problem solving
0,4200,,general
0,54000,,general
0,7200,,writing
0,5400,,coding
0,1800,,coding
0,600,,reading
0,3600,,general
0,600,,coding
0,4800,,review
0,13200,,coding
0,600,,coding
345600,172800,5,coding
0,8400,,general
0,80400,,coding
0,21600,,coding
0,12000,,general
0,30600,,coding
0,42000,,coding
0,15000,,coding
0,3600,,general
0,9000,,general
0,4200,,general
0,3000,,coding
86400,172800,5,general
1209600,864000,5,general
0,13200,,general
0,600,,review
0,24000,,general
0,8400,,coding
0,600,,coding
0,8400,,coding
0,5400,,reading
0,6600,,coding
0,600,,coding
0,7200,,reading
0,49200,,general
0,4800,,writing
0,7800,,writing
0,22200,,general
0,1800,,coding
0,31800,,coding
0,1800,,coding
0,2400,,coding
0,9000,,coding
0,6000,,general
0,13800,,general
0,14400,,general
0,3600,,general
0,15000,,writing
86400,35400,5,reading
0,3600,,general
0,4200,,coding
0,2400,,general
0,600,,coding
0,1200,,coding
0,1800,,general
0,12600,,problem solving
0,600,,general
0,6600,,general
0,600,,review
0,1800,,coding
0,10200,,general
0,1800,,coding
0,10200,,coding
0,4200,,writing
0,1800,,coding
0,600,,writing
0,3600,,writing
0,2400,,writing
0,23400,,writing
0,6000,,coding
0,2400,,coding
0,4800,,coding
0,7800,,general
0,1800,,coding
0,1800,,coding
0,4800,,coding
0,5400,,coding
0,32400,,coding
0,6000,,coding
0,1800,,reading
0,8400,,general
0,1800,,coding
0,9600,,reading
0,45600,,coding
0,1800,,general
0,3600,,reading
0,3000,,research
0,3600,,coding
0,4800,,coding
0,44400,,coding
0,1800,,general
0,3600,,writing
0,5400,,coding
0,1800,,general
0,4200,,writing
0,17400,,reading
0,7800,,writing
0,600,,general
0,1800,,general
0,3000,,general
0,3000,,reading
0,4800,,problem solving
0,1800,,reading
0,1800,,reading
0,1800,,coding
0,4200,,coding
0,54600,,coding
0,14400,,general
0,4200,,general
0,3000,,writing
0,10200,,general
0,1800,,coding
0,4200,,coding
0,1800,,general
0,4200,,general
0,600,,coding
0,3600,,coding
0,1200,,general
0,30600,,coding
0,1200,,general
0,3600,,coding
0,1200,,writing
0,1800,,general
0,1800,,coding
0,1800,,general
0,1800,,general
0,1800,,general
0,1200,,general
0,2400,,writing
0,3000,,coding
0,23400,,writing
0,1200,,general
0,2400,,coding
0,6600,,coding
0,33000,,review
0,2400,,coding
0,3600,,general
0,25200,,coding
0,1800,,coding
0,2400,,writing
0,1800,,reading
0,13800,,coding
0,21600,,coding
0,17400,,general
0,1800,,coding
0,14400,,general
0,13200,,coding
0,600,,general
3600,600,2,general
0,1200,,coding
0,1800,,general
0,12600,,coding
0,16200,,coding
0,12600,,coding
0,600,,coding
0,39000,,problem solving
0,6000,,coding
0,600,,coding
0,1200,,coding
0,10800,,general
0,7200,,general
0,7800,,coding
0,4800,,coding
0,5400,,general
0,6000,,coding
0,7200,,coding
0,3000,,coding
0,7200,,coding
0,3000,,writing
0,10200,,coding
0,7800,,coding
0,7200,,coding
0,12000,,reading
0,8400,,reading
0,6000,,coding
0,5400,,general
0,24600,,coding
0,6000,,writing
0,6600,,coding
0,18000,,coding
0,7200,,writing
0,3600,,general
0,3000,,general
0,8400,,general
0,3600,,general
0,7200,,coding
0,13200,,coding
0,36600,,coding
0,10800,,general
0,4800,,general
0,14400,,coding
0,18000,,coding
0,3000,,coding
0,8400,,coding
0,7800,,coding
0,3600,,coding
0,2400,,general
0,5400,,problem solving
0,1800,,general
0,1800,,general
0,7800,,writing
0,7800,,coding
0,6000,,coding
0,5400,,coding
0,3000,,reading
0,3000,,general
0,3000,,general
0,3600,,general
0,3000,,coding
0,3600,,coding
0,3600,,problem solving
0,2400,,coding
0,3600,,general
0,3600,,reading
0,3000,,coding
0,5400,,general
0,4200,,general
0,16800,,coding
0,14400,,coding
0,3600,,coding
0,10800,,reading
0,1800,,general
0,3000,,general
0,1800,,general
0,8400,,coding
0,3600,,reading
0,15000,,general
0,11400,,general
0,3600,,coding
0,2400,,general
0,7800,,coding
0,21000,,writing
0,3600,,problem solving
0,11400,,coding
0,9000,,general
0,10200,,general
0,2400,,coding
0,9000,,coding
0,6600,,coding
0,4800,,coding
0,13200,,coding
0,12000,,general
0,6000,,coding
0,600,,general
0,3600,,general
0,3600,,coding
0,6000,,coding
0,17400,,coding
0,8400,,general
0,14400,,writing
0,3600,,general
0,14400,,coding
0,13800,,coding
0,600,,writing
0,11400,,general
0,4200,,writing
0,4800,,problem solving
0,1200,,general
0,4800,,coding
0,4200,,problem solving
0,4800,,coding
0,1800,,coding
0,7800,,coding
0,11400,,coding
0,5400,,coding
0,4200,,writing
0,3000,,general
0,5400,,general
0,3000,,coding
0,3600,,general
0,6000,,general
0,3000,,general
0,4800,,general
0,3600,,coding
0,19200,,general
0,5400,,coding
0,6000,,writing
0,3600,,general
0,600,,general
0,2400,,coding
0,4200,,reading
0,4200,,coding
0,12600,,general
0,3600,,coding
0,4200,,general
0,3000,,general
0,3600,,writing
0,3000,,general
0,6600,,coding
0,3600,,problem solving
0,18000,,general
0,24600,,coding
0,1209600,,writing
0,600,,general
0,5400,,general
1800,1200,2,coding
0,600,,coding
0,4200,,coding
0,7200,,coding
0,600,,coding
0,3600,,general
0,3600,,general
0,7200,,general
0,7200,,general
0,7200,,coding
14400,28800,4,coding
28800,28800,5,coding
28800,28800,5,general
57600,57600,5,general
144000,144000,5,coding
0,57600,,coding
0,7200,,coding
144000,14400,5,coding
144000,288000,5,reading
3600,7200,2,problem solving
0,28800,,writing
86400,86400,5,general
0,144000,,reading
0,7200,,general
1800,1800,2,coding
0,633600,,coding
7200,7200,3,general
144000,7200,5,general
57600,57600,5,general
0,144000,,problem solving
0,28800,,general
151200,151200,5,writing
28800,28800,5,general
57600,57600,5,coding
86400,180000,5,reading
57600,14400,5,coding
28800,57600,5,general
0,518400,,coding
0,2400,,coding
0,57600,,writing
0,6960,,coding
0,9600,,coding
0,163200,,coding
0,1800,,coding
0,12600,,reading
0,5400,,coding
0,1200,,general
0,3000,,coding
0,3000,,general
0,1200,,general
0,600,,general
0,4800,,general
0,2400,,coding
0,14400,,coding
0,600,,general
0,7800,,coding
0,27600,,coding
0,3000,,general
0,3600,,coding
0,9600,,coding
0,1800,,coding
0,600,,general
0,2400,,coding
0,7200,,coding
0,600,,general
0,4800,,coding
0,2400,,general
0,600,,coding
0,1200,,general
0,600,,general
0,4800,,coding
0,600,,reading
0,1200,,general
0,600,,general
0,1200,,general
0,4200,,general
0,9000,,coding
0,2400,,general
0,600,,coding
0,14400,,writing
0,3000,,reading
0,1800,,problem solving
0,6000,,writing
0,3600,,reading
0,10800,,coding
0,6000,,coding
0,4800,,general
0,18000,,coding
0,600,,general
0,10200,,general
0,13800,,coding
0,5400,,general
0,8400,,coding
0,2400,,research
0,6000,,general
0,6000,,general
0,4200,,general
0,3000,,general
0,10800,,general
0,7800,,general
0,1800,,general
0,6600,,coding
0,32400,,coding
0,13200,,general
0,17400,,general
0,7800,,general
0,1800,,general
0,600,,coding
0,600,,general
0,2400,,coding
0,3000,,coding
0,600,,general
0,600,,coding
604800,29400,5,general
0,600,,reading
0,1200,,general
0,2400,,writing
0,1800,,coding
0,6000,,coding
0,600,,coding
0,600,,general
0,1200,,general
0,1200,,coding
0,3000,,coding
0,1200,,coding
0,1200,,general
0,1200,,coding
0,1200,,coding
0,1200,,general
0,1200,,coding
0,1200,,reading
0,1200,,coding
0,4800,,coding
0,1200,,coding
0,4800,,coding
0,7200,,coding
0,1800,,coding
0,1800,,coding
0,3600,,general
7200,1800,3,review
0,3600,,general
86400,82800,5,general
10800,14400,3,general
0,18000,,coding
3600,7200,2,general
0,7200,,problem solving
3600,14400,2,writing
7200,14400,3,general
86400,86400,5,coding
0,7200,,coding
0,259200,,coding
0,115200,,coding
0,600,,coding
0,604800,,coding
0,3600,,general
14400,3600,4,coding
0,5400,,coding
0,600,,general
0,1200,,problem solving
0,1200,,coding
0,600,,coding
0,1200,,coding
0,600,,coding
3600,600,2,research
0,600,,general
0,300,,coding
0,600,,general
1800,900,2,writing
86400,18000,5,research
0,3600,,coding
0,600,,coding
0,18600,,coding
600,600,1,review
1200,1200,2,writing
7200,7200,3,review
0,4200,,coding
0,10800,,coding
0,1200,,general
0,1200,,general
0,1200,,coding
0,1200,,general
0,1200,,problem solving
0,1200,,coding
0,1200,,coding
0,1200,,coding
0,1200,,coding
0,1200,,general
0,1200,,general
0,1200,,research
0,1200,,coding
0,1200,,general
0,1200,,general
0,1200,,general
0,1200,,coding
0,1200,,general
0,1200,,reading
0,1200,,general
0,1200,,coding
0,10800,,review
0,1200,,general
0,600,,coding
0,1200,,coding
0,1200,,reading
0,1200,,coding
0,2400,,coding
0,1200,,coding
0,7800,,general
3600,1800,2,review
7200,10800,3,writing
432000,259200,5,coding
604800,432000,5,general
432000,777600,5,general
259200,604800,5,general
604800,1382400,5,general
1209600,1209600,5,coding
0,3000,,coding
0,7800,,coding
0,4800,,general
0,1200,,coding
0,3600,,general
0,1200,,coding
0,3000,,coding
0,11400,,general
0,1800,,coding
0,3000,,coding
0,1800,,coding
0,1800,,coding
0,1800,,coding
0,1200,,coding
0,1800,,coding
0,5400,,coding
0,4200,,coding
0,12600,,coding
0,1200,,coding
0,6000,,general
0,1200,,coding
0,32400,,general
0,600,,general
0,600,,coding
0,600,,coding
0,600,,general
0,600,,general
0,600,,coding
0,600,,problem solving
0,600,,reading
0,600,,coding
0,600,,coding
0,600,,coding
0,600,,coding
0,600,,general
0,600,,coding
0,600,,problem solving
0,600,,coding
0,600,,problem solving
0,600,,coding
0,600,,general
0,600,,coding
0,600,,general
0,600,,writing
0,14400,,coding
0,172800,,coding
0,600,,writing
0,480,,general
0,600,,writing
0,120,,general
0,120,,general
0,900,,review
0,6660,,research
0,7560,,coding
0,1200,,general
0,1440,,general
0,240,,writing
0,420,,general
0,600,,general
0,540,,review
0,660,,coding
0,900,,coding
0,840,,general
0,780,,coding
0,900,,general
0,3060,,coding
0,5760,,coding
0,720,,general
0,780,,coding
0,360,,coding
0,720,,general
0,2100,,research
0,1320,,general
0,2400,,general
0,3060,,general
0,1380,,general
0,2040,,problem solving
0,420,,general
0,5880,,general
0,3600,,general
0,360,,general
0,720,,general
0,600,,reading
0,600,,general
0,600,,coding
0,600,,coding
0,720,,coding
0,1200,,coding
0,7200,,general
0,1200,,general
0,18600,,general
0,600,,general
0,1200,,general
0,3000,,coding
0,13800,,coding
0,4800,,coding
0,5400,,coding
0,1800,,general
0,4800,,review
0,2400,,review
0,2400,,reading
0,6600,,coding
0,5400,,coding
0,60600,,general
0,1200,,coding
0,24000,,coding
0,26400,,general
0,3600,,general
0,15000,,problem solving
0,7800,,coding
0,1800,,writing
0,34200,,coding
86400,28800,5,general
0,57600,,general
0,7200,,general
14400,14400,4,general
0,1200,,general
172800,172800,5,coding
259200,259200,5,coding
0,1800,,writing
0,1200,,general
0,1200,,coding
0,2400,,reading
0,5400,,general
0,1200,,coding
0,2400,,writing
0,5400,,general
86400,60600,5,reading
0,3600,,reading
0,8400,,review
0,1200,,coding
0,4200,,coding
0,2400,,general
0,2400,,general
0,4800,,coding
0,9000,,writing
0,2400,,research
0,2400,,general
0,1200,,general
0,50400,,coding
0,16800,,coding
0,5400,,reading
0,1200,,writing
0,3600,,coding
0,1200,,coding
0,1800,,review
0,1800,,coding
0,1200,,writing
0,3000,,writing
0,21000,,writing
0,1200,,general
0,1200,,coding
0,6000,,general
0,600,,coding
0,2400,,general
0,28200,,general
0,2400,,general
0,1200,,research
600,11400,1,reading
0,1800,,reading
0,2400,,general
0,2400,,reading
0,1200,,general
0,3600,,writing
0,1200,,general
0,3600,,coding
0,7800,,problem solving
0,18000,,coding
0,2400,,coding
0,21600,,coding
0,4800,,coding
0,9000,,general
0,3600,,coding
0,3600,,coding
0,10800,,coding
0,2400,,problem solving
0,2400,,coding
0,9000,,general
0,6600,,reading
0,2400,,coding
0,11400,,general
0,1200,,general
0,1200,,writing
0,600,,writing
0,600,,general
0,1200,,writing
0,1800,,research
0,1800,,general
0,4200,,general
0,13200,,general
0,3000,,coding
10800,1800,3,writing
0,600,,coding
0,1800,,review
0,2400,,general
0,15600,,coding
0,3000,,general
0,600,,coding
0,23400,,coding
0,1800,,coding
0,3000,,coding
0,1800,,general
0,25200,,coding
0,2400,,coding
0,27000,,coding
0,600,,coding
0,1800,,reading
0,600,,general
0,600,,coding
0,1800,,general
0,1800,,coding
0,1800,,general
0,1800,,reading
0,1200,,coding
0,3600,,general
0,7200,,coding
0,2400,,coding
0,600,,review
0,1800,,coding
0,3000,,coding
0,1800,,research
0,1200,,general
0,600,,general
0,600,,review
0,600,,general
0,2400,,research
0,3600,,coding
0,1800,,general
0,4200,,review
0,600,,coding
0,4200,,coding
0,3600,,writing
0,600,,coding
0,6600,,coding
0,3600,,general
0,1800,,coding
0,3600,,writing
0,1800,,general
0,1800,,research
0,5400,,coding
0,1800,,writing
0,1200,,review
0,1800,,writing
0,600,,review
0,600,,general
0,1200,,coding
0,1800,,writing
0,1800,,general
0,600,,general
0,7200,,general
0,600,,general
0,42600,,general
0,600,,writing
0,3600,,general
0,1800,,coding
0,4800,,reading
0,600,,general
0,1800,,general
0,17400,,general
0,1800,,writing
0,1200,,general
0,1800,,general
0,3000,,coding
0,1800,,coding
0,1800,,coding
0,6600,,coding
0,1800,,general
0,5400,,review
0,3600,,coding
0,1200,,coding
0,5400,,coding
0,1800,,general
0,1200,,general
0,4800,,coding
0,3000,,general
0,1200,,coding
0,1200,,coding
0,1200,,coding
0,1800,,coding
0,600,,review
0,3600,,writing
0,1200,,general
0,1800,,coding
0,6600,,reading
0,3000,,general
0,1800,,reading
0,1800,,coding
0,1800,,general
0,2400,,coding
0,1800,,reading
0,1200,,research
0,4800,,general
0,3000,,coding
0,6600,,coding
0,4200,,reading
0,4800,,general
0,3600,,general
0,1200,,coding
0,1200,,general
0,600,,writing
0,1200,,reading
0,1800,,general
0,3600,,general
0,1200,,general
0,600,,general
0,2400,,general
0,6600,,general
0,1800,,coding
0,2400,,problem solving
0,1200,,writing
0,2400,,coding
0,2400,,general
0,1200,,general
0,600,,coding
0,4800,,reading
0,1800,,general
0,1800,,coding
0,3000,,coding
0,3600,,review
0,4800,,coding
0,1200,,reading
0,6000,,general
0,1800,,review
0,4800,,general
0,600,,coding
0,1200,,writing
0,1200,,general
0,600,,coding
0,5400,,coding
0,1800,,coding
0,1200,,writing
0,600,,coding
0,600,,coding
0,2400,,review
0,600,,writing
0,2400,,general
0,2400,,review
0,1200,,general
0,600,,coding
0,600,,reading
0,1800,,reading
0,1800,,coding
0,1200,,coding
0,1200,,general
0,3600,,writing
0,1200,,general
0,2400,,general
0,1800,,reading
0,1200,,writing
0,3000,,reading
0,1200,,reading
0,600,,reading
0,600,,reading
0,1200,,coding
0,1200,,coding
0,2400,,coding
0,1200,,general
0,1800,,general
0,1800,,coding
0,1200,,coding
0,3000,,coding
0,1800,,coding
0,600,,writing
0,600,,general
0,1800,,general
0,1800,,writing
0,21000,,review
0,600,,coding
0,2400,,coding
0,1200,,general
0,1800,,coding
0,1200,,general
0,1200,,writing
0,1800,,general
0,3600,,reading
0,1800,,general
0,3600,,general
0,1200,,review
0,2400,,general
0,1200,,general
0,1200,,general
0,1800,,coding
0,1200,,general
0,1200,,general
0,1200,,coding
0,1200,,reading
0,1800,,coding
0,1200,,coding
0,1800,,coding
0,15600,,coding
0,1200,,general
0,1200,,coding
0,1200,,coding
0,600,,coding
0,1200,,coding
0,1800,,general
0,1200,,general
0,2400,,reading
0,1200,,coding
0,4800,,coding
0,1200,,general
0,1800,,research
0,6000,,writing
0,2400,,coding
0,1200,,general
0,2400,,writing
0,2400,,coding
0,1200,,coding
0,1200,,research
0,1200,,general
0,1200,,writing
0,4800,,general
0,8400,,general
0,1200,,coding
0,1800,,writing
0,1200,,problem solving
0,4800,,general
0,2400,,writing
0,1200,,coding
0,600,,general
0,1800,,coding
0,4800,,writing
0,2400,,general
0,1200,,general
0,1800,,writing
0,2400,,general
0,1200,,writing
0,1200,,writing
0,1200,,general
0,1200,,review
0,1200,,general
0,2400,,coding
0,1200,,coding
0,2400,,general
0,1800,,writing
0,3000,,writing
0,1800,,general
0,2400,,coding
0,1800,,reading
0,4800,,review
0,1200,,reading
0,2400,,general
0,3000,,general
0,2400,,reading
0,1200,,problem solving
0,1200,,reading
0,1200,,reading
0,2400,,coding
0,1200,,reading
0,1800,,writing
0,600,,general
0,1800,,general
0,1200,,reading
0,1200,,general
0,3000,,reading
0,1200,,general
0,1200,,coding
0,1200,,coding
0,4200,,coding
0,5400,,coding
0,600,,reading
0,1200,,coding
0,1200,,coding
0,1800,,writing
0,2400,,general
0,1200,,general
0,5400,,coding
0,1200,,general
0,1200,,coding
0,3600,,general
0,1200,,general
0,1800,,coding
0,2400,,reading
0,3600,,coding
0,1200,,writing
0,4800,,general
0,9600,,general
0,5400,,reading
0,600,,coding
0,20400,,coding
0,2400,,general
0,1800,,general
0,600,,coding
0,600,,coding
0,600,,coding
0,600,,coding
0,600,,coding
0,2400,,general
0,1200,,coding
0,3600,,coding
0,1200,,review
0,3600,,coding
0,1800,,general
0,1200,,general
0,600,,coding
0,600,,writing
0,600,,coding
0,6000,,writing
0,600,,reading
0,600,,general
0,1200,,coding
0,600,,coding
0,1200,,writing
0,600,,review
0,1200,,general
0,3600,,general
0,600,,coding
0,1800,,review
0,3000,,general
0,600,,coding
0,1200,,general
0,600,,reading
0,600,,general
0,600,,general
0,600,,review
0,600,,reading
0,600,,coding
0,600,,general
0,1200,,coding
0,600,,general
0,600,,writing
0,1800,,general
0,1800,,review
0,1800,,general
0,600,,review
0,3600,,coding
0,600,,reading
0,600,,review
0,600,,general
0,600,,general
0,600,,general
0,3000,,reading
0,1200,,coding
0,600,,coding
0,600,,review
0,3000,,review
0,600,,general
0,600,,general
0,1200,,general
0,600,,reading
0,600,,reading
0,600,,reading
0,1800,,coding
0,3000,,general
0,600,,reading
0,600,,coding
0,600,,reading
0,1800,,general
0,12600,,general
0,600,,general
0,1200,,general
0,600,,general
0,1200,,general
0,600,,coding
0,3000,,general
0,600,,reading
0,600,,problem solving
0,1200,,general
0,1800,,coding
0,600,,reading
0,600,,general
0,1800,,review
0,600,,general
0,5400,,writing
0,3000,,coding
0,4800,,writing
0,1200,,writing
0,4200,,general
0,1800,,coding
0,1200,,reading
0,2400,,writing
0,5400,,writing
0,600,,general
0,4200,,general
0,2400,,general
0,1200,,general
0,4200,,coding
0,3600,,coding
0,1200,,reading
0,600,,general
0,600,,coding
0,600,,coding
0,1800,,coding
0,1200,,general
0,600,,coding
0,2400,,coding
0,7200,,coding
0,22800,,coding
0,600,,problem solving
0,4200,,writing
0,17400,,general
0,1800,,general
0,4200,,general
0,13800,,reading
0,49800,,coding
0,10200,,general
3600,3600,2,general
0,259200,,writing
3600,3600,2,review
0,600,,coding
0,600,,reading
1800,1800,2,general
0,7200,,coding
3600,600,2,coding
3600,3600,2,general
172800,14400,5,general
0,7800,,coding
0,600,,general
0,3000,,general
0,3000,,reading
0,6000,,coding
0,11400,,coding
0,3600,,coding
0,21600,,general
0,3000,,coding
0,9600,,general
0,2400,,general
0,3000,,general
0,12600,,general
0,3000,,general
0,7200,,coding
0,1200,,writing
0,1200,,coding
0,1200,,reading
1800,600,2,writing
2419200,1209600,5,reading
0,1200,,writing
0,600,,general
0,1200,,general
0,600,,coding
0,3600,,general
3600,3600,2,coding
0,57600,,coding
0,7200,,general
0,13200,,general
0,1200,,coding
0,6000,,coding
0,3600,,writing
0,4800,,general
900,10800,1,general
7200,10800,3,general
0,1800,,general
14400,46800,4,coding
86400,144000,5,general
1800,3600,2,general
0,18000,,general
7200,7200,3,coding
3600,5400,2,general
28800,226800,5,general
3600,15300,2,problem solving
0,5400,,coding
259200,126000,5,coding
86400,270000,5,coding
7200,10800,3,general
28800,64800,5,coding
10800,7200,3,coding
0,21600,,general
3600,7200,2,general
0,900,,review
3600,7200,2,general
0,900,,writing
1800,1800,2,coding
1800,3600,2,general
3600,7200,2,general
1800,3600,2,coding
1800,3600,2,general
0,10800,,coding
3600,3600,2,general
0,115200,,review
14400,18000,4,general
900,900,1,coding
900,1800,1,general
7200,5400,3,general
0,3600,,coding
0,14400,,general
7200,10800,3,review
0,7200,,review
3600,5400,2,general
900,5400,1,general
14400,7200,4,coding
3600,10800,2,general
0,18000,,reading
3600,7200,2,general
3600,5400,2,general
0,10800,,coding
86400,86400,5,general
1800,1200,2,coding
0,14400,,coding
900,600,1,general
0,5400,,general
0,10800,,coding
0,14400,,coding
0,3600,,general
0,345600,,coding
3600,3600,2,general
86400,86400,5,general
1800,1800,2,writing
900,900,1,general
0,1800,,writing
0,86400,,general
0,18000,,general
0,7200,,coding
1800,600,2,general
3600,7200,2,coding
0,10800,,coding
0,3600,,problem solving
0,7200,,general
10800,18000,3,general
0,5400,,general
3600,14400,2,general
0,7200,,general
10800,54000,3,coding
0,14400,,review
0,600,,reading
0,600,,reading
0,1800,,general
21600,21600,5,coding
172800,14400,5,reading
0,14400,,writing
259200,259200,5,general
1209600,1209600,5,coding
7200,5400,3,coding
0,957600,,writing
14400,9000,4,coding
0,600,,general
0,600,,coding
0,600,,general
0,660,,review
0,1200,,coding
14400,7200,4,coding
7200,7200,3,writing
1800,1200,2,writing
3600,1200,2,research
3600,900,2,general
1200,900,2,coding
14400,691200,4,coding
0,900,,writing
900,1200,1,coding
0,900,,coding
0,7200,,coding
172800,43800,5,coding
172800,1555200,5,coding
0,14400,,general
3600,7200,2,general
0,3600,,review
3600,4200,2,general
14400,3600,4,coding
172800,25800,5,general
0,13320,,coding
7200,900,3,coding
600,300,1,general
28800,5400,5,general
28800,21600,5,general
14400,7200,4,coding
0,1800,,general
43200,8100,5,coding
7200,3600,3,coding
0,7200,,general
18000,10800,4,writing
1800,1800,2,general
0,900,,coding
0,1200,,coding
3600,2700,2,general
300,240,1,research
300,120,1,general
3600,1320,2,coding
0,960,,problem solving
10800,5520,3,writing
0,14940,,coding
7200,300,3,general
0,8280,,problem solving
0,4500,,general
9000,9300,3,general
9000,3300,3,general
0,10800,,general
0,6180,,general
0,6720,,general
14400,8820,4,coding
0,14400,,coding
0,1800,,writing
0,900,,general
0,4560,,coding
0,480,,general
7200,2580,3,coding
0,71820,,coding
0,960,,general
0,4500,,general
0,2640,,coding
0,14520,,general
0,2580,,coding
0,5460,,coding
0,16200,,general
0,195060,,coding
0,393960,,coding
259200,83580,5,coding
432000,230280,5,coding
172800,113280,5,coding
86400,86400,5,coding
172800,172800,5,general
3600,3600,2,review
86400,9000,5,review
0,86400,,general
0,10800,,general
0,345600,,coding
604800,46800,5,coding
0,36000,,general
0,1800,,coding
0,93600,,coding
14400,61200,4,general
144000,86400,5,reading
115200,129600,5,general
0,6000,,reading
0,7200,,general
10368000,5184000,5,coding
172800,172800,5,problem solving
0,1800,,coding
1209600,14400,5,coding
259200,363600,5,coding
86400,3600,5,coding
10800,10800,3,general
0,18000,,general
28800,25200,5,coding
0,1200,,reading
0,2400,,coding
14400,240,4,general
86400,86400,5,review
86400,86400,5,general
86400,86400,5,general
43200,32400,5,general
86400,86400,5,coding
259200,86400,5,general
172800,86400,5,coding
432000,518400,5,general
86400,86400,5,general
86400,3600,5,coding
172800,5760,5,general
432000,21600,5,coding
345600,604800,5,coding
86400,43200,5,general
86400,87840,5,general
86400,14400,5,reading
259200,146400,5,general
259200,345600,5,general
86400,86400,5,general
1800,3600,2,coding
3600,5400,2,coding
0,1800,,general
86400,14400,5,general
86400,26640,5,coding
432000,259200,5,general
604800,86400,5,general
0,600,,research
0,1800,,coding
0,1200,,coding
126000,75600,5,coding
7200,18000,3,coding
0,9000,,writing
0,14400,,general
0,172800,,writing
0,43200,,general
0,172800,,coding
0,172800,,coding
28800,28800,5,coding
2203200,345600,5,general
3600,3600,2,general
172800,172800,5,coding
0,600,,coding
604800,7200,5,coding
0,240,,coding
0,180,,reading
0,3660,,coding
0,480,,general
0,2940,,coding
0,780,,coding
0,240,,general
0,4260,,general
0,10140,,general
0,2820,,coding
0,120,,research
0,300,,general
0,600,,general
0,240,,coding
0,120,,general
0,3060,,coding
0,1080,,general
0,2340,,coding
0,840,,general
0,17520,,general
0,1020,,coding
0,1200,,coding
0,1500,,coding
0,6420,,general
0,300,,coding
0,300,,coding
0,2040,,coding
0,1380,,coding
0,180,,coding
0,1260,,coding
0,120,,coding
0,1140,,coding
0,1560,,coding
0,2220,,coding
0,120,,coding
0,2040,,coding
0,1500,,coding
0,2700,,coding
0,180,,coding
0,1020,,coding
0,780,,general
0,59040,,coding
0,300,,general
0,960,,reading
0,720,,general
0,3480,,coding
0,240,,general
0,7440,,coding
0,540,,coding
0,360,,general
0,1860,,general
0,540,,review
0,1020,,general
0,300,,general
0,180,,general
0,900,,general
0,1020,,coding
0,420,,coding
0,420,,coding
0,1320,,coding
0,120,,coding
0,7020,,general
0,300,,general
0,1080,,coding
0,2460,,writing
0,180,,coding
0,420,,coding
0,120,,coding
0,3060,,reading
0,6960,,coding
0,180,,general
0,420,,general
0,240,,coding
0,180,,coding
0,1680,,coding
0,720,,coding
0,120,,general
0,5580,,research
0,120,,general
0,2520,,coding
0,2640,,coding
0,1500,,coding
0,180,,coding
0,1200,,review
0,1920,,coding
0,120,,research
0,720,,general
0,840,,general
0,660,,reading
0,3420,,research
0,4020,,coding
0,600,,coding
0,63180,,coding
0,120,,review
0,26880,,general
0,180,,coding
0,840,,coding
0,180,,coding
0,1680,,coding
0,1380,,coding
0,300,,general
0,4440,,reading
0,2700,,general
0,1080,,general
0,120,,coding
0,480,,general
0,2880,,coding
0,4080,,coding
0,480,,general
0,2280,,general
0,1020,,general
0,345600,,general
600,600,1,general
1200,1200,2,coding
7200,3600,3,coding
7200,5400,3,coding
3600,3600,2,coding
7200,10800,3,coding
10800,12600,3,general
7200,14400,3,coding
14400,10800,4,coding
14400,21600,4,coding
7200,7200,3,coding
7200,7200,3,coding
3600,1800,2,coding
14400,21600,4,coding
0,600,,coding
0,45000,,coding
0,240,,general
0,120,,coding
0,776520,,coding
259200,432000,5,coding
0,4800,,general
0,1200,,coding
172800,57600,5,general
7200,7200,3,general
0,14400,,general
3600,3600,2,general
14400,14400,4,general
1800,1800,2,reading
1800,1800,2,general
3600,3600,2,general
3600,3600,2,general
7200,7200,3,general
14400,14400,4,general
1200,1200,2,general
14400,14400,4,writing
14400,7200,4,general
600,600,1,general
600,600,1,general
1200,1200,2,general
0,1800,,reading
10800,10800,3,general
28800,3600,5,coding
7200,7200,3,coding
0,600,,writing
3600,3600,2,general
7200,7200,3,coding
14400,7200,4,general
14400,360,4,problem solving
0,7200,,general
14400,14400,4,coding
28800,28800,5,reading
0,1380,,general
0,3600,,general
0,120,,reading
0,300,,coding
28800,57600,5,coding
28800,28800,5,coding
28800,28800,5,coding
28800,28800,5,coding
28800,28800,5,research
28800,28800,5,coding
0,43200,,general
0,172800,,coding
0,115200,,coding
86400,86400,5,general
3600,3600,2,coding
14400,14400,4,general
7200,7200,3,coding
172800,151200,5,problem solving
259200,216000,5,coding
14400,10800,4,reading
0,4200,,general
0,3600,,general
86400,86400,5,coding
3600,3600,2,general
7200,7200,3,coding
0,1200,,coding
0,3000,,general
0,1200,,coding
0,1200,,general
0,1200,,review
0,1800,,coding
0,2400,,general
0,600,,general
0,1200,,general
0,2400,,general
0,1200,,general
0,1200,,coding
0,1200,,general
0,1200,,general
0,16200,,coding
0,1800,,general
0,1800,,general
0,600,,general
0,1200,,coding
0,600,,general
0,600,,general
0,3600,,reading
0,5400,,reading
0,4200,,writing
0,600,,coding
0,3600,,coding
0,1800,,general
0,5400,,research
0,600,,writing
0,600,,writing
0,1200,,general
0,1200,,coding
0,1200,,coding
0,1200,,general
0,600,,reading
0,600,,reading
0,600,,coding
0,7200,,coding
0,1800,,general
0,600,,writing
0,600,,general
0,600,,coding
0,600,,general
0,1800,,general
0,600,,review
0,3000,,general
0,1200,,writing
0,1800,,reading
0,4200,,review
0,1200,,coding
0,8400,,general
0,600,,general
0,1200,,general
0,600,,coding
0,1800,,general
0,1200,,writing
0,10200,,general
0,600,,review
0,1800,,reading
0,1200,,general
0,1200,,general
0,1800,,reading
0,4800,,general
0,7800,,coding
0,1200,,coding
0,600,,general
0,1800,,writing
0,4800,,general
0,1800,,general
0,600,,writing
0,1200,,coding
0,1200,,problem solving
0,1200,,general
0,600,,coding
0,1200,,general
0,2400,,review
0,1200,,writing
0,1200,,writing
0,1800,,general
0,7200,,general
0,600,,coding
0,600,,coding
0,600,,writing
0,3000,,problem solving
0,1200,,coding
0,13800,,coding
0,600,,general
0,600,,reading
0,600,,general
0,1800,,coding
0,600,,coding
0,600,,coding
0,600,,general
0,600,,general
0,3600,,general
0,2400,,review
0,1200,,general
0,3000,,research
0,600,,coding
0,600,,coding
0,1200,,general
0,1200,,coding
0,600,,coding
0,600,,coding
0,1200,,general
0,1200,,general
0,3000,,general
0,1800,,coding
0,1200,,general
0,6000,,review
0,600,,general
0,600,,writing
0,1200,,coding
0,12600,,coding
0,2400,,reading
0,600,,general
0,1200,,coding
0,1800,,coding
0,600,,coding
0,1800,,reading
0,600,,general
0,1200,,coding
0,1800,,general
0,3000,,general
0,1200,,writing
0,2400,,reading
0,2400,,general
0,1800,,general
0,600,,general
0,1800,,coding
0,600,,coding
0,1200,,coding
0,600,,review
0,1200,,general
0,3600,,general
0,2400,,coding
0,4800,,general
0,1200,,general
0,1800,,general
0,1800,,general
0,1800,,writing
0,1200,,coding
0,600,,coding
0,1200,,reading
0,1200,,reading
0,600,,coding
0,3000,,coding
0,2400,,review
0,1800,,reading
0,1200,,reading
0,1200,,coding
0,1200,,reading
0,2400,,problem solving
0,1200,,reading
0,1200,,general
0,2400,,writing
0,600,,general
0,1200,,reading
0,1800,,coding
0,600,,coding
0,1200,,general
0,1800,,reading
0,1200,,coding
0,3600,,writing
0,1800,,general
0,1200,,coding
0,3600,,general
0,1800,,coding
0,600,,general
0,2400,,coding
0,4800,,general
0,600,,coding
0,1200,,general
0,1800,,coding
0,1200,,general
0,2400,,general
0,1800,,general
0,1800,,general
0,1800,,general
0,2400,,coding
0,1200,,reading
0,1200,,review
0,9600,,writing
0,1800,,reading
0,1200,,reading
0,2400,,general
0,2400,,reading
0,1200,,coding
0,1800,,general
0,600,,general
0,3000,,reading
0,600,,coding
0,1200,,writing
0,4800,,writing
0,7800,,coding
0,39600,,coding
0,1200,,review
0,1200,,general
0,1800,,review
0,1800,,coding
0,1800,,general
0,3000,,general
0,600,,review
0,1200,,coding
0,1800,,coding
0,1800,,coding
0,600,,coding
0,1800,,general
0,2400,,coding
0,1200,,coding
0,3000,,coding
0,1800,,reading
0,3600,,coding
0,600,,reading
0,9600,,coding
0,3600,,general
0,600,,general
0,24600,,general
0,1200,,review
0,1200,,coding
0,1200,,coding
0,600,,general
0,600,,general
0,1200,,coding
0,1200,,coding
0,1200,,coding
0,600,,general
0,1200,,general
0,1200,,general
0,1200,,general
0,1200,,coding
0,1200,,general
0,2400,,general
0,1200,,general
0,4200,,coding
0,1200,,coding
0,1800,,general
0,600,,general
0,600,,general
0,3000,,general
0,3600,,general
0,1800,,general
0,1800,,coding
0,6600,,coding
0,600,,coding
0,1200,,coding
0,1200,,research
0,5400,,coding
0,1800,,general
0,1800,,review
0,3600,,review
0,1200,,reading
0,1200,,coding
0,3000,,writing
0,3000,,general
0,1800,,general
0,1800,,review
0,1800,,writing
0,1800,,general
0,1800,,reading
0,1800,,coding
0,2400,,general
0,2400,,general
0,600,,general
0,1200,,review
0,3600,,coding
0,600,,general
0,4200,,coding
0,600,,general
0,3000,,general
0,1200,,coding
0,2400,,coding
0,1800,,general
0,1200,,general
0,1200,,general
0,600,,writing
0,1800,,coding
0,1800,,general
0,1800,,general
0,600,,coding
0,600,,coding
0,1200,,writing
0,1200,,general
0,1200,,review
0,4800,,writing
0,1200,,coding
0,3600,,general
0,1800,,coding
0,600,,coding
0,1200,,general
0,1200,,general
0,1200,,writing
0,1800,,research
0,1800,,general
0,1800,,coding
0,3000,,coding
0,3000,,coding
0,1800,,review
0,1800,,coding
0,5400,,review
0,1200,,coding
0,1200,,coding
0,45000,,coding
0,5400,,general
0,600,,writing
0,1200,,general
0,1200,,general
0,1200,,general
0,1200,,research
0,1200,,general
0,600,,general
0,1200,,coding
0,1200,,writing
0,2400,,general
0,1200,,general
0,1200,,general
0,1200,,general
0,1200,,general
0,1200,,general
0,1200,,general
0,1800,,general
0,1200,,coding
0,600,,general
0,1800,,general
0,2400,,general
0,600,,general
0,1200,,review
0,2400,,review
0,17400,,general
0,1200,,general
0,1200,,general
0,5400,,reading
0,1200,,coding
0,1200,,general
0,1800,,coding
0,600,,coding
0,600,,coding
0,3600,,reading
0,1800,,review
0,600,,general
0,1200,,general
0,1800,,coding
0,2400,,reading
0,600,,writing
0,3000,,coding
0,1800,,general
0,2400,,general
0,1800,,coding
0,1800,,reading
0,3600,,review
0,4800,,coding
0,1200,,general
0,4200,,general
0,6600,,reading
0,1200,,coding
0,2400,,general
0,26400,,coding
0,1200,,coding
0,1200,,general
0,1800,,reading
0,600,,general
0,600,,research
0,3000,,general
0,2400,,review
0,1800,,reading
0,600,,general
0,1200,,coding
0,1200,,reading
0,7200,,general
0,3600,,coding
0,3600,,general
0,2400,,coding
0,600,,coding
0,600,,general
0,2400,,coding
0,1800,,general
0,7800,,coding
0,2400,,coding
0,600,,coding
0,9000,,general
0,4200,,coding
0,600,,coding
0,600,,coding
0,2400,,general
0,600,,general
0,1200,,coding
0,1200,,review
0,1200,,general
0,600,,general
0,2400,,general
0,2400,,general
0,1800,,general
0,1800,,coding
0,1200,,general
86400,1200,5,coding
0,600,,reading
0,1800,,general
0,600,,general
0,1200,,coding
0,1800,,reading
0,600,,coding
0,1800,,writing
0,600,,coding
0,1800,,general
0,4800,,general
300,1200,1,reading
0,3000,,general
0,2400,,coding
0,600,,coding
0,4200,,writing
0,1200,,coding
0,600,,coding
0,1800,,coding
0,1800,,coding
0,600,,general
0,1800,,coding
0,1800,,writing
0,3600,,general
0,1800,,coding
0,600,,review
3600,600,2,general
0,1200,,coding
0,2400,,research
0,600,,coding
0,1200,,general
0,7800,,reading
0,1200,,general
0,600,,reading
0,2400,,writing
0,1800,,coding
0,600,,general
0,1800,,reading
0,1800,,coding
0,1200,,coding
0,3000,,general
0,1200,,general
0,3600,,coding
0,6600,,coding
0,600,,general
0,600,,general
0,1800,,coding
0,600,,general
0,2400,,review
0,3600,,writing
0,3000,,coding
0,2400,,general
0,600,,general
0,1800,,coding
0,4800,,coding
0,1200,,general
0,3600,,reading
0,1200,,general
0,7800,,coding
0,3600,,coding
0,2400,,coding
0,1800,,writing
0,7800,,reading
0,2400,,general
0,1200,,general
0,1800,,coding
0,1800,,coding
0,16800,,coding
0,3600,,coding
0,1200,,coding
0,16800,,reading
0,600,,review
0,2400,,writing
0,600,,coding
0,600,,writing
0,9000,,coding
0,2400,,coding
0,6000,,coding
0,600,,general
0,93600,,coding
0,600,,general
0,600,,coding
0,1800,,review
0,1200,,general
0,3000,,coding
0,1800,,coding
0,4200,,writing
0,600,,coding
0,1200,,general
0,600,,coding
0,600,,general
0,600,,writing
0,1800,,writing
0,2400,,coding
0,1200,,general
0,10800,,coding
0,7200,,coding
0,1800,,general
0,600,,coding
0,9000,,coding
0,3600,,general
0,13200,,general
0,1200,,general
0,1200,,coding
0,600,,general
0,1800,,general
0,4200,,general
0,1800,,coding
0,600,,general
0,600,,reading
0,2400,,general
0,42600,,coding
0,1200,,general
0,600,,reading
0,1200,,general
0,12000,,reading
0,1200,,reading
0,6600,,general
0,1200,,review
0,600,,general
300,180,1,coding
0,1800,,general
0,600,,reading
0,10800,,coding
86400,118800,5,general
0,10200,,reading
0,1800,,writing
0,9000,,general
0,600,,general
0,600,,general
0,28800,,coding
0,600,,coding
0,3000,,general
0,100200,,general
0,960,,coding
300,300,1,review
1800,2700,2,general
1800,1800,2,coding
5400,5400,3,coding
0,900,,coding
86400,3600,5,coding
0,14400,,general
3600,3600,2,coding
14400,7200,4,review
7200,3600,3,coding
21600,21600,5,general
7200,7200,3,coding
14400,14400,4,general
3600,3600,2,general
28800,28800,5,coding
0,7200,,coding
7200,3600,3,writing
14400,25200,4,coding
7200,10800,3,coding
0,3600,,general
7200,7200,3,coding
3600,3600,2,general
14400,14400,4,general
3600,3600,2,general
0,7200,,general
3600,3600,2,general
172800,36000,5,coding
18000,15480,4,review
21600,14400,5,coding
3600,1200,2,general
3600,2400,2,general
432000,3600,5,coding
172800,3600,5,writing
172800,7200,5,coding
1200,1200,2,general
28800,7200,5,general
18000,10800,4,reading
0,2700,,coding
0,3600,,coding
604800,7200,5,general
0,18900,,review
1800,900,2,general
900,900,1,general
900,1800,1,review
0,19800,,coding
0,34200,,review
0,9000,,coding
0,54000,,coding
0,7200,,general
0,7200,,general
0,1800,,general
0,10800,,general
0,3600,,general
0,5400,,general
86400,3600,5,coding
28800,28800,5,writing
18000,18000,4,coding
28800,46800,5,writing
57600,61200,5,writing
0,18000,,coding
10800,10800,3,coding
180,3600,1,general
10800,3600,3,general
900,900,1,general
86400,82800,5,writing
0,3600,,problem solving
57600,36000,5,coding
0,57600,,general
0,7200,,coding
0,600,,general
3600,3660,2,coding
3600,1800,2,coding
7200,3600,3,coding
7200,14400,3,coding
3600,3600,2,coding
7200,3600,3,coding
3600,14400,2,coding
0,5400,,coding
7200,7200,3,general
3600,7200,2,general
3600,3600,2,general
60,3600,1,general
3600,3600,2,coding
14400,14400,4,coding
3600,3600,2,coding
3600,3600,2,coding
3600,3600,2,coding
3600,3600,2,general
3600,3600,2,coding
7200,600,3,coding
3600,3600,2,coding
3600,3600,2,coding
14400,25200,4,coding
14400,28800,4,coding
3600,3600,2,general
3600,7200,2,coding
7200,7200,3,coding
7200,7200,3,coding
7200,7200,3,writing
43200,79200,5,coding
14400,10800,4,coding
14400,10800,4,coding
21600,14400,5,coding
28800,7200,5,coding
43200,14400,5,coding
72000,50400,5,coding
43200,39600,5,coding
43200,43200,5,coding
10800,10800,3,coding
0,94080,,coding
7200,1800,3,coding
3600,7200,2,coding
3600,3600,2,general
3600,7200,2,general
21600,7200,5,coding
14400,7200,4,general
7200,5400,3,research
3600,3600,2,coding
0,39600,,general
21600,16200,5,problem solving
3600,7200,2,coding
3600,3600,2,coding
10800,3600,3,coding
3600,3600,2,coding
21600,3600,5,coding
0,7200,,reading
14400,9000,4,coding
7200,5400,3,coding
21600,18000,5,coding
14400,27000,4,coding
14400,9000,4,coding
7200,3600,3,coding
10800,7200,3,problem solving
3600,3600,2,coding
3600,3600,2,coding
7200,7200,3,general
48000,43200,5,coding
10800,10800,3,coding
18000,16200,4,coding
7200,9000,3,coding
7200,5400,3,coding
7200,7200,3,coding
7200,7200,3,coding
3600,3600,2,general
18000,36000,4,coding
7200,12600,3,general
3600,3600,2,general
14400,3600,4,coding
14400,12600,4,reading
7200,14400,3,reading
14400,32400,4,coding
7200,10800,3,coding
7200,18000,3,coding
7200,5400,3,general
7200,1800,3,reading
10800,1800,3,coding
7200,7200,3,writing
3600,7200,2,general
7200,7200,3,general
7200,7200,3,coding
10800,9000,3,general
14400,21600,4,general
10800,10800,3,reading
3600,3600,2,general
14400,21600,4,coding
14400,21600,4,reading
3600,7200,2,general
3600,3600,2,reading
14400,5400,4,coding
10800,18000,3,general
3600,7200,2,coding
7200,7200,3,coding
7200,7200,3,coding
14400,14400,4,coding
1800,1800,2,coding
3600,3600,2,general
28800,3600,5,coding
7200,7200,3,coding
7200,9000,3,reading
7200,3600,3,reading
7200,7200,3,general
7200,7200,3,general
7200,3600,3,general
7200,3600,3,general
7200,3600,3,general
7200,12600,3,coding
3600,3600,2,coding
14400,3600,4,coding
7200,10800,3,coding
3600,3600,2,reading
7200,3600,3,reading
7200,7200,3,review
7200,3600,3,reading
7200,7200,3,reading
7200,3600,3,general
7200,3600,3,general
7200,7200,3,general
7200,3600,3,general
7200,7200,3,general
7200,7260,3,general
7200,3600,3,general
7200,3600,3,general
7200,14400,3,general
3600,7200,2,general
7200,7200,3,general
7200,10800,3,general
10800,10800,3,general
3600,3600,2,general
10800,10800,3,coding
0,18000,,coding
7200,3600,3,coding
7200,3600,3,coding
3600,7200,2,coding
7200,3600,3,coding
3600,3600,2,general
3600,3600,2,general
14400,104400,4,general
28800,43200,5,coding
28800,115200,5,coding
7200,12600,3,general
3600,3600,2,coding
3600,7200,2,general
14400,102600,4,coding
14400,25200,4,coding
7200,11700,3,general
3600,3600,2,general
7200,9900,3,general
86400,39600,5,general
28800,11700,5,general
14400,3600,4,coding
3600,3600,2,coding
3600,3600,2,coding
3600,600,2,general
3600,5400,2,general
7200,7200,3,coding
0,3600,,coding
7200,28800,3,problem solving
3600,5400,2,coding
0,7200,,reading
21600,28800,5,general
28800,28800,5,coding
0,29040,,general
7200,28800,3,coding
28800,3600,5,general
3600,3600,2,general
7200,7200,3,general
300,300,1,general
14400,7200,4,coding
0,3600,,writing
7200,7200,3,coding
86400,34200,5,general
14400,3600,4,reading
14400,14400,4,coding
7200,28800,3,reading
7200,7200,3,coding
10800,18000,3,reading
7200,7200,3,general
3600,18000,2,coding
0,7800,,general
14400,3600,4,coding
28800,28800,5,coding
28800,21600,5,coding
14400,7200,4,coding
7200,14520,3,coding
14400,600,4,coding
3600,3600,2,general
10800,36000,3,coding
3600,5400,2,coding
0,10800,,coding
7200,7200,3,coding
14400,12600,4,coding
0,3600,,coding
14400,21600,4,coding
0,3600,,coding
7200,3600,3,general
7200,3600,3,general
28800,3600,5,coding
28800,36000,5,reading
0,1200,,general
14400,27000,4,coding
28800,32400,5,coding
21600,10800,5,coding
3600,3600,2,coding
0,3600,,coding
57600,7200,5,coding
0,3600,,coding
0,3600,,coding
7200,3600,3,general
0,3600,,coding
0,3600,,coding
0,3600,,coding
0,3600,,coding
14400,9000,4,coding
600,600,1,coding
1800,1800,2,coding
0,7200,,coding
7200,1800,3,general
900,900,1,general
0,10800,,coding
0,7200,,general
10800,7200,3,coding
0,10800,,reading
0,10800,,coding
0,600,,coding
0,1800,,coding
104400,111600,5,writing
0,3600,,coding
86400,86400,5,coding
172800,172800,5,general
172800,86400,5,coding
172800,172800,5,general
604800,259200,5,coding
432000,172800,5,general
259200,259200,5,general
172800,172800,5,writing
259200,86400,5,coding
1209600,691200,5,general
900,1800,1,review
0,3600,,coding
0,600,,general
600,1200,1,reading
7200,600,3,general
600,600,1,coding
0,1200,,writing
0,2400,,coding
600,600,1,general
600,600,1,general
1800,900,2,general
604800,21600,5,coding
0,7200,,general
7200,10800,3,coding
0,600,,general
7200,1800,3,coding
0,3600,,writing
0,1200,,general
0,3600,,general
172800,172800,5,coding
72000,68400,5,general
0,7200,,coding
3600,2700,2,reading
0,2700,,coding
1800,2700,2,writing
0,1800,,general
900,1800,1,coding
0,135000,,writing
1800,2700,2,coding
1800,2700,2,general
900,1800,1,general
0,31200,,writing
0,11700,,coding
0,10800,,general
0,21600,,reading
0,10800,,research
0,10800,,writing
18000,21600,4,general
900,43200,1,coding
28800,28800,5,general
36000,28800,5,general
50400,48600,5,writing
18000,26100,4,writing
118800,108000,5,writing
7200,21600,3,coding
10800,43200,3,coding
10800,10800,3,writing
3600,1800,2,coding
14400,14400,4,coding
28800,57600,5,writing
21600,21600,5,general
25200,25200,5,general
10800,10800,3,general
50400,84600,5,general
14400,55800,4,coding
0,5400,,coding
72000,100800,5,general
0,7200,,coding
900,1800,1,general
3600,1800,2,research
57600,91800,5,general
0,7200,,reading
1800,1800,2,general
10800,3600,3,research
21600,102600,5,coding
10800,18000,3,review
3600,14400,2,general
28800,39600,5,coding
0,152400,,general
43200,43200,5,reading
1800,1800,2,general
18000,18000,4,research
10800,18000,3,general
3600,1800,2,general
3600,1800,2,coding
10800,10800,3,reading
3600,3600,2,general
3600,1800,2,coding
10800,10800,3,general
0,1800,,research
28800,3600,5,coding
28800,10800,5,general
43200,21600,5,general
14400,18000,4,writing
28800,21600,5,general
7200,5400,3,general
57600,50400,5,research
28800,57600,5,review
144000,21600,5,writing
72000,21600,5,general
54000,46800,5,research
72000,63000,5,research
57600,90000,5,reading
57600,240,5,reading
64800,18000,5,reading
46800,46800,5,research
43200,7200,5,coding
21600,18000,5,research
0,75600,,research
0,21600,,general
0,32400,,reading
28800,21600,5,research
0,37800,,general
0,7200,,coding
0,36000,,review
14400,16200,4,general
0,10800,,research
0,9000,,research
432000,691200,5,coding
64800,64800,5,general
0,75600,,general
64800,64800,5,reading
0,46980,,coding
54000,82800,5,general
28800,32400,5,general
28800,32400,5,general
64800,50400,5,general
1800,1800,2,general
144000,162000,5,writing
18000,57600,4,writing
86400,43200,5,general
14400,5400,4,general
7200,36900,3,general
64800,64800,5,writing
172800,61200,5,writing
46800,7200,5,writing
900,900,1,general
14400,3600,4,general
3600,7200,2,reading
1800,1800,2,coding
600,600,1,general
54000,54000,5,general
0,1200,,coding
111600,115200,5,writing
43200,187200,5,general
10800,10800,3,general
3600,3600,2,general
3600,7200,2,writing
3600,600,2,general
3600,1800,2,general
900,900,1,coding
14400,1800,4,general
7200,7200,3,writing
900,900,1,coding
7200,900,3,general
7200,7200,3,general
14400,10800,4,general
10800,1800,3,general
14400,1800,4,problem solving
3600,6300,2,problem solving
10800,25200,3,problem solving
0,14400,,general
0,1800,,review
3600,1800,2,general
50400,70200,5,writing
0,900,,general
43200,54000,5,writing
79200,75600,5,writing
28800,54000,5,coding
21600,21600,5,general
3600,3600,2,general
75600,57600,5,writing
3600,3600,2,writing
0,21600,,writing
3600,7320,2,writing
28800,54000,5,writing
43200,41400,5,writing
900,900,1,coding
0,3600,,general
7200,600,3,general
7200,7200,3,coding
7200,3600,3,general
3600,600,2,general
0,21600,,writing
10800,3600,3,writing
10800,10800,3,general
0,18000,,writing
1800,1800,2,writing
0,7200,,general
14400,5400,4,writing
900,600,1,general
18000,10800,4,writing
0,109800,,coding
14400,28800,4,coding
57600,86400,5,coding
0,61200,,coding
28800,46800,5,writing
0,25200,,coding
1800,9000,2,general
3600,1800,2,coding
10800,10800,3,coding
1800,1800,2,general
1800,1800,2,general
7200,3600,3,coding
3600,3600,2,general
1800,1800,2,general
3600,3600,2,coding
600,600,1,reading
3600,3600,2,coding
7200,3600,3,general
3600,3600,2,general
900,1800,1,general
900,600,1,coding
1800,9900,2,general
1800,1800,2,problem solving
900,1800,1,research
3600,3600,2,research
1800,1800,2,general
10800,1800,3,problem solving
7200,3600,3,general
10800,10800,3,general
10800,1800,3,general
1800,2700,2,general
900,1800,1,coding
21600,21600,5,general
3600,3600,2,writing
7200,3600,3,review
10800,14400,3,coding
1800,1800,2,general
3600,1800,2,general
1800,1800,2,general
1800,3600,2,review
14400,7200,4,review
1800,1800,2,writing
14400,3600,4,general
1800,900,2,coding
1800,1800,2,problem solving
7200,7200,3,coding
5400,2700,3,coding
3600,300,2,research
7200,900,3,general
3600,900,2,coding
7200,3600,3,problem solving
14400,14400,4,general
28800,28800,5,general
1800,1800,2,review
3600,3600,2,general
7200,600,3,research
28800,18000,5,writing
7200,3600,3,coding
900,900,1,general
7200,2700,3,coding
10800,10800,3,coding
1800,1800,2,general
7200,8400,3,review
14400,10800,4,review
7200,7200,3,coding
7200,7200,3,general
3600,1800,2,coding
1800,2700,2,writing
2700,900,2,general
10800,10800,3,general
14400,3600,4,research
7200,1800,3,general
1800,1200,2,general
10800,1800,3,general
3600,1800,2,general
14400,21600,4,coding
28800,28800,5,problem solving
7200,7200,3,general
7200,3600,3,general
1800,900,2,general
14400,7200,4,general
10800,5400,3,coding
14400,7200,4,research
1800,2700,2,review
300,300,1,writing
600,600,1,general
10800,7200,3,problem solving
7200,3600,3,general
10800,7200,3,general
10800,3600,3,reading
1800,2700,2,writing
3600,6300,2,general
7200,3600,3,coding
7200,7200,3,reading
10800,1800,3,general
7200,7200,3,coding
3600,11700,2,general
0,32400,,general
21600,18000,5,writing
1800,900,2,problem solving
21600,129600,5,general
10800,900,3,general
28800,2700,5,general
300,300,1,general
3600,3600,2,review
3600,3600,2,reading
14400,14400,4,general
900,900,1,research
1800,900,2,general
3600,3600,2,general
10800,7200,3,coding
0,9000,,general
0,7200,,general
0,7200,,general
0,7200,,general
14400,14400,4,review
0,10800,,coding
0,7200,,review
3600,5400,2,general
1800,14400,2,problem solving
0,25200,,review
21600,25200,5,general
21600,31500,5,coding
900,900,1,general
0,36000,,general
1800,1800,2,writing
0,68400,,coding
18000,25200,4,coding
14400,23400,4,general
0,72000,,general
43200,80100,5,problem solving
0,43200,,general
0,28800,,general
0,14400,,general
0,122400,,writing
43200,43200,5,writing
0,21600,,coding
21600,19800,5,coding
0,7200,,writing
0,12600,,coding
0,1800,,reading
0,9000,,general
0,9000,,general
1800,1800,2,general
600,600,1,writing
0,37800,,writing
14400,21960,4,general
28800,14460,5,writing
14400,18000,4,coding
12600,14400,4,reading
3600,1800,2,coding
36000,77400,5,writing
0,43200,,general
1800,900,2,coding
7200,2400,3,writing
0,3600,,coding
50400,46800,5,writing
900,900,1,general
1800,1800,2,general
0,172800,,coding
97200,72000,5,writing
1800,1800,2,coding
7200,2700,3,coding
28800,14400,5,general
129600,46800,5,writing
900,900,1,general
28800,7200,5,general
21600,25200,5,coding
0,23400,,writing
0,10800,,writing
0,7200,,general
0,9000,,general
86400,118800,5,writing
39600,45900,5,writing
0,900,,general
900,600,1,writing
14400,16200,4,writing
21600,21600,5,general
0,1200,,writing
79200,111600,5,writing
7200,10800,3,review
0,5400,,general
28800,14400,5,coding
10800,10800,3,coding
14400,11040,4,writing
10800,18000,3,coding
172800,345600,5,general
14400,7200,4,writing
72000,52200,5,writing
7200,18000,3,coding
10800,10800,3,general
0,900,,writing
0,1800,,writing
0,900,,coding
0,300,,coding
10800,5400,3,writing
3600,3600,2,writing
3600,1800,2,writing
118800,144000,5,general
43200,54000,5,reading
18000,5400,4,writing
3600,7200,2,coding
21600,43200,5,reading
0,36000,,general
18000,36000,4,reading
14400,14400,4,general
1800,300,2,general
1800,1800,2,coding
18000,14400,4,general
18000,5400,4,reading
3600,1800,2,general
5400,7200,3,problem solving
7200,7200,3,writing
7200,2700,3,general
7200,7200,3,coding
900,900,1,coding
43200,7200,5,writing
0,900,,general
0,3000,,general
0,1800,,reading
43200,36900,5,writing
0,28800,,reading
0,14640,,coding
7200,7200,3,general
7200,7200,3,general
7200,7200,3,general
604800,43200,5,problem solving
0,172800,,general
0,1800,,general
604800,7200,5,coding
7200,7200,3,general
0,28800,,writing
86400,259200,5,coding
86400,86400,5,problem solving
3600,3600,2,coding
3600,3600,2,general
0,7200,,coding
0,7200,,coding
86400,86400,5,coding
0,1800,,coding
0,12600,,writing
14400,14400,4,review
600,600,1,general
1800,7200,2,coding
10800,21600,3,coding
0,7200,,coding
259200,86460,5,coding
604800,7200,5,general
7200,7200,3,coding
0,1800,,coding
0,3600,,general
0,900,,general
28800,28800,5,writing
3600,6300,2,general
28800,21600,5,general
1800,1800,2,general
1800,1800,2,general
28800,28800,5,general
36000,45000,5,review
46800,14400,5,general
36000,28800,5,coding
28800,19800,5,coding
14400,14400,4,general
36000,50400,5,review
54000,18000,5,general
10800,10800,3,general
0,39600,,general
0,28800,,general
14400,14400,4,general
0,25200,,general
3600,3600,2,general
14400,12600,4,general
36000,5400,5,general
0,25200,,general
28800,28800,5,general
10800,5400,3,general
36000,55800,5,general
108000,138600,5,general
0,21600,,coding
10800,9000,3,general
3600,3600,2,coding
600,600,1,coding
1800,1800,2,general
7200,7200,3,review
3600,3600,2,general
1800,1800,2,general
18000,18000,4,general
3600,3600,2,general
18000,18000,4,coding
1800,1800,2,general
9000,7200,3,general
28800,18000,5,general
9000,14400,3,general
1800,1800,2,general
21600,19800,5,general
3600,3600,2,general
9000,5400,3,general
3600,1800,2,coding
3600,3600,2,general
1800,1800,2,coding
600,600,1,general
14400,14400,4,general
3600,3600,2,general
600,600,1,general
10800,10800,3,general
3600,3600,2,writing
0,57600,,coding
0,18000,,general
0,1800,,coding
36000,36000,5,coding
0,14400,,general
0,43200,,general
0,10800,,review
0,600,,review
21600,21600,5,general
0,7200,,general
0,57600,,coding
14400,21600,4,general
115200,201600,5,reading
28800,28800,5,review
115200,115200,5,reading
151200,151200,5,coding
144000,146400,5,coding
0,7200,,coding
0,36000,,general
0,10800,,general
0,864000,,coding
0,1800,,reading
0,43200,,general
86400,18000,5,writing
129600,18000,5,general
14400,14400,4,coding
86400,86400,5,general
82800,7200,5,writing
14400,10800,4,writing
3600,3600,2,general
3600,3600,2,writing
3600,5400,2,problem solving
1800,1800,2,general
7200,12600,3,coding
0,5100,,general
0,1200,,coding
3600,3600,2,coding
1800,1800,2,writing
3600,1800,2,coding
3600,1800,2,coding
7200,3600,3,coding
3600,9000,2,coding
10800,14400,3,coding
0,1800,,coding
0,3600,,general
3600,5400,2,coding
7200,10800,3,coding
0,7200,,coding
0,72000,,general
0,7200,,general
28800,28800,5,coding
25200,18000,5,coding
0,10800,,coding
36000,36000,5,general
0,3600,,coding
0,3600,,problem solving
21600,21600,5,coding
7200,3600,3,general
1800,600,2,problem solving
3600,1200,2,general
0,79200,,general
3600,21600,2,general
72000,36000,5,general
0,10800,,coding
0,28800,,coding
36000,7200,5,reading
1800,1800,2,general
14400,7200,4,general
900,900,1,coding
259200,14400,5,general
0,9000,,general
54000,72000,5,writing
3600,6300,2,general
0,1800,,coding
180000,7200,5,general
86400,23760,5,general
259200,259200,5,coding
864000,36000,5,coding
900,600,1,coding
7200,3600,3,coding
36000,10800,5,research
3600,3600,2,coding
216000,72000,5,reading
3600,3600,2,general
28800,18000,5,coding
0,14400,,general
0,108000,,problem solving
0,14400,,general
0,13500,,general
0,30600,,general
0,3600,,general
86400,3600,5,writing
0,2400,,reading
0,8400,,general
0,7200,,coding
0,7800,,general
0,26400,,coding
0,13800,,coding
0,3000,,coding
0,1800,,general
0,2400,,coding
0,3600,,reading
0,2400,,writing
0,4800,,general
0,4800,,general
0,600,,coding
0,1200,,general
0,2400,,general
0,2400,,general
0,1800,,general
0,1200,,general
0,1200,,general
0,6000,,coding
0,2400,,general
0,2400,,general
0,10800,,general
0,2400,,coding
0,22200,,coding
0,1200,,general
0,1200,,coding
0,1200,,coding
0,1200,,general
0,4200,,problem solving
0,2400,,general
0,3600,,review
0,1200,,coding
0,3000,,review
0,8400,,coding
0,4800,,general
0,5400,,reading
0,1200,,general
0,15000,,reading
0,1800,,general
0,5400,,general
0,1200,,general
0,1200,,general
0,1200,,general
0,1200,,coding
0,1200,,coding
0,1200,,coding
0,1200,,general
0,1200,,coding
0,1200,,writing
0,2400,,general
0,2400,,general
0,2400,,general
0,1200,,reading
0,3000,,coding
0,1800,,problem solving
0,1200,,coding
0,3000,,writing
0,1200,,general
0,1800,,general
0,3600,,coding
0,1200,,general
0,1200,,general
0,2400,,general
0,3600,,reading
0,1200,,general
0,2400,,general
0,1200,,general
0,600,,general
0,1200,,general
0,1200,,general
0,2400,,review
0,1200,,general
0,1200,,general
0,1200,,general
0,1200,,general
0,1200,,review
0,1200,,general
0,1200,,general
0,1200,,general
0,1200,,general
0,1200,,general
0,1200,,coding
0,1200,,general
0,1200,,general
0,6000,,general
0,3600,,reading
0,1200,,reading
0,1200,,coding
0,1200,,general
0,1200,,general
0,1200,,general
0,1200,,reading
0,3600,,general
0,3000,,reading
0,15000,,coding
0,1800,,coding
0,16800,,reading
0,37800,,coding
0,5400,,general
0,18000,,coding
0,7800,,coding
0,2400,,coding
0,16200,,general
0,3600,,coding
0,2400,,general
0,2400,,coding
0,3600,,general
0,1200,,writing
0,8400,,general
0,7800,,coding
0,3000,,coding
0,13200,,coding
0,1200,,coding
0,1200,,coding
0,3600,,coding
0,1200,,coding
0,1200,,general
0,5400,,general
0,600,,coding
0,1800,,coding
0,12600,,coding
0,6000,,general
0,1200,,coding
0,1800,,research
0,2400,,general
0,1800,,writing
0,16200,,general
0,1200,,coding
0,1800,,coding
0,1200,,general
0,1800,,general
0,1800,,coding
0,2400,,general
0,1800,,problem solving
0,1800,,general
0,5400,,review
0,1800,,coding
0,4200,,general
0,3000,,general
0,1800,,general
0,7800,,general
0,1800,,coding
0,4200,,research
0,2400,,coding
0,2400,,coding
0,3000,,general
0,12000,,coding
0,5400,,general
0,1800,,writing
0,1800,,coding
0,1200,,coding
0,3600,,general
0,1800,,general
0,1800,,general
0,1800,,problem solving
0,1800,,writing
0,1200,,research
0,1800,,coding
0,4200,,general
0,1800,,general
0,3000,,writing
0,3000,,general
0,3000,,coding
0,5400,,coding
0,1800,,general
0,1800,,writing
0,3600,,research
0,11400,,coding
0,1200,,general
0,2400,,writing
0,9000,,coding
0,1200,,coding
0,1800,,coding
0,1200,,general
0,2400,,coding
0,1200,,general
0,1800,,coding
0,1200,,review
0,1800,,coding
0,1800,,reading
0,1800,,coding
0,1800,,general
0,1200,,general
0,12000,,general
0,1200,,general
0,4200,,general
0,1200,,coding
0,2400,,general
0,1200,,coding
0,1200,,coding
0,1200,,writing
0,1200,,writing
0,2400,,general
0,2400,,general
0,3000,,coding
0,1200,,coding
0,1800,,general
0,1200,,general
0,1200,,general
0,1200,,writing
0,3600,,coding
0,2400,,general
0,1800,,general
0,3000,,general
0,9000,,general
0,4800,,coding
0,17400,,coding
0,3000,,review
0,1800,,writing
0,4200,,coding
0,1800,,reading
0,2400,,writing
0,4800,,general
0,8400,,coding
0,2400,,coding
0,1200,,writing
0,2400,,coding
0,4800,,coding
0,4800,,general
0,9000,,general
0,3000,,coding
0,600,,coding
7200,600,3,review
1800,600,2,problem solving
0,1800,,problem solving
0,2400,,coding
0,12000,,coding
0,1800,,coding
0,10800,,writing
0,1200,,coding
0,4200,,coding
0,1200,,general
0,600,,general
0,1800,,coding
0,5400,,general
0,6000,,coding
0,2400,,coding
0,2400,,general
0,1200,,review
0,3000,,general
0,10200,,coding
0,1800,,general
0,1200,,general
0,1800,,review
0,1800,,coding
0,1800,,general
0,3600,,writing
0,2400,,general
0,2400,,writing
0,1200,,coding
0,1200,,writing
0,7800,,coding
0,9600,,review
0,2400,,general
0,1200,,writing
0,1200,,review
3600,10800,2,reading
0,1200,,general
0,2400,,general
0,7800,,general
0,1200,,coding
0,1200,,writing
0,1200,,general
0,7200,,coding
0,1200,,general
0,1200,,general
0,1200,,general
0,1200,,reading
0,3600,,review
0,1200,,general
0,1200,,coding
0,1200,,reading
0,600,,coding
0,1200,,coding
0,1200,,general
0,1200,,general
0,1200,,reading
0,1800,,general
0,1200,,coding
0,1200,,general
0,2400,,general
0,1200,,reading
7200,1200,3,coding
0,1200,,writing
0,1200,,problem solving
0,1200,,general
0,1200,,review
0,2400,,general
0,1200,,coding
0,1800,,coding
0,3600,,general
0,1560,,general
0,600,,general
0,1560,,general
0,1200,,general
0,2400,,coding
0,1200,,general
0,3000,,reading
0,3000,,general
0,1200,,general
0,2400,,general
0,1200,,general
0,1200,,reading
0,1200,,coding
0,1200,,general
0,600,,general
0,1200,,general
0,1200,,review
0,1200,,general
0,1200,,reading
0,1200,,coding
0,1200,,review
0,1200,,general
0,1200,,general
0,1200,,coding
0,600,,reading
0,1200,,reading
0,6000,,coding
0,8400,,coding
0,9600,,general
0,1800,,general
0,2400,,general
0,3000,,coding
0,2400,,coding
0,1200,,coding
0,1200,,general
0,1800,,general
0,1200,,general
0,1200,,research
0,2400,,coding
0,6000,,coding
0,5400,,coding
0,3000,,coding
0,1800,,coding
0,3000,,coding
0,3600,,review
0,3600,,coding
0,11400,,coding
0,11400,,coding
0,3600,,general
0,3600,,general
0,18600,,coding
0,3600,,coding
0,6600,,writing
0,7200,,writing
0,2400,,general
0,9000,,general
0,4800,,coding
0,4800,,coding
0,5400,,writing
0,5400,,general
0,3000,,reading
0,3000,,coding
0,3600,,general
0,2400,,general
0,4200,,coding
0,12600,,coding
0,3600,,general
0,3000,,coding
0,1800,,coding
0,1800,,general
0,3000,,general
0,7200,,coding
0,2400,,reading
0,3600,,reading
0,6600,,writing
0,4200,,general
0,3600,,writing
0,1200,,writing
0,5400,,coding
0,6600,,general
0,21000,,coding
0,10200,,review
0,4800,,coding
0,3600,,reading
0,2400,,general
0,1800,,review
0,3000,,general
0,3000,,problem solving
0,17400,,review
0,2400,,coding
0,5400,,coding
0,1200,,coding
0,2400,,coding
0,5400,,coding
0,5400,,coding
0,8400,,coding
0,4200,,coding
0,3000,,coding
0,1800,,general
0,600,,general
0,1200,,coding
0,1200,,general
0,1800,,coding
0,600,,general
0,1800,,general
0,7800,,coding
0,6600,,coding
0,7800,,coding
0,2400,,coding
0,1200,,general
0,1200,,general
0,1200,,general
0,1200,,general
0,1200,,general
0,1800,,general
0,2400,,coding
0,1200,,general
0,5400,,general
0,6000,,coding
0,5400,,coding
0,16200,,general
0,1800,,general
0,1800,,coding
0,1200,,general
0,1200,,general
0,7200,,coding
0,600,,review
0,5400,,general
0,22200,,general
0,3600,,general
0,1200,,writing
0,1200,,coding
0,1200,,general
0,1200,,writing
0,1800,,general
0,1800,,writing
0,1200,,general
0,1200,,general
0,3000,,general
0,3600,,writing
0,3000,,general
0,6000,,coding
0,1200,,general
0,2400,,general
0,1200,,general
0,3000,,general
0,4200,,general
0,2400,,writing
0,1200,,reading
0,4800,,general
0,3600,,reading
0,3600,,coding
0,1800,,reading
0,9000,,reading
0,1200,,coding
0,4800,,coding
0,4800,,general
0,1200,,writing
0,1200,,writing
0,3000,,general
0,1200,,reading
0,1200,,general
0,3000,,coding
0,1200,,general
0,1200,,reading
0,1200,,coding
0,1800,,general
0,1200,,general
0,5400,,coding
0,3000,,coding
0,1800,,coding
0,1800,,coding
0,4200,,reading
0,1200,,coding
0,1200,,general
0,2400,,writing
0,9000,,writing
0,1200,,general
0,2400,,coding
0,3600,,general
0,5400,,writing
0,1800,,coding
0,1800,,general
0,5400,,coding
0,3600,,general
0,3000,,general
0,4200,,coding
0,9600,,general
0,1200,,general
0,3000,,review
0,2400,,general
0,2400,,problem solving
0,1200,,coding
0,15600,,coding
0,3000,,coding
0,1800,,general
0,5400,,general
0,2400,,coding
0,3600,,general
0,4200,,problem solving
0,5400,,writing
0,1800,,general
0,600,,writing
0,1200,,problem solving
0,1200,,coding
0,1200,,coding
0,1200,,coding
0,1200,,general
0,1200,,problem solving
0,1200,,coding
0,1200,,coding
0,1200,,general
0,1200,,coding
0,1200,,coding
0,1200,,coding
0,1200,,general
0,1200,,reading
0,1200,,coding
0,1200,,general
0,1200,,coding
0,1200,,general
0,1200,,review
0,1200,,coding
0,1200,,review
0,1200,,coding
0,600,,general
0,1200,,coding
0,1200,,general
0,600,,coding
0,1200,,coding
0,1200,,coding
0,1200,,general
0,1200,,coding
0,1200,,general
0,1200,,coding
0,1200,,reading
0,1200,,coding
0,1200,,general
0,1200,,reading
0,1200,,coding
0,1200,,general
0,8400,,general
0,2400,,general
0,1200,,general
0,1200,,writing
0,1200,,problem solving
0,1200,,coding
0,1200,,general
0,600,,coding
0,1200,,coding
0,1200,,coding
0,1200,,coding
0,1200,,coding
0,1200,,coding
0,1200,,problem solving
0,1200,,general
0,1200,,coding
0,1200,,coding
0,1200,,general
0,3600,,writing
0,1200,,coding
0,1200,,coding
0,1200,,writing
0,1200,,coding
0,1200,,research
0,1800,,general
0,1200,,coding
86400,1200,5,coding
0,1200,,coding
28800,1200,5,coding
0,1200,,coding
0,1200,,review
0,1200,,coding
0,1200,,general
0,1200,,writing
0,1200,,coding
0,2400,,general
0,1200,,reading
0,1200,,coding
0,1200,,general
0,1200,,coding
0,1200,,coding
0,1200,,coding
0,1200,,general
0,1200,,problem solving
0,1200,,coding
0,600,,general
0,1200,,general
0,1800,,problem solving
0,1200,,general
0,600,,coding
0,1200,,coding
0,1200,,general
0,1200,,general
0,1200,,coding
0,1200,,coding
0,2400,,general
0,1200,,problem solving
0,600,,coding
0,1200,,general
0,1200,,general
0,1200,,problem solving
0,1200,,general
0,1200,,review
0,1200,,coding
0,1200,,coding
0,1200,,coding
0,600,,coding
0,1200,,coding
0,1200,,coding
0,1200,,coding
0,1200,,coding
0,1200,,general
0,1200,,coding
0,1200,,problem solving
0,1200,,general
0,1200,,general
0,1200,,problem solving
0,1200,,coding
0,1200,,general
0,1200,,coding
0,1200,,general
0,1200,,general
0,1200,,general
0,1200,,general
0,1200,,general
0,2400,,research
0,1200,,general
0,1200,,general
0,1200,,general
0,1200,,general
0,1200,,coding
0,1200,,general
0,1200,,general
0,1200,,review
0,3600,,reading
0,1200,,general
0,1200,,general
0,1200,,general
0,2400,,general
0,1200,,writing
0,1200,,coding
0,1200,,coding
0,1200,,coding
0,1200,,coding
0,1200,,coding
0,1200,,general
0,1200,,general
0,1800,,coding
0,3000,,writing
0,8400,,reading
0,1200,,coding
0,1200,,writing
0,1200,,coding
0,1200,,coding
0,1200,,general
0,13800,,general
0,12000,,reading
0,18600,,writing
0,12600,,general
0,15600,,general
0,11400,,general
0,12600,,research
0,71400,,general
0,12000,,general
0,600,,coding
0,1200,,general
0,1200,,general
0,2400,,coding
0,1200,,coding
0,1200,,coding
0,1800,,general
0,1200,,coding
0,1200,,general
0,1200,,general
0,1200,,coding
0,1200,,coding
0,1200,,coding
0,1200,,general
0,1200,,general
0,1200,,coding
0,1200,,coding
0,1200,,coding
0,4200,,coding
0,1200,,general
0,1200,,coding
0,1200,,coding
0,1200,,coding
0,1200,,coding
0,1200,,coding
0,1200,,coding
0,9600,,coding
0,1200,,general
0,1200,,coding
0,7800,,general
0,1200,,general
0,1200,,general
0,8400,,coding
0,10200,,coding
0,1200,,coding
0,3000,,general
0,4800,,coding
0,2400,,coding
0,5400,,coding
0,8400,,coding
0,4200,,general
0,16200,,general
0,3000,,coding
0,4800,,coding
0,6000,,general
0,1200,,general
0,8400,,coding
0,7200,,coding
0,1800,,coding
0,1200,,coding
0,13800,,general
0,1800,,general
0,1800,,general
0,3000,,general
0,1200,,general
0,1800,,coding
0,3600,,general
0,2400,,general
0,3000,,general
0,4200,,coding
0,12600,,general
0,7200,,general
0,5400,,general
0,600,,general
0,2400,,coding
0,7800,,general
0,2400,,general
0,4200,,review
0,2400,,general
0,600,,general
0,1200,,coding
0,4800,,coding
0,1800,,general
0,1200,,reading
0,14400,,coding
0,6600,,general
0,3600,,coding
0,11400,,reading
0,4800,,coding
0,4800,,general
0,1800,,reading
0,4800,,review
0,3600,,writing
0,7800,,general
0,3600,,general
0,2400,,general
0,4800,,general
0,7200,,coding
0,2400,,coding
0,1200,,general
0,7800,,general
0,3000,,writing
0,2400,,general
0,1800,,coding
0,1200,,writing
0,1200,,general
0,33000,,reading
0,3000,,general
0,3600,,reading
0,1800,,general
0,7200,,general
0,7800,,general
0,4800,,general
0,3000,,general
0,1800,,general
0,3000,,coding
0,1200,,general
0,7800,,coding
0,2400,,coding
0,4800,,general
0,1200,,general
0,1800,,general
0,7800,,general
0,10800,,general
0,3000,,general
0,21600,,general
0,6600,,coding
0,3000,,general
0,7200,,general
0,2400,,general
0,1200,,problem solving
0,5400,,writing
0,9600,,general
0,4800,,general
0,12600,,reading
0,12600,,general
0,6600,,coding
0,7200,,general
0,15000,,general
0,48600,,general
0,14400,,coding
0,7800,,general
0,4800,,coding
0,2400,,reading
0,6600,,coding
0,17400,,coding
0,18000,,coding
0,5400,,general
0,21600,,coding
0,4200,,coding
0,8400,,reading
0,8400,,coding
0,1800,,coding
0,11400,,coding
0,2400,,general
0,7800,,general
0,5400,,coding
0,7200,,coding
0,7200,,general
0,2400,,coding
0,7200,,coding
0,6600,,general
0,2400,,reading
0,1200,,coding
0,9000,,general
0,4800,,coding
0,6000,,review
0,4200,,general
0,3000,,general
0,600,,coding
0,3600,,coding
0,1200,,coding
0,13200,,general
0,1200,,general
0,3600,,general
0,24000,,review
0,2400,,general
0,11400,,coding
0,49200,,coding
0,1200,,coding
0,6600,,general
0,3000,,general
0,54600,,general
0,3000,,coding
0,10200,,general
0,1200,,general
0,48000,,general
0,1200,,general
0,1200,,general
0,1200,,coding
0,1200,,general
0,1800,,general
0,3000,,coding
0,2400,,writing
0,10200,,general
0,13200,,general
0,600,,general
0,1800,,general
0,1800,,general
0,600,,coding
0,3000,,coding
0,1800,,coding
0,4200,,general
0,1200,,coding
0,2400,,general
0,1800,,coding
0,1800,,coding
0,3000,,coding
0,5400,,coding
0,1200,,general
0,4800,,coding
0,11400,,coding
0,1200,,general
0,1200,,coding
0,4800,,coding
0,4800,,coding
0,5400,,coding
0,11400,,coding
0,1200,,general
0,1200,,general
0,4200,,coding
0,3600,,writing
0,1200,,reading
0,6000,,coding
0,1800,,general
0,4800,,general
0,9000,,coding
0,3600,,general
7200,1200,3,coding
0,3000,,coding
0,1800,,general
0,2400,,reading
0,1200,,reading
0,4800,,coding
0,4200,,general
0,4800,,coding
0,1800,,general
0,6600,,general
0,1800,,general
0,3000,,coding
0,1200,,coding
0,4200,,coding
0,3000,,reading
0,1800,,general
0,1200,,coding
0,8400,,coding
0,10200,,general
0,1200,,coding
0,4200,,general
0,600,,general
0,3000,,coding
0,1200,,coding
0,5400,,coding
0,13800,,writing
0,22200,,coding
0,13200,,coding
0,3600,,coding
0,3000,,coding
0,11400,,reading
0,6600,,general
0,2400,,general
0,4800,,coding
3600,10200,2,coding
0,1200,,general
0,5400,,coding
0,6000,,coding
0,3000,,coding
0,3600,,coding
0,21000,,coding
0,1800,,writing
0,3000,,general
0,2400,,general
0,1800,,general
0,2400,,writing
0,3600,,general
0,1800,,general
0,3600,,general
0,3600,,review
0,8400,,general
0,19200,,coding
0,2400,,general
0,1200,,general
0,2400,,coding
0,1200,,general
0,1200,,general
0,600,,coding
0,1800,,general
0,1800,,coding
0,2400,,coding
0,1800,,general
0,2400,,coding
0,3600,,coding
0,1800,,general
0,2400,,coding
0,6000,,general
0,3600,,general
0,1800,,review
0,3600,,general
0,3000,,review
0,4200,,general
0,4800,,coding
0,6600,,coding
0,3600,,general
0,4800,,coding
0,5400,,research
0,4200,,coding
0,1800,,coding
0,1800,,general
0,1200,,coding
0,1200,,general
0,600,,problem solving
7200,7200,3,coding
28800,28800,5,coding
57600,43200,5,coding
57600,57600,5,general
0,50400,,coding
7200,7200,3,general
3600,3600,2,coding
57600,57600,5,general
3600,600,2,general
86400,115200,5,coding
57600,7200,5,coding
201600,230400,5,reading
1800,1800,2,reading
115200,115200,5,general
115200,115200,5,general
115200,115200,5,general
10800,18000,3,general
14400,5400,4,general
28800,28800,5,reading
37800,57600,5,writing
10800,5400,3,writing
3600,2700,2,general
5400,300,3,coding
7200,3660,3,coding
21600,16200,5,coding
1800,300,2,general
1800,600,2,general
1800,300,2,general
1800,1200,2,coding
1800,600,2,coding
3600,1200,2,coding
900,1200,1,coding
4500,10800,3,coding
30600,14400,5,coding
28800,28800,5,writing
162000,403200,5,writing
14400,7200,4,reading
14400,23400,4,reading
3600,5400,2,coding
10800,5100,3,coding
18000,12600,4,reading
1800,1200,2,coding
1800,600,2,writing
7200,1800,3,coding
21600,18120,5,coding
10800,7200,3,coding
23400,27000,5,writing
10800,16200,3,writing
3600,3900,2,writing
28800,18000,5,writing
21600,18000,5,writing
14400,10800,4,general
0,115200,,writing
115200,100800,5,coding
180,10800,1,reading
7200,7200,3,research
57600,57600,5,reading
3600,600,2,coding
14400,18000,4,general
0,86400,,writing
0,57600,,general
1800,300,2,writing
2700,900,2,writing
1800,1200,2,coding
2700,4500,2,writing
2700,900,2,writing
2700,2700,2,writing
3600,7200,2,research
8400,5400,3,writing
1800,300,2,coding
8100,7200,3,coding
1800,1800,2,general
14400,3600,4,reading
1800,4200,2,coding
3600,600,2,general
21600,14400,5,coding
1800,3600,2,coding
1800,1800,2,reading
10800,14400,3,reading
10800,3600,3,coding
1800,2700,2,coding
3600,8100,2,coding
21600,7200,5,coding
1800,2700,2,writing
21600,4800,5,coding
14400,3300,4,coding
30600,51000,5,coding
1800,1800,2,general
10800,46800,3,coding
3600,1800,2,general
86400,26400,5,general
7200,14400,3,coding
64800,27900,5,coding
24300,28800,5,reading
5400,3600,3,review
2700,2400,2,coding
14400,12300,4,coding
3600,2160,2,general
43200,145200,5,writing
43200,54900,5,writing
64800,53700,5,writing
21600,9900,5,writing
8100,10500,3,reading
4500,6900,3,coding
14400,19500,4,coding
900,4200,1,general
19800,6900,5,coding
3600,3300,2,writing
108000,108600,5,review
19800,8760,5,general
3600,3600,2,writing
144000,144000,5,general
0,7200,,coding
0,14400,,problem solving
0,28800,,coding
0,1800,,general
0,3600,,review
0,10800,,general
0,144000,,general
144000,86400,5,general
0,12420,,coding
0,840,,research
14400,1800,4,general
1800,3600,2,general
3600,1800,2,review
18000,19800,4,general
1800,1800,2,writing
7200,7200,3,general
288000,230400,5,general
10800,1800,3,coding
57600,28800,5,general
7200,7200,3,coding
1800,900,2,coding
3600,21600,2,general
86400,57600,5,coding
115200,144000,5,coding
86400,86400,5,general
10800,10800,3,research
0,7200,,review
21600,21600,5,general
360,172800,1,reading
144000,144000,5,coding
14400,14400,4,general
72000,57600,5,coding
28800,28800,5,general
3600,3600,2,general
14400,14400,4,general
14400,7200,4,coding
7200,14400,3,coding
7200,7200,3,coding
0,7200,,coding
0,60840,,general
28800,16200,5,general
75600,18000,5,general
25200,25200,5,general
50400,12600,5,writing
1800,1200,2,general
10800,21600,3,general
3600,3600,2,general
21600,21600,5,general
7200,3600,3,general
43200,18000,5,general
57600,48600,5,general
57600,14400,5,general
18000,5400,4,general
57600,25200,5,general
18000,23400,4,general
0,7200,,general
57600,39600,5,writing
57600,16200,5,general
57600,57600,5,general
86400,39600,5,coding
57600,10800,5,coding
43200,25200,5,general
28800,25200,5,general
14400,14400,4,general
144000,144000,5,general
18000,3600,4,review
18000,18000,4,coding
57600,57600,5,general
14400,3600,4,review
72000,61200,5,coding
21600,9000,5,coding
36000,14400,5,general
7200,5400,3,general
10800,9000,3,general
57600,64800,5,general
21600,9000,5,coding
18000,21600,4,general
86400,37800,5,general
7200,7200,3,general
7200,7200,3,general
7200,7200,3,general
18000,18000,4,review
21600,5400,5,coding
14400,10800,4,general
43200,25200,5,general
14400,12600,4,general
10800,3600,3,coding
115200,109440,5,coding
86400,39600,5,general
43200,12600,5,general
28800,14400,5,general
115200,46800,5,coding
144000,7200,5,coding
7200,7200,3,general
7200,7200,3,general
86400,10800,5,general
57600,28800,5,coding
10800,9000,3,writing
10800,10800,3,coding
10800,9000,3,coding
21600,7200,5,general
72000,25200,5,general
57600,7200,5,general
0,14400,,general
0,240,,general
60,1980,1,coding
0,2400,,general
0,32160,,problem solving
3600,3600,2,general
0,720,,coding
0,600,,reading
0,7200,,research
0,32520,,coding
3600,3600,2,general
0,14400,,general
3600,3600,2,coding
14400,10800,4,coding
1800,9900,2,general
28800,28800,5,writing
7200,14400,3,coding
300,300,1,general
7200,1800,3,coding
1800,1800,2,coding
3600,300,2,general
86400,7200,5,review
7200,7200,3,coding
7200,7200,3,coding
10800,27000,3,reading
57600,32400,5,general
14400,8400,4,coding
7200,3300,3,coding
14400,14400,4,coding
57600,28800,5,coding
14400,1800,4,coding
7200,7200,3,general
144000,81000,5,coding
14400,7200,4,general
57600,28800,5,coding
57600,57600,5,coding
115200,61200,5,coding
14400,6000,4,general
7200,7200,3,general
3600,7200,2,coding
28800,3600,5,general
600,600,1,general
0,28800,,general
0,28800,,coding
0,5400,,coding
7200,9000,3,general
3600,39000,2,coding
288000,172800,5,general
14400,900,4,general
1800,300,2,general
3600,3600,2,coding
7200,1800,3,general
57600,16200,5,reading
28800,28800,5,general
3600,38400,2,coding
3600,4800,2,writing
7200,5400,3,coding
7200,3660,3,coding
3600,18000,2,general
14400,7200,4,general
3600,600,2,review
14400,9000,4,general
86400,206400,5,coding
3600,7200,2,problem solving
14400,14400,4,writing
288000,194400,5,coding
43200,28800,5,coding
7200,7200,3,review
3600,7200,2,general
3600,1800,2,general
3600,3600,2,general
28800,64800,5,coding
14400,300,4,review
28800,28800,5,review
28800,28800,5,writing
3600,3600,2,general
14400,14400,4,general
86400,57600,5,general
7200,1800,3,general
0,7200,,coding
600,600,1,general
600,600,1,general
28800,5700,5,coding
3600,1800,2,coding
1800,1800,2,writing
14400,1800,4,general
57600,50400,5,coding
0,109800,,general
14400,2700,4,coding
57600,14700,5,general
57600,54000,5,review
1800,1800,2,general
28800,7500,5,general
7200,3600,3,coding
3600,900,2,general
3600,300,2,general
57600,38700,5,coding
3600,300,2,general
14400,10800,4,coding
432000,478740,5,coding
144000,218700,5,review
28800,21600,5,coding
14400,25200,4,coding
57600,5400,5,general
86400,28800,5,coding
57600,64800,5,coding
3600,300,2,reading
28800,14700,5,general
86400,27300,5,coding
3600,300,2,coding
28800,5400,5,writing
14400,14400,4,general
14400,28800,4,general
28800,57600,5,general
28800,10800,5,reading
7200,3600,3,general
28800,18000,5,coding
28800,14400,5,reading
14400,14400,4,general
28800,3600,5,coding
144000,50400,5,general
28800,3600,5,general
28800,3600,5,coding
86400,136800,5,general
28800,18000,5,general
57600,7200,5,review
3600,3600,2,general
57600,43200,5,coding
28800,28800,5,coding
28800,28800,5,coding
28800,18000,5,general
57600,10800,5,general
14400,900,4,general
0,4800,,coding
115200,289800,5,coding
144000,139680,5,general
28800,57600,5,coding
1800,1800,2,coding
1800,1800,2,coding
1800,1800,2,coding
14400,14400,4,problem solving
3600,3600,2,general
3600,3600,2,general
3600,1800,2,coding
28800,28800,5,general
7200,7200,3,general
3600,1800,2,general
7200,21600,3,general
57600,18000,5,general
7200,7200,3,general
0,14400,,general
0,3600,,general
0,3600,,general
0,5400,,general
0,14400,,general
0,3600,,general
0,1800,,general
0,1800,,general
0,14400,,general
0,1800,,general
0,19800,,coding
0,57600,,general
0,32400,,general
0,18000,,general
576000,86400,5,writing
144000,144000,5,general
14400,7200,4,writing
115200,115200,5,general
57600,57600,5,general
57600,115200,5,review
144000,144000,5,general
115200,115200,5,general
57600,115200,5,general
57600,14400,5,general
28800,14400,5,general
14400,14400,4,review
0,86400,,writing
0,28800,,general
0,403200,,general
0,7200,,general
0,8220,,research
10800,10920,3,coding
7200,24240,3,writing
0,1920,,general
14400,18960,4,review
0,20280,,coding
0,6240,,problem solving
10800,9300,3,general
0,18960,,writing
0,14400,,coding
0,4800,,coding
0,8940,,general
43200,50400,5,general
0,86400,,coding
0,3600,,coding
86400,79200,5,reading
0,7200,,general
86400,288060,5,reading
0,120,,coding
0,288000,,coding
0,3600,,coding
0,3600,,coding
57600,57600,5,coding
0,28800,,general
0,28800,,general
0,14400,,general
14400,3600,4,general
28800,14400,5,general
3600,3600,2,research
28800,79200,5,general
57600,18000,5,coding
14400,3600,4,coding
28800,21600,5,general
14400,28800,4,general
28800,7200,5,reading
28800,129600,5,research
14400,7200,4,general
0,3600,,general
0,3600,,general
28800,57600,5,general
0,36000,,writing
0,7200,,coding
0,115200,,coding
0,3600,,coding
0,57600,,reading
28800,7200,5,coding
0,18000,,writing
14400,10800,4,coding
0,230400,,reading
144000,288000,5,coding
0,25200,,coding
3600,1800,2,coding
86400,86400,5,general
57600,28800,5,coding
0,900,,coding
0,1200,,reading
0,900,,coding
0,900,,general
0,7320,,general
0,900,,reading
0,900,,general
0,600,,reading
0,14400,,coding
0,1500,,coding
0,600,,general
0,1800,,writing
0,3600,,coding
0,600,,writing
0,1200,,coding
0,600,,writing
0,600,,problem solving
0,600,,research
0,600,,reading
0,900,,coding
0,600,,general
0,1200,,research
0,600,,reading
0,600,,coding
0,600,,research
0,600,,reading
0,900,,coding
0,600,,general
0,600,,general
0,21600,,reading
14400,18000,4,general
0,21600,,coding
0,600,,coding
0,300,,coding
0,600,,coding
0,300,,coding
0,1200,,coding
0,300,,reading
0,3600,,coding
0,3600,,coding
0,28800,,writing
0,900,,coding
0,600,,coding
0,1800,,coding
0,3600,,writing
0,2400,,writing
0,7200,,coding
0,1800,,writing
0,3600,,writing
0,1800,,problem solving
0,900,,writing
0,600,,coding
0,5400,,coding
0,600,,coding
0,3600,,general
0,2400,,coding
0,1800,,coding
0,900,,coding
0,1800,,coding
0,10800,,coding
0,3600,,coding
0,4500,,coding
0,900,,coding
0,900,,coding
0,28800,,writing
0,144000,,problem solving
0,3600,,coding
0,600,,problem solving
0,300,,coding
0,21600,,coding
0,7200,,writing
0,3600,,coding
0,28800,,coding
0,3600,,coding
0,1800,,coding
0,600,,coding
0,7200,,writing
0,216000,,writing
0,7200,,coding
0,10800,,writing
0,3600,,general
0,7200,,writing
0,7200,,general
0,480,,general
0,900,,writing
0,900,,writing
0,900,,general
0,900,,writing
0,900,,general
0,1800,,coding
0,900,,writing
0,1800,,writing
0,900,,writing
0,900,,writing
0,10800,,writing
0,900,,writing
0,900,,coding
0,18000,,writing
0,1800,,reading
0,1800,,general
0,900,,writing
0,900,,writing
0,900,,writing
0,900,,writing
0,600,,writing
0,600,,writing
0,7200,,writing
0,1800,,coding
0,900,,coding
0,900,,general
0,900,,general
0,900,,writing
0,7200,,reading
0,900,,reading
0,900,,coding
0,900,,general
0,900,,general
0,3600,,coding
0,612,,coding
0,7200,,coding
0,36900,,writing
0,39600,,reading
0,14400,,general
0,3600,,coding
0,900,,general
0,3600,,coding
0,7200,,writing
0,21600,,general
0,900,,coding
0,10800,,coding
0,7200,,writing
0,29700,,general
0,7200,,coding
0,6300,,coding
0,18000,,coding
0,14640,,writing
0,14400,,coding
0,183600,,writing
0,10800,,coding
0,259200,,writing
0,3600,,general
0,18000,,writing
0,3600,,coding
0,28800,,coding
0,14400,,coding
28800,50400,5,review
28800,28800,5,review
28800,28800,5,review
3600,3600,2,writing
14400,14400,4,coding
0,4560,,coding
0,2400,,general
0,5760,,writing
0,14400,,reading
28800,28800,5,writing
3600,3600,2,reading
3600,1800,2,coding
0,144000,,general
0,1860,,research
0,1620,,general
0,2100,,writing
0,360,,writing
0,20340,,writing
0,11340,,general
0,1080,,review
0,115200,,general
0,57600,,coding
43200,28800,5,reading
21600,7200,5,coding
3600,3600,2,coding
14400,14400,4,general
3600,3600,2,coding
28800,10800,5,general
14400,25200,4,coding
14400,14400,4,coding
57600,57600,5,coding
1800,1800,2,general
21600,14400,5,general
10800,14400,3,coding
57600,46800,5,coding
0,10800,,review
14400,21600,4,coding
72000,100800,5,coding
10800,10800,3,general
14400,14400,4,general
43200,54000,5,coding
7200,7200,3,general
7200,7200,3,coding
10800,10800,3,problem solving
21600,21600,5,coding
28800,28800,5,problem solving
3600,3600,2,research
21600,50400,5,research
7200,21600,3,general
7200,25200,3,general
3600,3600,2,general
3600,14400,2,general
10800,10800,3,general
21600,21600,5,coding
3600,3600,2,coding
3600,3600,2,coding
3600,3600,2,coding
7200,7200,3,writing
0,18000,,general
14400,3600,4,coding
14400,18000,4,general
14400,18000,4,writing
57600,86400,5,coding
3600,3600,2,general
3600,3600,2,general
43200,43200,5,general
1800,1800,2,general
21600,29700,5,general
14400,14400,4,coding
1800,1800,2,coding
14400,7200,4,writing
28800,66600,5,coding
14400,7200,4,reading
14400,98400,4,research
10800,10800,3,general
14400,72000,4,coding
3600,1800,2,reading
3600,3600,2,general
0,3600,,review
7200,7200,3,writing
1800,1800,2,general
14400,7200,4,general
7200,10800,3,general
14400,14400,4,coding
21600,43200,5,coding
3600,3600,2,coding
21600,28800,5,general
7200,1800,3,coding
3600,7200,2,coding
21600,21600,5,coding
14400,14400,4,writing
10800,10800,3,coding
14400,14400,4,coding
1800,1800,2,general
10800,10800,3,coding
7200,3600,3,general
7200,1800,3,coding
7200,14400,3,general
14400,50400,4,writing
7200,3600,3,coding
3600,1800,2,general
10800,32400,3,general
28800,5400,5,general
3600,7200,2,general
3600,3600,2,coding
7200,3600,3,general
3600,1800,2,general
0,600,,coding
0,3600,,coding
0,1800,,general
0,1800,,general
0,1800,,general
0,1800,,coding
0,1800,,general
0,1800,,problem solving
0,3600,,general
0,1800,,coding
0,1800,,general
0,1200,,coding
0,3600,,general
0,7200,,general
0,1200,,coding
0,3600,,general
1800,1800,2,general
3600,3600,2,general
3600,3600,2,general
3600,7200,2,general
0,28800,,general
3600,3600,2,general
1800,1800,2,general
3600,3600,2,coding
1800,1800,2,research
1800,1800,2,general
1800,1800,2,general
1800,1800,2,coding
0,900,,general
0,900,,coding
0,1800,,coding
0,1800,,coding
3600,3600,2,general
7200,3600,3,general
3600,1800,2,general
7200,7200,3,writing
0,28800,,general
14400,3600,4,general
7200,7200,3,general
3600,3600,2,general
3600,3600,2,general
1800,1800,2,general
7200,7200,3,general
0,7200,,general
7200,7200,3,coding
14400,7200,4,coding
7200,7200,3,general
28800,79200,5,reading
0,14400,,general
14400,7200,4,general
7200,5400,3,research
14400,21600,4,general
14400,14400,4,general
10800,3600,3,coding
7200,3600,3,coding
10800,10800,3,general
0,14400,,general
7200,7200,3,general
0,18000,,general
14400,21600,4,coding
14400,10800,4,general
0,7200,,general
7200,3600,3,general
14400,28800,4,general
7200,7200,3,research
3600,1800,2,general
10800,3600,3,general
14400,12600,4,coding
3600,3600,2,general
7200,3600,3,writing
0,3600,,writing
28800,28800,5,writing
0,14400,,general
28800,21600,5,coding
14400,3600,4,coding
10800,14400,3,coding
10800,3600,3,review
3600,7200,2,general
14400,3600,4,general
14400,10800,4,review
28800,3600,5,general
3600,28800,2,general
10800,28800,3,coding
14400,10800,4,coding
3600,1800,2,general
0,1800,,coding
0,3600,,research
14400,14400,4,coding
14400,3600,4,general
0,7200,,coding
0,3600,,writing
0,3600,,research
14400,3600,4,general
0,1800,,general
28800,21600,5,coding
21600,28800,5,general
21600,21600,5,general
7200,5400,3,general
3600,3600,2,writing
7200,7200,3,research
3600,3600,2,general
3600,900,2,coding
28800,25200,5,coding
7200,7200,3,general
21600,14400,5,general
14400,14400,4,reading
14400,7200,4,general
28800,21600,5,general
14400,10800,4,general
14400,3600,4,general
43200,7200,5,coding
7200,7200,3,general
28800,21600,5,general
28800,3600,5,general
0,900,,general
14400,7200,4,general
28800,3600,5,general
14400,14400,4,general
7200,7200,3,general
7200,7200,3,general
28800,14400,5,review
28800,18000,5,coding
14400,7200,4,general
14400,14400,4,general
86400,14400,5,general
21600,18000,5,general
0,7200,,general
28800,28800,5,general
14400,21600,4,general
57600,57600,5,general
7200,10800,3,coding
1800,1800,2,general
7200,7200,3,research
14400,14400,4,general
3600,3600,2,coding
57600,79200,5,general
28800,14400,5,review
28800,86400,5,coding
86400,61200,5,research
57600,43200,5,general
57600,46800,5,review
57600,57600,5,general
57600,32400,5,general
86400,79200,5,general
1800,600,2,general
7200,3600,3,general
7200,3600,3,coding
86400,68400,5,general
0,10800,,coding
28800,28800,5,general
1800,1800,2,general
14400,18000,4,review
28800,28800,5,general
14400,7200,4,general
3600,3600,2,general
144000,64800,5,general
0,14400,,general
86400,28800,5,review
7200,57600,3,general
28800,28800,5,general
14400,14400,4,coding
14400,32400,4,general
57600,86400,5,general
14400,8100,4,coding
0,18000,,research
0,28800,,research
0,50700,,general
28800,10800,5,writing
14400,14400,4,writing
28800,21600,5,coding
14400,7200,4,coding
10800,7200,3,writing
0,3600,,writing
0,3600,,coding
0,7200,,coding
86400,28800,5,writing
14400,3000,4,writing
144000,101040,5,general
28800,9900,5,writing
28800,7200,5,general
28800,1800,5,writing
28800,3600,5,writing
28800,1800,5,writing
14400,7200,4,writing
0,14400,,writing
86400,104400,5,coding
57600,13500,5,reading
57600,11700,5,general
14400,3900,4,writing
57600,12600,5,coding
86400,41400,5,coding
28800,2700,5,coding
86400,39600,5,general
0,25200,,reading
14400,7200,4,coding
14400,14400,4,general
0,288000,,coding
28800,5400,5,general
0,7800,,general
0,28800,,coding
86400,212400,5,review
72000,43200,5,review
0,162000,,general
0,61200,,coding
0,79200,,general
115200,324000,5,general
0,600,,reading
0,14400,,general
0,3600,,coding
0,46800,,coding
86400,162000,5,coding
0,7200,,coding
115200,86400,5,coding
0,57600,,research
43200,46800,5,coding
0,3600,,general
86400,126000,5,general
57600,57600,5,coding
0,7200,,coding
0,36000,,general
144000,136800,5,coding
43200,61200,5,coding
28800,28800,5,coding
7200,7200,3,coding
14400,21600,4,general
28800,57600,5,coding
28800,61200,5,writing
28800,50400,5,coding
14400,14400,4,general
86400,28800,5,coding
0,7200,,general
86400,46800,5,coding
0,79200,,coding
86400,147600,5,general
86400,129600,5,general
115200,21600,5,coding
0,28800,,reading
0,3600,,general
57600,57600,5,general
0,3600,,coding
86400,43200,5,coding
28800,14400,5,general
57600,21600,5,coding
57600,72000,5,general
43200,10800,5,coding
28800,57600,5,writing
28800,25200,5,general
86400,144000,5,general
86400,86400,5,coding
57600,351000,5,coding
72000,43200,5,general
0,21600,,research
57600,28800,5,general
0,28800,,review
86400,43200,5,coding
7200,36000,3,problem solving
144000,144000,5,coding
57600,50400,5,review
86400,36000,5,general
28800,122400,5,review
14400,14400,4,reading
14400,28800,4,general
144000,86400,5,general
86400,115200,5,general
0,28800,,reading
0,100800,,general
144000,115200,5,writing
57600,122400,5,writing
43200,79200,5,coding
43200,68400,5,general
0,104400,,coding
0,180000,,coding
0,7200,,general
144000,129600,5,general
86400,64800,5,research
7200,7200,3,general
86400,57600,5,general
7200,10800,3,general
14400,7200,4,general
57600,72000,5,coding
0,43200,,review
28800,36000,5,coding
115200,144000,5,problem solving
57600,28800,5,writing
115200,117000,5,coding
86400,43200,5,general
28800,10800,5,coding
57600,28800,5,general
72000,144000,5,writing
86400,158400,5,coding
0,7200,,general
14400,14400,4,general
0,7200,,reading
0,36000,,coding
0,21600,,review
28800,39600,5,coding
28800,36000,5,coding
28800,7200,5,general
86400,28800,5,writing
14400,57600,4,general
28800,28800,5,writing
86400,86400,5,writing
86400,86400,5,coding
86400,86400,5,research
57600,43200,5,coding
57600,14400,5,general
28800,28800,5,coding
0,28800,,review
21600,50400,5,coding
86400,28800,5,general
7200,7200,3,general
7200,21600,3,general
14400,14400,4,general
0,86400,,general
43200,57600,5,writing
0,144000,,review
0,3600,,research
86400,14400,5,coding
28800,7200,5,reading
28800,28800,5,reading
28800,21600,5,reading
0,50400,,coding
43200,7200,5,writing
0,10800,,review
0,57600,,reading
0,7200,,coding
0,25200,,general
0,7200,,research
0,57600,,general
28800,46800,5,writing
0,7200,,coding
14400,7200,4,coding
3600,3600,2,general
14400,21600,4,general
0,28800,,general
0,43200,,reading
28800,50400,5,general
0,32400,,writing
57600,7200,5,general
86400,18000,5,general
14400,21600,4,general
57600,57600,5,general
0,28800,,review
0,10800,,general
86400,144000,5,coding
0,28800,,writing
0,21600,,general
57600,50400,5,coding
144000,28800,5,general
0,21600,,coding
7200,16200,3,review
0,138600,,general
57600,28800,5,general
86400,64800,5,general
28800,28800,5,reading
0,28800,,general
0,72000,,writing
43200,57600,5,coding
28800,7200,5,coding
115200,64800,5,research
86400,36000,5,general
7200,7200,3,general
28800,28800,5,general
0,7200,,general
57600,28800,5,general
28800,14400,5,coding
0,14400,,coding
0,64800,,general
72000,14400,5,general
144000,28800,5,coding
7200,3600,3,coding
28800,72000,5,coding
57600,28800,5,writing
14400,43200,4,coding
14400,10800,4,coding
0,57600,,general
86400,129600,5,research
57600,79200,5,general
86400,93600,5,writing
144000,21600,5,reading
172800,28800,5,review
28800,21600,5,coding
14400,25200,4,coding
7200,7200,3,coding
0,3600,,coding
14400,43200,4,general
0,57600,,general
72000,14400,5,general
115200,86400,5,general
28800,151200,5,coding
0,7200,,general
28800,39600,5,coding
0,10800,,review
7200,14400,3,coding
0,7200,,general
28800,7200,5,general
115200,7200,5,general
57600,32400,5,review
28800,43200,5,general
28800,14400,5,reading
28800,14400,5,reading
28800,28800,5,reading
14400,7200,4,coding
57600,21600,5,general
57600,28800,5,general
0,36000,,general
144000,144000,5,coding
14400,14400,4,general
28800,64800,5,general
14400,14400,4,general
86400,21600,5,general
0,7200,,coding
14400,43200,4,writing
115200,43200,5,research
0,7200,,coding
28800,21600,5,reading
28800,14400,5,general
57600,180000,5,general
14400,3600,4,general
57600,57600,5,reading
72000,50400,5,coding
14400,14400,4,writing
115200,115200,5,coding
57600,64800,5,research
0,450000,,review
28800,28800,5,coding
86400,28800,5,writing
28800,21600,5,reading
0,43200,,coding
0,57600,,general
57600,57600,5,coding
0,28800,,general
57600,75600,5,review
144000,82800,5,general
86400,86400,5,coding
57600,43200,5,writing
86400,140400,5,coding
0,1800,,coding
0,3600,,coding
0,1800,,general
144000,520200,5,writing
0,72000,,general
0,14400,,review
86400,82800,5,general
14400,3600,4,reading
72000,57600,5,coding
7200,21600,3,reading
0,72000,,general
28800,14400,5,general
28800,7200,5,coding
14400,9000,4,general
14400,21600,4,general
28800,28800,5,general
43200,27000,5,general
0,158400,,general
100800,10800,5,review
7200,7200,3,coding
57600,43200,5,coding
57600,28800,5,writing
57600,7200,5,coding
0,144000,,research
21600,34200,5,general
21600,28800,5,general
86400,158400,5,general
57600,97200,5,review
86400,201600,5,writing
28800,36000,5,coding
7200,7200,3,general
0,48600,,general
14400,14400,4,general
14400,30600,4,general
57600,43200,5,coding
28800,7200,5,coding
144000,151200,5,reading
57600,28800,5,coding
21600,18000,5,general
57600,50400,5,general
57600,43200,5,coding
57600,68400,5,general
86400,176400,5,general
86400,57600,5,research
86400,100800,5,general
0,57600,,coding
57600,72000,5,research
0,32400,,review
43200,144000,5,problem solving
57600,129600,5,writing
28800,79200,5,review
86400,86400,5,review
86400,86400,5,research
86400,529680,5,general
0,23400,,general
57600,39600,5,reading
0,3600,,reading
28800,14400,5,general
144000,93600,5,coding
14400,10800,4,reading
14400,18000,4,writing
3600,3600,2,writing
0,14400,,general
28800,43200,5,review
14400,10800,4,research
0,66600,,general
0,25200,,coding
14400,14400,4,writing
3600,3600,2,general
0,7200,,coding
28800,3600,5,general
28800,14400,5,reading
0,14400,,general
0,3600,,coding
0,7200,,coding
0,7200,,general
0,7200,,review
0,100800,,general
86400,28800,5,general
115200,64800,5,general
0,50400,,reading
28800,36000,5,general
14400,25200,4,coding
0,43200,,general
86400,122400,5,writing
43200,36000,5,general
14400,7200,4,reading
0,7200,,general
14400,19800,4,general
28800,28800,5,general
14400,14400,4,general
0,3600,,general
0,140400,,writing
57600,57600,5,general
14400,3600,4,general
14400,86400,4,general
14400,7200,4,coding
57600,7200,5,coding
28800,3600,5,review
0,3600,,review
57600,3600,5,reading
86400,259200,5,coding
0,19800,,writing
28800,21600,5,general
144000,115200,5,writing
0,14400,,coding
14400,28800,4,reading
0,172800,,research
57600,7200,5,reading
86400,93600,5,general
0,7200,,general
0,3600,,writing
57600,255600,5,coding
28800,21600,5,general
57600,57600,5,coding
0,3600,,general
0,7200,,general
0,28800,,general
57600,64800,5,writing
0,3600,,coding
0,3600,,general
144000,144000,5,general
172800,151200,5,general
28800,37800,5,reading
28800,25200,5,general
28800,3600,5,general
28800,28800,5,coding
86400,72000,5,writing
86400,39600,5,writing
0,10800,,general
0,3600,,coding
0,7200,,coding
0,57600,,general
0,14400,,writing
14400,14400,4,general
0,1620,,general
144000,115200,5,writing
0,14400,,research
0,3600,,general
0,660600,,coding
0,7200,,general
28800,32400,5,general
0,32400,,general
0,18000,,general
7200,7200,3,coding
14400,10800,4,general
57600,246600,5,coding
115200,87360,5,writing
115200,75600,5,coding
14400,36000,4,general
0,5400,,coding
28800,21600,5,general
0,43200,,writing
0,259200,,general
0,3600,,coding
7200,14400,3,general
43200,36000,5,coding
0,39600,,reading
3600,3600,2,general
0,3600,,general
0,21600,,general
28800,28800,5,coding
0,3600,,writing
86400,172800,5,reading
28800,21600,5,reading
144000,144000,5,writing
28800,28800,5,general
0,187200,,general
172800,352800,5,coding
115200,590400,5,general
0,25200,,research
0,7200,,general
86400,72000,5,general
259200,676920,5,writing
0,191280,,review
57600,57600,5,reading
0,240,,general
86400,111600,5,general
144000,86400,5,coding
57600,28800,5,general
86400,50400,5,reading
57600,72000,5,coding
0,14400,,review
14400,14400,4,coding
0,14400,,general
0,147600,,review
0,10800,,review
0,72000,,coding
144000,104400,5,general
0,230400,,general
86400,75600,5,coding
28800,21600,5,coding
0,14400,,coding
0,14400,,writing
0,28800,,general
57600,10800,5,coding
86400,21600,5,coding
86400,158400,5,reading
72000,147600,5,coding
3600,10800,2,general
43200,43200,5,coding
57600,21600,5,coding
432000,482400,5,coding
86400,115200,5,general
57600,28800,5,writing
28800,28800,5,reading
14400,10800,4,general
28800,3600,5,review
86400,21600,5,coding
144000,43200,5,coding
172800,97200,5,general
28800,21600,5,general
28800,28800,5,writing
86400,86400,5,coding
0,100800,,coding
7200,3600,3,reading
57600,36000,5,coding
28800,28800,5,coding
7200,10800,3,review
144000,230400,5,general
3600,3600,2,general
57600,28800,5,coding
14400,14400,4,general
86400,165600,5,coding
86400,46800,5,reading
0,3600,,reading
0,14400,,writing
28800,7200,5,coding
28800,28800,5,general
3600,3600,2,general
28800,3600,5,coding
28800,14400,5,writing
28800,25200,5,general
3600,3600,2,general
14400,14400,4,coding
14400,14400,4,general
0,1800,,general
7200,7200,3,reading
7200,7200,3,reading
86400,14400,5,review
43200,64800,5,general
86400,187200,5,coding
57600,18000,5,coding
14400,3600,4,general
0,10800,,writing
86400,203400,5,general
28800,3600,5,general
86400,86400,5,coding
14400,10800,4,coding
144000,176400,5,writing
57600,28800,5,writing
0,68400,,writing
86400,160200,5,coding
57600,140400,5,general
57600,14400,5,general
0,118800,,review
57600,28800,5,reading
0,1800,,review
14400,3600,4,review
86400,28800,5,reading
0,28800,,coding
28800,21600,5,general
28800,28800,5,writing
57600,86400,5,general
0,28800,,reading
28800,43200,5,writing
14400,7200,4,general
14400,7200,4,writing
14400,10800,4,reading
14400,10800,4,review
86400,57600,5,reading
115200,28800,5,general
21600,79200,5,reading
0,3600,,writing
28800,39600,5,general
0,3600,,coding
0,108000,,writing
0,7200,,general
57600,201600,5,general
14400,14400,4,coding
57600,86400,5,coding
0,7200,,coding
14400,36000,4,general
1800,1800,2,coding
0,39600,,writing
0,12600,,review
86400,25200,5,coding
3600,36000,2,general
14400,21600,4,coding
57600,50400,5,coding
86400,187200,5,coding
201600,313200,5,coding
86400,86400,5,research
3600,3600,2,general
3600,14400,2,coding
7200,18000,3,general
14400,21600,4,review
0,36000,,writing
0,7200,,general
43200,25200,5,general
28800,14400,5,review
28800,43200,5,coding
57600,86400,5,reading
57600,32400,5,research
0,28800,,general
0,3600,,general
0,7200,,general
0,7200,,general
0,3600,,writing
14400,3600,4,reading
7200,3600,3,research
28800,3600,5,general
86400,64800,5,general
14400,1200,4,reading
86400,39600,5,writing
86400,86400,5,reading
144000,126000,5,coding
57600,72000,5,coding
0,43200,,general
86400,75600,5,writing
0,28800,,reading
57600,32400,5,reading
28800,43200,5,general
57600,18000,5,writing
0,32400,,writing
3600,3600,2,general
0,21600,,general
28800,14400,5,review
10800,21600,3,reading
0,5400,,reading
115200,142200,5,general
144000,219600,5,research
172800,54000,5,coding
0,28800,,general
3600,3600,2,general
115200,154800,5,writing
115200,54000,5,general
43200,46800,5,general
0,3600,,coding
3600,3600,2,general
28800,36000,5,writing
115200,115200,5,writing
0,39600,,coding
0,39600,,reading
3600,3600,2,research
28800,14400,5,research
0,138600,,research
0,3600,,general
115200,183600,5,review
28800,21600,5,general
3600,18000,2,writing
0,10800,,writing
0,39600,,coding
0,115200,,coding
115200,234000,5,general
0,3600,,coding
0,100800,,writing
86400,187200,5,writing
3600,3600,2,general
0,54000,,writing
0,64800,,writing
28800,28800,5,writing
14400,14400,4,review
600,600,1,reading
0,266400,,general
576000,133200,5,general
28800,57600,5,coding
0,28800,,coding
28800,43200,5,writing
115200,57600,5,general
0,7200,,coding
0,45000,,general
0,3600,,general
57600,57600,5,general
14400,14400,4,coding
0,1800,,coding
0,21600,,general
0,32400,,general
0,57600,,general
0,36000,,review
0,43200,,coding
115200,39600,5,coding
0,86400,,coding
28800,14400,5,general
0,36000,,general
0,72000,,coding
0,61200,,general
432000,216000,5,general
0,54000,,coding
0,10800,,coding
0,86400,,coding
28800,7200,5,general
144000,57600,5,general
57600,43200,5,general
3600,2700,2,general
14400,3600,4,general
14400,3600,4,reading
28800,72000,5,general
3600,3600,2,writing
57600,43200,5,reading
28800,28800,5,review
28800,10800,5,general
86400,64800,5,general
0,43200,,coding
0,57600,,reading
0,288000,,general
86400,115200,5,general
0,39600,,general
0,144000,,general
0,234000,,general
57600,43200,5,general
57600,115200,5,general
86400,6300,5,research
144000,86400,5,general
86400,82800,5,general
0,11700,,general
0,7200,,general
28800,10800,5,review
28800,21600,5,review
57600,14400,5,review
144000,144000,5,writing
28800,57600,5,writing
14400,14400,4,writing
144000,57600,5,coding
144000,93600,5,general
144000,126000,5,general
144000,90480,5,general
144000,108000,5,general
28800,14400,5,general
57600,28800,5,writing
86400,115200,5,problem solving
28800,86400,5,general
86400,187200,5,coding
57600,43200,5,general
86400,57600,5,reading
57600,43200,5,reading
57600,64800,5,coding
14400,21600,4,coding
144000,619560,5,general
144000,133680,5,general
86400,86400,5,coding
0,46800,,coding
7200,7200,3,writing
57600,28800,5,coding
28800,7200,5,coding
57600,86400,5,research
14400,10800,4,reading
28800,10800,5,general
28800,18000,5,reading
57600,86400,5,general
0,28800,,coding
28800,14400,5,general
28800,21600,5,general
57600,28800,5,general
57600,79200,5,coding
28800,14400,5,general
115200,86400,5,general
86400,21600,5,coding
28800,57600,5,general
86400,28800,5,general
144000,172800,5,general
115200,14400,5,coding
144000,10800,5,general
57600,43200,5,coding
57600,115200,5,coding
57600,57600,5,coding
57600,14400,5,coding
57600,36000,5,coding
86400,57600,5,general
14400,14400,4,general
0,43200,,coding
0,3600,,general
0,7200,,coding
0,5400,,writing
0,3600,,reading
0,900,,review
0,7200,,review
0,7200,,review
0,1800,,general
0,1800,,review
0,10800,,general
3600,3600,2,writing
14400,9000,4,writing
28800,16200,5,general
0,40200,,coding
0,1800,,reading
0,900,,general
0,7200,,coding
28800,39600,5,general
36000,7200,5,general
14400,5400,4,reading
0,7200,,reading
0,900,,writing
0,7200,,coding
0,7200,,reading
0,9000,,writing
0,21600,,coding
0,3600,,coding
0,46800,,writing
7200,4800,3,coding
7200,57000,3,coding
0,14400,,writing
115200,28800,5,writing
7200,3600,3,coding
3600,2700,2,writing
7200,5400,3,coding
7200,1800,3,coding
10800,14400,3,reading
3600,1800,2,writing
10800,6000,3,writing
7200,4800,3,coding
14400,12600,4,writing
10800,7200,3,writing
0,3600,,writing
18000,7200,4,coding
0,9000,,writing
14400,7800,4,reading
288000,338400,5,general
14400,7200,4,general
0,21600,,reading
144000,61320,5,general
0,1200,,general
0,600,,coding
0,288000,,general
57600,28800,5,coding
28800,57600,5,research
28800,14400,5,coding
28800,28800,5,research
28800,7200,5,coding
7200,7200,3,coding
14400,14400,4,writing
72000,57600,5,coding
14400,14400,4,general
14400,14400,4,coding
57600,57600,5,research
14400,14400,4,writing
28800,43200,5,coding
14400,14400,4,writing
57600,57600,5,writing
86400,115200,5,coding
43200,172800,5,coding
14400,46800,4,coding
0,57600,,general
0,14400,,review
14400,14400,4,review
28800,28800,5,coding
28800,79200,5,coding
14400,7200,4,coding
57600,57600,5,coding
57600,133200,5,research
57600,57600,5,coding
57600,51120,5,general
28800,28800,5,coding
57600,176400,5,general
115200,115200,5,coding
57600,93600,5,writing
28800,28800,5,general
28800,21600,5,coding
28800,36000,5,coding
28800,28800,5,coding
57600,28800,5,coding
14400,43200,4,coding
14400,14400,4,coding
14400,25200,4,coding
57600,100860,5,coding
86400,28800,5,coding
28800,100800,5,coding
28800,16500,5,coding
14400,14400,4,review
28800,18000,5,coding
28800,57600,5,coding
14400,20400,4,coding
28800,86400,5,coding
43200,36000,5,coding
28800,14400,5,general
3600,3600,2,general
57600,79200,5,coding
14400,14400,4,coding
28800,3600,5,coding
14400,3600,4,coding
14400,14400,4,coding
14400,10800,4,review
14400,14400,4,general
3600,3600,2,coding
57600,57600,5,general
28800,28800,5,coding
43200,28800,5,general
86400,100800,5,coding
57600,72000,5,coding
57600,57600,5,general
14400,14400,4,general
28800,28800,5,writing
57600,57600,5,coding
0,14400,,coding
43200,50400,5,reading
7200,7200,3,general
14400,14400,4,general
0,72000,,general
3600,3600,2,coding
57600,86400,5,general
14400,18000,4,coding
14400,10800,4,coding
28800,28800,5,reading
0,21600,,coding
14400,14400,4,coding
57600,57600,5,coding
0,28800,,general
57600,53400,5,coding
28800,72000,5,general
57600,21600,5,coding
57600,43200,5,general
57600,57600,5,general
14400,28800,4,coding
14400,10800,4,general
86400,86400,5,coding
43200,43200,5,reading
28800,14400,5,reading
28800,18000,5,coding
14400,3600,4,coding
14400,10800,4,coding
14400,10800,4,coding
14400,10800,4,coding
57600,43200,5,general
86400,115200,5,reading
28800,28800,5,reading
14400,21600,4,coding
14400,10980,4,general
57600,43200,5,coding
28800,14400,5,coding
115200,144000,5,coding
57600,72000,5,coding
14400,14400,4,general
14400,14400,4,writing
43200,28800,5,review
57600,57600,5,general
172800,79200,5,reading
14400,72090,4,general
115200,115200,5,coding
43200,43200,5,coding
72000,57600,5,writing
57600,43200,5,coding
14400,11700,4,coding
43200,86400,5,coding
28800,57600,5,general
43200,43200,5,coding
57600,57600,5,general
57600,57600,5,general
28800,36000,5,research
28800,28800,5,research
57600,129600,5,general
115200,117780,5,research
28800,28800,5,general
43200,115200,5,writing
57600,86400,5,coding
57600,115200,5,writing
14400,7200,4,review
86400,28800,5,coding
100800,57600,5,general
0,144000,,general
115200,28800,5,research
28800,28800,5,general
14400,43200,4,coding
28800,43200,5,coding
10800,43200,3,coding
14400,10800,4,coding
57600,57600,5,general
14400,7200,4,review
28800,57600,5,general
28800,57720,5,coding
28800,3600,5,writing
57600,57600,5,writing
86400,86400,5,general
57600,43200,5,writing
14400,14400,4,general
57600,43200,5,coding
14400,10800,4,writing
0,28800,,general
57600,72000,5,general
14400,43200,4,general
28800,28800,5,general
28800,28800,5,general
28800,28800,5,general
28800,14400,5,general
14400,7200,4,coding
86400,172800,5,coding
10800,5400,3,general
57600,86400,5,coding
86400,86400,5,coding
14400,14400,4,writing
28800,14400,5,general
28800,28800,5,general
43200,14400,5,writing
86400,144000,5,coding
14400,14400,4,general
28800,18000,5,general
28800,28800,5,general
57600,72000,5,reading
14400,43200,4,general
0,1800,,general
86400,86400,5,coding
86400,29040,5,research
0,50400,,general
0,1200,,coding
14400,14400,4,coding
0,14400,,coding
43200,28800,5,coding
0,57600,,coding
0,104400,,general
0,57600,,coding
86400,86400,5,general
14400,14400,4,review
14400,7200,4,review
86400,86400,5,general
57600,43200,5,coding
57600,57600,5,review
57600,57600,5,coding
0,28800,,coding
57600,57600,5,coding
57600,86400,5,coding
57600,28800,5,coding
57600,28800,5,coding
86400,115200,5,coding
14400,14460,4,coding
28800,43200,5,writing
28800,7200,5,coding
0,7200,,general
0,57600,,reading
0,3600,,coding
57600,57600,5,general
86400,100800,5,coding
57600,57600,5,general
43200,43200,5,general
3600,7200,2,reading
57600,57600,5,general
0,28800,,general
28800,28800,5,general
0,7200,,general
0,10800,,general
3600,600,2,general
0,300,,coding
0,240,,general
0,1020,,problem solving
0,1140,,general
0,1740,,general
0,4020,,coding
0,720,,coding
0,1440,,coding
0,3900,,problem solving
0,1560,,general
0,1860,,problem solving
0,360,,coding
0,1560,,general
0,1320,,coding
0,660,,coding
0,2100,,general
0,300,,general
0,7260,,coding
0,5760,,coding
0,900,,problem solving
0,5700,,general
0,120,,writing
0,420,,coding
0,180,,coding
0,120,,writing
0,120,,general
0,1980,,general
0,1020,,research
0,2820,,coding
0,1860,,coding
0,180,,coding
0,4020,,coding
0,180,,coding
0,4200,,coding
0,120,,coding
0,840,,general
0,840,,coding
0,360,,coding
0,3300,,coding
0,240,,general
0,93960,,coding
0,1200,,coding
0,4440,,reading
0,15600,,coding
0,720,,coding
0,6000,,problem solving
0,4920,,research
0,360,,general
0,1440,,general
0,5460,,coding
0,12960,,coding
0,1020,,problem solving
0,17880,,general
0,540,,writing
0,540,,general
0,960,,general
0,57600,,writing
0,180,,coding
0,4320,,reading
0,720,,coding
0,1800,,general
1800,180,2,general
0,73740,,coding
0,66780,,general
0,84660,,general
0,1140,,coding
0,3600,,coding
0,2820,,reading
7200,7200,3,general
0,300,,general
0,120,,problem solving
0,1080,,writing
0,1140,,general
0,840,,coding
0,2760,,problem solving
0,720,,coding
0,780,,writing
0,5520,,general
0,1080,,writing
7200,6180,3,general
0,8280,,general
0,2700,,general
0,3600,,general
0,5400,,general
0,25200,,general
0,4200,,general
0,2700,,general
0,3600,,general
0,9900,,general
0,14400,,coding
0,3600,,general
0,2700,,coding
0,51300,,coding
0,36000,,coding
0,3600,,coding
0,9900,,coding
0,5400,,coding
0,900,,general
0,1200,,general
0,14400,,general
0,5400,,general
0,900,,general
0,5400,,general
0,37200,,general
0,93600,,research
0,2700,,general
0,27900,,general
0,5400,,general
0,5400,,general
0,6300,,writing
0,3600,,general
0,14400,,general
0,3600,,general
0,10800,,coding
0,1800,,general
14400,28800,4,coding
0,23400,,general
0,10800,,general
0,9000,,coding
0,3600,,problem solving
14400,10800,4,general
0,4200,,general
0,23100,,general
0,10800,,general
0,14400,,general
0,3600,,general
0,17100,,research
0,5400,,general
0,71100,,coding
0,7200,,general
0,25800,,general
0,2700,,general
0,37800,,coding
0,2700,,problem solving
14400,3600,4,general
0,5400,,writing
28800,21600,5,general
0,15300,,general
0,52200,,general
14400,18600,4,general
0,115200,,coding
0,12600,,general
0,2220,,coding
0,21600,,research
0,19800,,coding
0,3600,,general
0,9900,,general
0,6300,,reading
0,11400,,general
0,8400,,general
0,1800,,general
21600,26880,5,general
0,15660,,general
0,10800,,general
7200,5400,3,review
3600,3600,2,general
7200,13800,3,review
0,14400,,review
28800,61200,5,writing
0,46200,,writing
14400,7200,4,general
7200,47700,3,general
7200,7200,3,coding
14400,21600,4,reading
0,900,,writing
7200,7200,3,review
14400,10800,4,general
0,18000,,general
0,10800,,coding
0,7200,,writing
0,600,,general
0,5400,,general
0,2400,,coding
0,7800,,general
0,10800,,general
0,89700,,general
14400,4740,4,general
0,45000,,general
0,3600,,reading
3600,11220,2,general
7200,10920,3,general
7200,1800,3,general
7200,3120,3,general
7200,5040,3,general
7200,4260,3,general
7200,3600,3,general
0,5400,,general
0,25200,,coding
86400,58680,5,coding
0,2100,,writing
0,14400,,general
0,77400,,general
7200,11220,3,general
7200,1740,3,writing
0,25200,,general
0,3600,,reading
0,14400,,general
0,3600,,coding
7200,7200,3,general
7200,14400,3,general
14400,8280,4,general
28800,21600,5,general
0,99000,,general
14400,14400,4,general
0,4800,,general
7200,7200,3,general
0,7200,,general
0,10800,,general
0,14400,,general
7200,2100,3,general
57600,173220,5,coding
57600,63600,5,coding
57600,52200,5,coding
14400,17400,4,coding
57600,162600,5,coding
14400,145800,4,general
14400,27000,4,writing
0,7260,,general
0,3600,,general
14400,21600,4,general
57600,43200,5,general
7200,18000,3,general
28800,14400,5,coding
14400,32400,4,research
0,18300,,coding
0,3600,,research
0,16500,,general
0,14400,,general
0,8880,,research
0,7200,,general
0,3600,,general
10800,7200,3,general
0,1800,,general
0,15780,,general
3600,1140,2,general
0,16740,,general
7200,16500,3,general
0,3600,,general
0,15000,,general
0,5820,,general
0,7260,,general
0,36000,,coding
0,15000,,general
0,1800,,coding
0,3600,,coding
0,7200,,general
0,1800,,coding
0,1800,,general
0,7200,,coding
0,1800,,coding
0,600,,general
0,72000,,coding
0,2700,,general
0,14400,,coding
0,3600,,coding
0,2700,,general
0,2700,,problem solving
0,2700,,coding
0,3600,,general
0,7200,,coding
0,9000,,coding
0,1800,,coding
0,14400,,general
0,2700,,coding
0,1800,,coding
0,25200,,coding
0,10800,,coding
0,1800,,coding
0,21600,,general
0,14400,,general
0,36000,,general
0,7200,,coding
0,7200,,reading
0,2400,,coding
0,10800,,coding
0,129600,,coding
0,7200,,general
0,720,,coding
0,3600,,coding
0,540,,general
0,9000,,coding
0,1260,,coding
0,180,,coding
0,2700,,coding
0,1020,,coding
0,1440,,problem solving
0,1140,,coding
0,300,,problem solving
0,180,,coding
0,1800,,coding
0,1440,,research
0,1500,,general
0,1440,,general
0,10140,,coding
0,7200,,general
0,2400,,review
0,1140,,coding
0,57600,,writing
0,1800,,coding
3600,900,2,reading
0,180,,coding
0,21060,,coding
0,540,,review
600,1800,1,coding
0,1800,,coding
0,3480,,coding
0,540,,coding
0,180,,coding
0,900,,coding
0,1800,,writing
0,3600,,coding
0,2160,,coding
0,1020,,coding
0,1800,,coding
0,4500,,review
0,600,,general
0,1800,,writing
0,5940,,general
0,67740,,coding
0,3600,,general
3600,120,2,coding
0,3360,,coding
0,9000,,writing
0,2040,,coding
0,900,,writing
0,1500,,general
0,1140,,writing
0,720,,writing
0,9060,,coding
7200,7200,3,general
900,180,1,coding
0,33900,,coding
0,1800,,coding
0,7860,,coding
0,960,,general
0,960,,coding
0,900,,general
0,7740,,coding
0,5880,,reading
0,540,,problem solving
0,420,,coding
0,1920,,coding
0,7440,,coding
0,1800,,coding
0,180,,coding
0,4500,,coding
0,420,,coding
0,1200,,coding
0,6180,,problem solving
0,5040,,coding
0,1140,,writing
0,600,,coding
0,900,,writing
0,120,,review
0,5280,,coding
0,1200,,general
0,57600,,general
0,28800,,general
0,3960,,problem solving
0,7440,,coding
0,240,,coding
0,2700,,coding
0,420,,coding
0,15060,,coding
0,5400,,reading
0,4620,,coding
0,3240,,coding
3600,300,2,coding
0,10620,,coding
0,3240,,coding
0,4500,,coding
0,4500,,coding
0,3600,,coding
0,2640,,coding
0,5700,,coding
0,12600,,problem solving
0,1200,,coding
0,43200,,coding
1800,25800,2,coding
0,10440,,coding
0,300,,coding
0,1800,,coding
0,3000,,writing
0,9960,,coding
0,1440,,coding
0,16140,,coding
0,5100,,general
0,2040,,coding
0,1320,,coding
0,6900,,coding
0,2700,,coding
0,480,,coding
0,600,,coding
0,9120,,coding
0,7200,,coding
0,300,,reading
0,300,,coding
0,3420,,coding
0,300,,coding
0,2820,,writing
0,13140,,coding
0,6480,,general
0,66000,,general
0,9780,,general
0,1200,,coding
0,4200,,general
0,30720,,coding
0,13800,,coding
0,2040,,research
0,2940,,writing
3600,3600,2,coding
28800,5640,5,general
0,15420,,coding
7200,600,3,general
0,1980,,coding
0,23460,,coding
0,2160,,general
0,22500,,general
0,300,,coding
0,1200,,general
0,3600,,general
0,1800,,general
0,10800,,general
0,600,,general
0,3600,,general
0,14400,,general
0,7200,,general
0,10800,,general
0,7200,,general
0,3600,,general
7200,1800,3,general
1800,7200,2,general
3600,3600,2,general
1800,1200,2,general
7200,3600,3,general
7200,5400,3,general
1800,1800,2,general
14400,25200,4,problem solving
7200,7200,3,general
7200,3600,3,general
1800,1800,2,general
1800,7200,2,general
1800,1800,2,general
1800,1800,2,general
7200,1800,3,general
7200,3600,3,general
7200,1800,3,general
3600,3600,2,general
14400,14400,4,general
1800,600,2,reading
1800,1200,2,reading
1800,1200,2,general
1800,600,2,general
1800,600,2,general
3600,600,2,general
14400,1800,4,general
14400,1800,4,general
14400,14400,4,general
14400,3600,4,general
7200,7200,3,general
3600,21600,2,general
14400,28800,4,general
7200,18000,3,general
10800,10800,3,general
3600,900,2,general
14400,14400,4,general
3600,21600,2,general
7200,900,3,reading
7200,7200,3,general
28800,14400,5,review
3600,14400,2,review
14400,10800,4,problem solving
115200,43200,5,coding
144000,115200,5,general
28800,43200,5,coding
0,2700,,coding
0,900,,coding
28800,14400,5,coding
57600,28800,5,general
3600,600,2,writing
14400,72000,4,coding
57600,3600,5,reading
0,3600,,coding
3600,3000,2,coding
3600,2400,2,coding
0,115200,,coding
0,28800,,writing
0,3600,,general
0,7200,,general
0,115200,,general
0,7200,,general
0,7200,,general
0,3660,,coding
0,28800,,coding
0,43200,,problem solving
0,72000,,general
0,57600,,coding
0,86400,,coding
0,3600,,general
0,86400,,coding
0,14400,,review
0,3600,,research
0,3600,,coding
0,3600,,general
0,93600,,coding
0,57600,,general
0,3600,,writing
0,3600,,coding
0,7200,,general
0,600,,general
0,61200,,general
0,7200,,coding
0,7200,,general
7200,1800,3,general
0,7200,,reading
0,3600,,coding
0,3600,,general
0,75900,,coding
600,1800,1,coding
0,29280,,general
0,600,,coding
0,7200,,coding
0,3600,,problem solving
0,1800,,coding
1200,1200,2,general
0,79680,,general
14400,14400,4,general
3600,3660,2,coding
7200,900,3,general
14400,1800,4,general
7200,7200,3,general
7200,7200,3,coding
0,1800,,problem solving
7200,7200,3,general
3600,3600,2,general
14400,28800,4,general
3600,3600,2,coding
3600,3600,2,reading
3600,3600,2,general
10800,25200,3,coding
7200,7200,3,coding
7200,7200,3,coding
3600,7200,2,coding
0,3600,,general
3600,3600,2,coding
0,3600,,coding
28800,7200,5,general
14400,14400,4,coding
7200,7200,3,coding
7200,7200,3,coding
3600,3600,2,problem solving
28800,14400,5,coding
3600,3600,2,coding
3600,3600,2,general
7200,7200,3,coding
3600,3600,2,general
7200,7200,3,coding
14400,28800,4,general
0,7200,,writing
600,600,1,general
3600,3600,2,general
10800,90,3,reading
3600,3600,2,general
0,14400,,general
28800,28800,5,general
28800,28800,5,general
3600,3600,2,general
3600,3600,2,coding
7200,7200,3,coding
0,18000,,coding
3600,3600,2,general
7200,3600,3,writing
0,7200,,coding
0,720,,general
3600,1800,2,coding
14400,21600,4,general
3600,3600,2,general
3600,3600,2,problem solving
0,10800,,coding
3600,3600,2,general
0,14400,,reading
3600,7200,2,problem solving
0,21600,,general
14400,14400,4,general
10800,10800,3,general
7200,7200,3,general
7200,7200,3,coding
1800,3600,2,general
0,87120,,general
28800,14400,5,coding
43200,43200,5,reading
14400,14400,4,coding
3600,3600,2,general
10800,3600,3,reading
7200,3600,3,general
3600,3600,2,general
3600,3600,2,general
7200,3600,3,coding
10800,7200,3,reading
7200,7200,3,coding
14400,3600,4,coding
900,360,1,general
14400,10800,4,coding
7200,14400,3,writing
7200,7200,3,coding
7200,3600,3,general
57600,43200,5,coding
3600,1800,2,coding
14400,34200,4,coding
7200,43200,3,general
0,3600,,coding
7200,7200,3,coding
3600,7200,2,coding
3600,3600,2,coding
7200,5400,3,writing
10800,10800,3,coding
7200,5400,3,general
14400,1800,4,writing
86400,82950,5,general
14400,3600,4,writing
46800,14400,5,general
28800,28800,5,coding
14400,5400,4,general
3600,1800,2,coding
43200,14400,5,reading
28800,7200,5,general
7200,14400,3,general
10800,3660,3,research
7200,3600,3,general
7200,28800,3,general
0,5400,,general
0,5400,,general
0,7200,,coding
3600,3600,2,general
3600,3600,2,general
3600,3600,2,general
5400,1800,3,general
3600,3600,2,coding
1200,1800,2,writing
0,14400,,problem solving
0,162000,,general
7200,3600,3,general
10800,10800,3,coding
3600,1200,2,general
86400,28800,5,general
28800,10800,5,general
7200,57600,3,general
3600,10800,2,general
3600,1800,2,coding
3600,3600,2,general
7200,7200,3,general
28800,43200,5,coding
3600,7200,2,general
7200,3600,3,general
0,15840,,general
0,3900,,general
172800,14400,5,coding
3600,3600,2,coding
14400,14400,4,general
7200,2700,3,writing
7200,5400,3,general
28800,36000,5,coding
7200,7200,3,coding
7200,7200,3,coding
3600,3600,2,general
5400,5400,3,general
10800,16200,3,problem solving
10800,9000,3,general
7200,7200,3,general
0,3600,,coding
0,600,,reading
0,2100,,writing
0,2700,,general
0,1500,,reading
0,2700,,coding
0,900,,writing
0,3600,,general
0,1800,,general
0,2400,,coding
0,3600,,reading
0,600,,general
0,1800,,coding
0,2040,,coding
0,1800,,coding
0,3000,,general
0,3780,,coding
0,5400,,general
0,300,,research
0,1500,,general
0,2400,,coding
0,5400,,coding
0,1200,,coding
0,1200,,general
0,3780,,research
0,2400,,coding
0,1800,,coding
0,300,,reading
0,600,,general
0,3600,,research
0,3600,,reading
0,3600,,general
0,3600,,coding
0,7200,,coding
0,14400,,coding
0,1200,,research
0,3600,,coding
0,960,,coding
0,1800,,coding
0,1560,,coding
0,3600,,general
0,300,,writing
0,1200,,general
0,3420,,coding
0,3960,,general
0,10140,,coding
0,4980,,coding
0,900,,coding
0,2100,,coding
0,2100,,coding
0,3480,,coding
0,3180,,writing
0,900,,coding
0,1800,,general
0,1800,,reading
0,1200,,reading
0,1200,,general
0,600,,general
0,5400,,coding
0,900,,research
0,9000,,general
0,3600,,coding
0,18000,,general
0,1200,,coding
0,600,,coding
0,3600,,coding
0,1800,,general
0,14400,,writing
0,5400,,general
0,1800,,coding
0,3600,,coding
0,7200,,coding
0,5400,,general
0,3600,,coding
0,5400,,research
0,9000,,general
0,3600,,general
0,13020,,general
0,600,,general
10800,7200,3,coding
0,7080,,coding
0,7200,,coding
0,9000,,coding
0,4800,,general
0,1200,,coding
0,7200,,general
0,10800,,coding
0,16200,,coding
0,960,,general
28800,900,5,reading
0,900,,general
0,6000,,coding
0,2880,,general
0,2700,,general
0,3600,,coding
0,3720,,coding
0,5400,,general
0,1200,,general
0,600,,review
0,300,,coding
0,1200,,coding
1800,600,2,coding
0,1200,,general
0,1200,,general
0,1200,,general
0,3600,,coding
0,5940,,coding
0,1800,,general
0,9000,,coding
0,600,,general
0,10800,,general
0,1800,,coding
0,180,,general
0,3600,,general
0,1800,,reading
0,900,,general
0,1800,,coding
0,1800,,writing
0,600,,general
0,300,,general
0,7200,,coding
3600,3600,2,problem solving
14400,1800,4,coding
0,300,,general
0,300,,general
0,1200,,coding
300,300,1,coding
0,22500,,coding
0,14400,,general
0,600,,general
0,1800,,coding
0,300,,research
14400,14400,4,coding
28800,7200,5,writing
0,900,,research
0,5400,,general
0,2700,,coding
0,600,,reading
0,1800,,general
0,2700,,general
0,600,,general
0,1200,,coding
0,600,,general
0,7200,,general
10800,1800,3,coding
0,900,,coding
0,1800,,coding
0,1800,,coding
0,1800,,research
0,1200,,general
0,3600,,problem solving
0,600,,coding
0,300,,general
0,3000,,research
0,10800,,coding
0,1200,,general
0,900,,general
0,3600,,writing
0,900,,coding
0,300,,general
0,1980,,general
0,10800,,general
0,7200,,coding
0,900,,general
600,300,1,coding
0,5400,,general
0,600,,general
0,1800,,coding
0,2700,,coding
0,18000,,problem solving
0,1800,,general
0,4500,,coding
0,360,,review
28800,2400,5,coding
0,600,,coding
0,4200,,coding
0,600,,problem solving
0,900,,reading
0,1200,,coding
0,14400,,general
0,7200,,general
0,3600,,research
0,1200,,general
1800,1200,2,coding
7200,7200,3,coding
0,10800,,coding
0,600,,general
0,900,,review
1800,1800,2,general
1800,900,2,general
1800,420,2,reading
900,900,1,review
0,144000,,general
0,3600,,general
0,7200,,general
0,7200,,reading
0,50400,,general
0,14400,,coding
0,15120,,coding
0,3600,,general
0,23520,,general
0,28800,,general
0,4800,,coding
0,7200,,coding
0,1800,,coding
0,1800,,coding
0,3600,,coding
7200,28800,3,general
28800,28800,5,coding
3600,3600,2,general
86400,28800,5,general
86400,28800,5,general
14400,7200,4,writing
14400,14400,4,general
3600,3600,2,coding
7200,7200,3,general
7200,14400,3,general
28800,7200,5,general
3600,3600,2,reading
900,900,1,general
1800,3600,2,coding
3600,3600,2,reading
1800,1200,2,coding
14400,1800,4,coding
600,1800,1,general
7200,7200,3,coding
900,900,1,reading
300,300,1,problem solving
0,3600,,writing
1800,1800,2,coding
86400,28800,5,writing
3600,3600,2,coding
1200,1200,2,writing
172800,57600,5,reading
3600,3600,2,reading
600,600,1,coding
7200,3600,3,reading
1800,600,2,problem solving
7200,7200,3,general
3600,3600,2,coding
600,600,1,coding
7200,28800,3,reading
3600,3600,2,writing
0,3600,,coding
600,600,1,coding
1800,1800,2,general
1800,1800,2,general
7200,7200,3,writing
1800,1800,2,reading
1200,1200,2,coding
0,600,,coding
1800,1200,2,general
7200,14400,3,reading
7200,10800,3,general
7200,7200,3,coding
7200,7200,3,coding
10800,14400,3,coding
7200,8400,3,reading
0,1200,,general
14400,5400,4,general
28800,3600,5,reading
3600,1800,2,general
0,3000,,writing
0,4800,,coding
0,7200,,coding
0,4200,,coding
0,1800,,coding
0,4800,,general
0,4200,,general
0,4800,,writing
0,9000,,general
0,10200,,coding
0,1800,,coding
0,4200,,general
0,21600,,general
0,4800,,writing
0,12600,,general
0,7800,,general
0,7200,,coding
0,1200,,general
0,6000,,coding
0,2400,,coding
0,6000,,general
0,3000,,coding
0,1200,,coding
0,1800,,general
0,1200,,general
0,1800,,general
0,2400,,general
0,1200,,coding
0,600,,coding
0,2400,,coding
0,7800,,general
0,1800,,general
0,1200,,general
0,5400,,general
0,3000,,general
0,1800,,general
0,1200,,general
0,1800,,coding
0,2400,,general
0,1200,,coding
0,1200,,review
0,1200,,general
0,1200,,review
0,1200,,general
0,2400,,general
0,1200,,general
0,2400,,coding
0,1200,,general
0,9600,,general
0,2400,,general
0,2400,,writing
0,2400,,general
0,1200,,coding
0,1200,,coding
0,1200,,coding
0,1200,,problem solving
0,1200,,coding
0,1800,,general
600,1200,1,general
0,1200,,coding
0,1200,,coding
0,1200,,problem solving
0,2400,,general
0,1200,,reading
0,1200,,coding
0,4800,,coding
0,4800,,coding
0,19800,,coding
0,3600,,general
0,1800,,coding
0,3000,,general
0,3600,,writing
0,1800,,reading
0,600,,reading
0,1200,,coding
0,600,,general
0,1200,,general
0,1200,,coding
0,6600,,general
0,4200,,problem solving
0,9600,,general
0,5400,,research
0,2400,,problem solving
0,3000,,general
0,1200,,general
0,4800,,general
0,2400,,coding
0,1200,,general
0,5400,,general
0,3600,,coding
0,2400,,coding
0,1200,,reading
0,5400,,writing
0,2400,,coding
0,6600,,general
0,4200,,writing
0,4800,,coding
0,3600,,coding
0,600,,coding
0,3600,,general
0,1800,,general
0,1200,,general
0,1200,,reading
0,1200,,general
0,1200,,general
0,6000,,general
0,1200,,general
0,1200,,general
0,1200,,reading
0,1200,,general
0,1200,,general
0,1800,,general
0,1200,,general
0,1200,,coding
0,2400,,general
0,1200,,general
0,1200,,general
0,1200,,general
0,1200,,general
0,3600,,problem solving
0,1200,,general
0,1200,,problem solving
0,1200,,general
0,1200,,general
0,1200,,review
0,1200,,general
0,1200,,general
0,1200,,writing
0,1200,,general
0,1200,,general
0,1200,,general
0,1200,,writing
0,1200,,general
0,2400,,coding
0,1200,,general
0,600,,coding
0,1200,,general
0,1200,,general
0,1200,,general
0,1200,,general
0,1200,,coding
0,1200,,general
0,1800,,review
0,1800,,coding
0,1800,,general
0,4200,,general
0,4200,,general
0,3000,,coding
0,26400,,general
0,3600,,reading
0,1800,,coding
0,3000,,coding
0,3000,,coding
0,4200,,coding
0,1200,,coding
0,1800,,coding
0,1200,,writing
0,11400,,coding
0,9000,,coding
0,6000,,coding
0,2400,,coding
0,6600,,coding
0,1200,,general
0,2400,,general
0,1200,,coding
0,1200,,reading
0,3000,,coding
0,3000,,writing
0,13800,,general
0,10800,,general
0,6000,,writing
0,11400,,general
0,3000,,coding
0,1800,,coding
0,4200,,writing
0,1800,,general
0,2400,,coding
0,1800,,general
0,1800,,general
0,2400,,writing
0,2400,,writing
0,3600,,general
0,1800,,research
0,4200,,general
0,2400,,coding
0,1800,,coding
0,2400,,coding
0,4800,,coding
0,15000,,coding
0,1800,,general
0,2400,,writing
0,2400,,coding
0,4800,,general
0,6600,,writing
0,3600,,reading
0,1800,,general
0,1200,,general
0,3600,,general
0,600,,problem solving
0,1200,,coding
0,1800,,coding
0,8400,,general
0,1800,,reading
0,1200,,general
0,600,,coding
0,1200,,general
0,1200,,coding
0,1800,,general
0,1200,,review
0,2400,,general
0,1800,,coding
0,1800,,coding
0,1800,,general
0,1800,,reading
0,1200,,coding
0,1200,,general
0,1200,,problem solving
0,2400,,general
0,7200,,general
0,600,,general
0,1200,,general
0,1200,,general
0,1200,,coding
0,600,,general
0,1200,,coding
0,1200,,general
0,1200,,general
0,1200,,coding
0,3000,,coding
0,3000,,general
0,2400,,general
0,3600,,writing
0,2400,,general
0,5400,,general
0,2400,,general
0,1200,,coding
0,6000,,writing
0,1800,,coding
0,1800,,coding
0,3600,,coding
0,1800,,general
0,5400,,general
0,1200,,coding
0,1800,,general
0,6000,,general
0,3600,,coding
0,1800,,coding
0,1800,,coding
0,600,,writing
0,4200,,general
0,1800,,writing
0,5400,,general
0,600,,coding
0,5400,,general
0,1800,,general
0,4200,,research
0,4800,,coding
0,7200,,coding
0,1800,,general
0,7800,,coding
0,2400,,research
0,1800,,general
0,4800,,general
0,3000,,coding
0,2400,,writing
0,4800,,writing
0,2400,,coding
0,1200,,coding
0,1200,,coding
0,1200,,general
0,3600,,general
0,2400,,general
0,1200,,review
0,1800,,general
0,1200,,general
0,2400,,coding
0,4200,,reading
0,12600,,coding
0,3000,,writing
0,2400,,coding
0,13800,,coding
0,7800,,general
0,13200,,general
0,1800,,reading
0,10800,,coding
0,9000,,coding
0,1800,,coding
0,3000,,general
0,5400,,general
0,4200,,general
0,3000,,general
0,3000,,coding
0,1800,,coding
0,1200,,reading
0,1200,,coding
0,1200,,general
0,1200,,coding
0,1200,,general
0,6600,,coding
0,1200,,general
0,1200,,coding
0,600,,coding
0,1200,,general
0,1200,,coding
172800,1200,5,coding
0,1200,,coding
0,1200,,coding
604800,1200,5,coding
0,2400,,writing
0,1200,,research
0,6000,,coding
0,1800,,reading
0,1200,,problem solving
300,1800,1,reading
0,1200,,general
0,1200,,coding
0,1200,,general
0,1200,,coding
0,10200,,coding
0,1200,,general
0,4320,,coding
0,1200,,general
0,1200,,coding
0,1200,,writing
0,600,,general
0,2400,,coding
0,1200,,coding
0,1200,,coding
0,1800,,problem solving
0,600,,coding
0,1200,,reading
0,1200,,reading
0,1200,,coding
0,1200,,general
0,1200,,coding
0,1200,,general
0,1200,,general
0,1200,,general
0,1200,,coding
0,1200,,reading
0,1200,,coding
0,3600,,general
0,6600,,coding
0,1200,,reading
0,1200,,coding
0,1200,,general
0,1200,,coding
0,1200,,review
0,1200,,coding
0,13800,,general
0,1200,,coding
0,1200,,general
0,2400,,general
0,1800,,general
0,1200,,general
0,1200,,general
0,1200,,general
0,1200,,coding
0,1200,,reading
0,1200,,general
0,1200,,research
0,1200,,general
0,600,,general
0,1200,,review
0,1200,,general
0,6600,,writing
0,1200,,coding
0,1200,,general
0,1200,,coding
0,1200,,coding
0,1200,,coding
0,1200,,general
0,1200,,reading
0,1200,,general
0,1200,,coding
0,1200,,coding
0,1200,,coding
0,1200,,coding
0,1200,,general
0,1800,,general
0,2460,,writing
0,1200,,coding
0,1200,,reading
0,1200,,reading
0,1200,,writing
0,1200,,general
0,1800,,coding
0,1200,,general
0,1200,,writing
0,2400,,general
0,4800,,coding
0,3000,,coding
0,1200,,coding
0,25800,,reading
0,23400,,general
0,25200,,general
86400,1800,5,general
0,9600,,general
0,600,,general
172800,3000,5,coding
0,600,,coding
0,2400,,review
0,600,,general
0,2400,,coding
0,3600,,coding
0,4200,,coding
0,2400,,coding
0,3600,,reading
0,9000,,coding
0,2400,,review
0,1800,,coding
0,16800,,coding
0,18000,,coding
0,25200,,coding
0,5400,,coding
0,1800,,writing
0,3000,,general
0,25800,,writing
0,3000,,coding
0,3000,,coding
0,3600,,coding
0,10800,,coding
0,3000,,coding
0,2400,,coding
0,2400,,writing
0,2400,,writing
0,1800,,problem solving
0,23400,,general
0,3600,,review
0,2400,,coding
0,14400,,coding
0,2400,,coding
0,4200,,coding
0,3000,,general
0,3000,,coding
0,17400,,coding
0,9000,,review
0,2400,,coding
0,24000,,coding
0,5400,,research
0,2400,,review
0,18000,,writing
0,2400,,general
0,13200,,general
0,3000,,coding
0,1800,,reading
0,1800,,writing
0,2400,,general
0,2400,,general
0,4200,,general
0,6000,,general
0,1200,,coding
0,6600,,general
0,1200,,coding
0,1200,,general
0,1200,,general
0,1200,,general
0,6600,,general
0,13800,,coding
0,8400,,coding
0,9000,,coding
0,600,,general
0,4800,,coding
0,13800,,coding
0,4200,,general
0,1800,,general
0,3000,,general
0,9600,,general
0,3600,,general
0,4800,,general
0,6000,,general
0,1800,,general
0,1800,,general
0,1800,,reading
0,1800,,general
0,6600,,coding
0,1200,,general
0,7800,,reading
0,600,,general
0,4200,,coding
0,1200,,coding
0,1200,,general
0,3000,,general
0,1200,,reading
0,1200,,coding
0,1200,,coding
0,3000,,coding
0,10200,,coding
0,3600,,general
0,1200,,general
0,1200,,coding
0,6000,,coding
0,1200,,coding
0,1200,,reading
0,1800,,coding
0,1200,,general
0,4200,,general
0,600,,review
0,11400,,coding
0,30000,,writing
0,2400,,reading
0,1800,,coding
0,3600,,reading
0,6000,,general
0,15600,,review
0,1800,,coding
0,12600,,coding
0,2400,,reading
0,1800,,coding
0,1200,,general
0,1200,,reading
0,600,,reading
0,1800,,coding
0,13200,,coding
0,5400,,general
0,1200,,reading
0,1200,,general
0,2400,,general
0,1200,,writing
0,1200,,coding
0,1200,,coding
0,1200,,coding
0,1200,,coding
0,1200,,coding
0,1200,,coding
0,1200,,general
0,1200,,coding
0,1200,,coding
0,1800,,coding
0,1200,,coding
0,600,,coding
0,1200,,review
0,1200,,writing
0,1200,,problem solving
0,1200,,general
0,1200,,general
0,1200,,coding
0,1200,,general
0,1200,,problem solving
0,1200,,writing
0,1200,,coding
0,1200,,general
0,1200,,coding
0,1200,,general
0,1200,,general
0,1200,,coding
0,1200,,coding
0,1200,,coding
0,1200,,writing
0,1200,,coding
0,1200,,general
0,1200,,general
0,1200,,general
0,1200,,coding
0,1200,,coding
0,1200,,coding
0,2400,,coding
0,1200,,coding
0,1200,,coding
0,1200,,problem solving
0,1200,,coding
0,1200,,general
0,1200,,general
0,1800,,coding
0,600,,coding
0,1200,,coding
0,1200,,general
0,1200,,writing
0,1200,,coding
0,1200,,coding
0,1200,,coding
0,1200,,general
0,1200,,coding
0,1200,,coding
0,1200,,coding
0,1200,,general
0,1200,,coding
0,1200,,general
0,1200,,coding
0,1200,,coding
0,1200,,coding
0,1200,,general
0,1200,,coding
0,1200,,coding
0,1200,,review
0,1200,,general
0,1200,,coding
0,1200,,general
0,1200,,general
0,1200,,coding
0,1200,,coding
0,1200,,general
0,1200,,coding
0,600,,coding
0,1200,,coding
0,1200,,coding
0,1200,,coding
0,1200,,writing
0,1200,,coding
0,1200,,writing
0,1200,,review
0,1200,,general
0,1200,,general
0,1200,,general
0,1200,,reading
0,1200,,coding
0,1200,,general
0,1200,,coding
0,1200,,coding
0,1200,,general
0,1200,,general
0,1200,,coding
0,1200,,general
0,1200,,coding
0,1200,,coding
0,1200,,general
0,2400,,general
0,1200,,coding
0,1200,,general
0,1200,,general
0,1200,,general
0,1200,,general
0,1200,,coding
0,1200,,general
0,2400,,general
0,1200,,general
0,1200,,general
0,2400,,general
0,1200,,general
0,1200,,general
0,2400,,coding
0,1200,,writing
0,1200,,research
0,1200,,writing
0,2400,,writing
0,4800,,writing
0,1200,,coding
0,1800,,coding
0,1200,,coding
0,1200,,reading
0,1200,,coding
0,1200,,general
0,3600,,coding
0,1200,,coding
0,1200,,general
0,1200,,review
0,1800,,review
0,16800,,review
0,1200,,general
0,15000,,writing
0,13200,,general
0,10200,,reading
0,2400,,coding
0,2400,,general
0,6000,,review
0,6600,,reading
0,16800,,general
0,11400,,general
0,9600,,writing
0,25800,,general
0,18000,,general
0,21600,,general
0,22200,,general
0,1200,,review
0,1200,,coding
0,1200,,general
0,1200,,review
0,1200,,coding
0,600,,writing
0,1200,,review
0,1200,,coding
0,1200,,coding
0,2400,,coding
0,1200,,general
0,1200,,general
0,1200,,coding
0,1200,,writing
0,1200,,coding
0,1200,,coding
0,1200,,general
0,1200,,problem solving
0,1200,,reading
0,1200,,coding
0,1200,,coding
0,1200,,coding
0,6600,,general
0,12600,,general
0,1200,,coding
0,1200,,general
0,1200,,coding
0,1200,,problem solving
0,9000,,coding
0,2400,,coding
0,5400,,general
0,1800,,coding
0,1800,,problem solving
0,2400,,general
0,3600,,coding
0,10200,,coding
0,2400,,coding
0,2400,,coding
0,13800,,coding
0,5400,,coding
0,1200,,coding
0,4200,,coding
0,2400,,general
0,1800,,coding
0,6600,,problem solving
0,1200,,general
0,12600,,coding
0,10800,,coding
0,11400,,coding
0,5400,,coding
0,4200,,general
0,18600,,coding
0,3000,,coding
0,1800,,general
0,1200,,general
0,3000,,coding
0,1200,,coding
0,1800,,general
0,1800,,writing
0,1800,,coding
0,1800,,general
0,2400,,coding
0,600,,general
0,600,,general
0,1200,,general
0,600,,general
0,600,,coding
0,1200,,general
0,600,,general
0,600,,general
0,600,,general
0,600,,general
0,1200,,review
0,1800,,general
0,17400,,coding
0,3600,,general
0,1200,,writing
0,9000,,general
0,3600,,writing
0,7200,,coding
0,2400,,coding
0,1200,,general
0,10200,,general
0,8400,,coding
0,22800,,general
0,4800,,coding
0,14400,,general
0,24000,,writing
0,12000,,writing
0,37200,,coding
0,1200,,coding
0,25800,,reading
0,3600,,coding
0,1200,,coding
0,9000,,writing
0,3000,,coding
0,600,,coding
0,1800,,writing
0,19200,,coding
0,5400,,coding
0,3600,,general
0,16200,,general
0,3000,,coding
0,13200,,general
0,6000,,general
0,3000,,general
0,27000,,coding
0,28200,,coding
0,3000,,writing
0,2400,,general
0,11400,,coding
0,13200,,reading
0,27000,,coding
0,6600,,general
0,10200,,coding
0,3000,,research
0,3000,,coding
0,1200,,general
0,3000,,reading
0,4200,,coding
0,2400,,coding
0,3000,,reading
0,600,,coding
0,34200,,general
86400,16800,5,writing
0,5400,,coding
0,1800,,general
0,1200,,general
0,1800,,general
0,1800,,general
0,2400,,reading
0,6600,,coding
0,2400,,coding
0,3000,,general
0,6000,,reading
0,1200,,writing
0,1200,,general
0,1200,,general
0,6600,,general
0,3600,,reading
0,3600,,coding
0,2400,,general
0,3000,,coding
0,2400,,coding
0,17400,,coding
0,1200,,general
0,12000,,coding
0,3000,,general
0,4800,,general
0,1800,,general
0,1800,,general
0,1800,,general
0,4800,,coding
0,1800,,coding
0,1200,,research
0,10800,,coding
0,1800,,coding
0,1800,,general
0,1800,,general
0,2400,,coding
0,1800,,problem solving
0,1800,,general
0,3000,,review
0,10200,,general
0,9000,,coding
0,4800,,general
0,1800,,general
0,11400,,general
0,3600,,research
0,5400,,general
0,1800,,general
0,2400,,general
172800,95400,5,coding
0,1800,,coding
0,4200,,general
0,3600,,coding
0,2400,,general
0,1800,,coding
0,1800,,general
0,3600,,review
0,1200,,coding
0,1200,,coding
0,1200,,general
0,1200,,coding
14400,4800,4,coding
0,24000,,general
0,20400,,coding
0,1800,,general
0,600,,general
0,10800,,research
0,1200,,problem solving
0,1200,,general
0,10800,,general
0,1200,,general
0,4200,,general
0,1200,,general
0,1200,,general
0,1200,,general
0,1800,,general
0,1200,,reading
0,13800,,general
0,1800,,coding
0,1200,,review
0,1800,,review
0,2400,,coding
0,9000,,general
0,1200,,coding
0,9600,,coding
0,1200,,general
0,1200,,coding
0,13200,,general
0,4200,,general
0,1200,,coding
0,2400,,reading
0,3000,,coding
0,3600,,general
0,13200,,general
0,1800,,general
0,5400,,coding
0,1200,,general
0,8400,,writing
0,3000,,general
0,2400,,problem solving
0,3000,,general
0,3600,,general
0,3000,,general
0,8400,,general
0,1200,,coding
0,3000,,reading
0,1200,,general
0,1800,,general
0,4200,,general
0,11400,,general
0,1200,,general
0,18600,,general
0,7800,,coding
0,3000,,general
0,13200,,coding
0,1200,,review
0,1200,,general
0,8400,,general
0,1200,,general
0,1800,,coding
0,1200,,general
0,2400,,general
0,1200,,general
0,1800,,research
0,3600,,writing
0,1200,,general
0,1200,,general
0,1800,,coding
0,4200,,general
0,1800,,general
0,1800,,general
0,1200,,coding
0,3600,,general
0,9000,,coding
0,4800,,coding
0,3600,,general
0,17400,,coding
0,18600,,general
0,6000,,general
0,600,,coding
0,1200,,coding
0,1200,,coding
0,1800,,general
0,7800,,general
0,6600,,general
0,7800,,general
0,7200,,general
0,2400,,general
0,3000,,general
0,19800,,coding
0,1200,,writing
0,1200,,general
0,14400,,coding
0,1800,,general
0,3600,,general
0,11400,,general
0,3000,,general
0,1800,,research
0,43800,,coding
0,3600,,writing
0,1800,,coding
0,2400,,general
0,3000,,general
0,1200,,general
0,1200,,coding
0,2400,,coding
0,1800,,writing
0,1200,,writing
0,5400,,problem solving
0,1200,,general
0,1800,,review
0,1800,,coding
0,1800,,general
0,2400,,general
0,1200,,general
0,1800,,general
0,1800,,reading
0,2400,,reading
0,1800,,reading
0,37200,,coding
0,1800,,general
0,1800,,general
0,1200,,reading
0,6000,,general
0,6600,,coding
0,7800,,general
0,5400,,coding
0,5400,,general
0,4200,,problem solving
0,9000,,coding
0,4200,,general
0,6600,,coding
0,3000,,coding
0,1800,,coding
0,4800,,general
0,4800,,coding
0,24600,,reading
0,3000,,coding
0,6000,,general
0,2400,,coding
0,4200,,general
0,9600,,general
0,4800,,general
0,3000,,general
0,3600,,general
0,6000,,review
0,1800,,general
0,2400,,general
0,72000,,general
3600,3660,2,general
10800,10800,3,research
86400,28800,5,general
21600,7200,5,general
144000,14400,5,general
28800,28800,5,general
14400,10800,4,coding
43200,43200,5,general
10800,36000,3,general
0,7200,,coding
0,1800,,general
0,7200,,general
1800,1800,2,coding
1800,1800,2,coding
0,900,,coding
0,5400,,coding
600,600,1,review
600,600,1,general
0,46800,,coding
0,1800,,research
0,604800,,general
0,86400,,general
288000,201600,5,general
0,7200,,writing
0,3600,,coding
0,3600,,coding
0,28800,,general
432000,259200,5,general
0,144000,,problem solving
576000,432000,5,coding
28800,14400,5,general
0,3600,,general
18000,86400,4,general
57600,86400,5,reading
28800,14400,5,review
21600,7200,5,coding
216000,28800,5,writing
144000,14400,5,review
86400,43200,5,writing
14400,14400,4,reading
115200,115200,5,general
57600,57600,5,writing
14400,14400,4,review
28800,28800,5,review
14400,18000,4,coding
0,10800,,general
28800,28800,5,coding
7200,28800,3,coding
7200,10800,3,coding
7200,14400,3,coding
0,18000,,general
57600,28800,5,review
57600,57600,5,review
0,14400,,general
28800,28800,5,review
28800,28800,5,review
28800,28800,5,review
28800,57600,5,review
28800,28800,5,review
28800,28800,5,review
0,14400,,coding
7200,10800,3,general
3600,18000,2,general
0,14400,,general
10800,10800,3,coding
28800,57600,5,review
36000,28800,5,coding
28800,28800,5,review
28800,28800,5,review
28800,28800,5,review
0,10800,,general
0,14400,,general
0,10800,,general
28800,28800,5,review
28800,28800,5,review
0,10800,,general
28800,28800,5,review
0,28800,,review
0,14400,,general
0,14400,,general
0,10800,,general
28800,28800,5,reading
0,14400,,writing
28800,28800,5,review
0,7200,,general
28800,28800,5,coding
0,14400,,writing
0,10800,,general
0,14400,,general
0,28800,,writing
57600,57600,5,review
57600,28800,5,review
57600,115200,5,review
86400,57600,5,general
57600,57600,5,review
0,10800,,writing
14400,14400,4,coding
57600,57600,5,review
0,14400,,general
0,14400,,general
0,21600,,writing
432000,183600,5,general
14400,14400,4,reading
0,21600,,coding
0,10800,,coding
3600,5400,2,general
0,28800,,general
0,14400,,general
14400,10800,4,general
10800,10800,3,general
28800,86400,5,general
7200,7200,3,reading
0,14400,,general
3600,3600,2,general
28800,57600,5,coding
0,14400,,general
43200,54000,5,general
0,7200,,general
28800,144000,5,coding
144000,172800,5,writing
57600,28800,5,reading
57600,144000,5,reading
57600,115200,5,reading
57600,129600,5,coding
3600,3600,2,review
1800,1800,2,general
7200,9000,3,general
0,9000,,general
1800,1800,2,general
1800,1800,2,coding
1800,1800,2,general
1800,1800,2,general
1800,1800,2,review
3600,5400,2,general
1800,1800,2,coding
1800,1800,2,general
10800,10800,3,general
10800,14400,3,general
21600,21600,5,general
21600,21600,5,general
144000,145020,5,general
7200,21600,3,general
115200,88200,5,general
14400,14400,4,coding
14400,14400,4,general
14400,14400,4,general
14400,14400,4,general
14400,14400,4,coding
21600,21600,5,coding
21600,21600,5,coding
14400,14400,4,coding
43200,43200,5,coding
14400,14400,4,coding
1800,50400,2,coding
14400,32400,4,review
21600,21600,5,writing
1800,1800,2,review
1800,1800,2,review
3600,3600,2,coding
18000,21600,4,review
1800,1800,2,writing
21600,21600,5,coding
1800,1800,2,review
28800,14400,5,research
14400,14400,4,coding
28800,28800,5,general
28800,28800,5,general
28800,28800,5,general
28800,28800,5,general
14400,14400,4,general
28800,21600,5,review
28800,28800,5,review
28800,21600,5,review
28800,28800,5,review
57600,115200,5,general
86400,14400,5,general
432000,144000,5,general
43200,43200,5,review
21600,28800,5,review
0,36000,,general
403200,18000,5,research
576000,234000,5,coding
72000,7200,5,research
144000,43200,5,general
28800,57600,5,coding
14400,14400,4,coding
57600,59400,5,reading
0,100800,,general
144000,57600,5,general
7200,7200,3,general
36000,25200,5,writing
21600,14400,5,reading
36000,50400,5,reading
115200,3600,5,research
72000,72000,5,general
57600,28800,5,general
28800,57600,5,general
432000,487800,5,general
57600,10800,5,review
10800,5400,3,general
7200,21600,3,reading
86400,3600,5,reading
144000,115200,5,reading
14400,3600,4,writing
144000,28800,5,general
288000,403200,5,writing
57600,10800,5,reading
403200,270900,5,coding
144000,144000,5,coding
0,21600,,general
201600,172800,5,reading
14400,14400,4,coding
57600,72000,5,coding
14400,14400,4,general
0,7200,,writing
14400,14400,4,coding
28800,28800,5,general
28800,28800,5,general
57600,28800,5,coding
28800,28800,5,general
36000,36000,5,writing
7200,7200,3,coding
14400,14400,4,review
14400,14400,4,general
14400,14400,4,general
14400,14400,4,general
14400,14400,4,general
14400,14400,4,general
14400,7200,4,general
14400,21600,4,coding
28800,28800,5,general
28800,28800,5,coding
57600,57600,5,coding
0,18000,,general
28800,28800,5,coding
0,14400,,coding
7200,7200,3,general
28800,28800,5,general
43200,43200,5,coding
18000,18000,4,coding
10800,10800,3,coding
14400,14400,4,general
14400,14400,4,coding
7200,7200,3,coding
7200,7200,3,coding
25200,21600,5,general
0,14400,,general
288000,50400,5,coding
14400,7200,4,review
21600,21600,5,coding
28800,28800,5,general
14400,18000,4,general
28800,28800,5,general
57600,57600,5,general
7200,7200,3,general
0,21600,,general
28800,28800,5,coding
28800,28800,5,general
14400,14400,4,coding
18000,18000,4,coding
10800,14400,3,general
18000,14400,4,general
14400,14400,4,coding
18000,18000,4,coding
10800,10800,3,coding
10800,10800,3,coding
18000,18000,4,general
7200,25200,3,coding
36000,36000,5,coding
57600,57600,5,coding
43200,36000,5,general
36000,43200,5,coding
28800,28800,5,general
14400,14400,4,coding
57600,57600,5,coding
14400,14400,4,coding
43200,43200,5,review
14400,14400,4,coding
28800,14400,5,coding
28800,28800,5,coding
7200,18000,3,coding
57600,57600,5,coding
25200,32400,5,general
57600,86400,5,coding
25200,36000,5,coding
50400,43200,5,coding
43200,43200,5,coding
86400,57600,5,general
28800,28800,5,general
115200,115200,5,coding
14400,14400,4,coding
14400,14400,4,general
14400,7200,4,coding
21600,7200,5,general
86400,86400,5,coding
14400,14400,4,general
28800,14400,5,coding
14400,14640,4,review
28800,28800,5,general
144000,129600,5,general
57600,57600,5,general
86400,86400,5,coding
57600,57600,5,coding
57600,57600,5,coding
28800,28800,5,coding
28800,28800,5,coding
288000,7200,5,review
18000,7200,4,reading
0,7200,,general
21600,21600,5,coding
14400,36000,4,coding
14400,10800,4,general
28800,28800,5,general
43200,43200,5,review
14400,14400,4,writing
0,7200,,general
21600,14400,5,general
14400,14400,4,coding
14400,3600,4,general
28800,21600,5,general
50400,14400,5,coding
21600,21600,5,general
0,10800,,general
14400,14400,4,writing
0,28800,,coding
14400,14400,4,review
0,57600,,general
28800,14400,5,general
21600,3600,5,coding
144000,5400,5,coding
576000,57600,5,reading
144000,144000,5,coding
115200,28800,5,review
144000,1800,5,general
0,7200,,general
0,18000,,coding
0,600,,research
864000,57600,5,coding
0,3600,,research
0,18000,,coding
0,10800,,general
0,3600,,general
0,1560,,general
0,1200,,general
0,3600,,general
0,12600,,general
0,480,,general
0,1140,,general
0,3360,,writing
0,1440000,,reading
57600,28800,5,general
144000,86400,5,general
28800,14400,5,coding
14400,7200,4,coding
0,129600,,general
0,21600,,coding
0,18000,,coding
0,77400,,review
0,7200,,problem solving
0,79200,,general
0,10800,,writing
0,84600,,general
0,18000,,reading
0,30600,,coding
0,39780,,general
0,133200,,general
86400,118800,5,coding
0,57600,,general
144000,144000,5,problem solving
0,900,,reading
0,1800,,coding
0,7200,,general
0,3600,,general
0,10860,,coding
0,18000,,general
0,28800,,general
0,30600,,writing
0,64800,,general
0,50400,,general
0,19800,,research
0,43200,,general
0,73800,,general
0,14400,,general
0,3600,,general
0,68400,,writing
0,3600,,general
0,3600,,general
0,18000,,writing
0,1800,,general
0,7200,,general
0,3600,,general
0,3600,,general
0,3600,,writing
0,10800,,general
0,3600,,general
0,3600,,coding
0,7200,,general
0,3600,,general
0,16200,,general
0,52200,,general
0,1800,,general
0,99000,,coding
0,10800,,general
0,37800,,review
0,122400,,general
0,12600,,general
288000,288000,5,general
432000,288000,5,writing
300,300,1,general
0,1800,,coding
0,1800,,reading
600,120,1,coding
0,28800,,writing
0,172800,,reading
0,1800,,general
0,300,,general
0,300,,general
0,86400,,general
0,300,,coding
0,900,,general
0,600,,general
0,1200,,general
0,1800,,coding
0,1800,,writing
0,1200,,writing
0,8100,,review
0,900,,general
0,7200,,general
0,1800,,coding
0,57600,,general
0,3600,,general
0,300,,general
0,1200,,general
0,7200,,general
0,1800,,general
0,18000,,general
0,600,,general
0,1800,,general
0,3600,,general
0,3600,,coding
0,7200,,general
0,1800,,general
0,1200,,general
0,3600,,general
0,28800,,general
0,600,,coding
0,3600,,writing
0,14400,,general
0,600,,general
0,3600,,coding
0,600,,general
0,28800,,coding
0,82800,,general
0,7200,,general
0,3600,,general
0,57600,,general
0,28800,,general
0,7200,,general
0,600,,reading
0,7200,,general
0,10800,,coding
0,3600,,general
0,50400,,general
0,7200,,general
0,3600,,general
0,1800,,coding
0,8400,,general
0,3600,,review
0,28800,,writing
0,1800,,reading
0,14400,,general
0,14400,,general
0,28800,,general
0,28800,,general
0,3600,,coding
14400,14400,4,general
14400,14400,4,general
0,108000,,general
0,259200,,general
0,259200,,general
0,432000,,general
0,7200,,general
0,27000,,writing
0,28800,,writing
0,57600,,writing
0,259200,,writing
0,190800,,writing
0,28800,,coding
0,86400,,coding
0,7200,,reading
0,18000,,general
0,57600,,general
0,64800,,coding
0,165600,,general
0,165600,,general
0,21600,,coding
0,14400,,general
0,482400,,general
0,158400,,general
0,3600,,review
0,14400,,coding
28800,21600,5,reading
86400,117000,5,general
144000,169200,5,research
28800,10800,5,general
28800,50400,5,general
10800,3600,3,general
14400,14400,4,general
3600,3600,2,general
7200,7200,3,general
28800,5400,5,general
3600,3600,2,coding
3600,3600,2,review
14400,7200,4,writing
28800,14400,5,general
3600,9000,2,coding
0,21600,,coding
0,5400,,general
0,5400,,general
0,7200,,general
0,93600,,general
144000,50400,5,coding
288000,97200,5,coding
0,18000,,general
0,14400,,writing
0,3600,,general
0,3600,,general
0,23400,,general
0,9000,,general
0,28800,,general
144000,111600,5,coding
0,88200,,coding
0,9000,,general
0,1800,,writing
0,32400,,general
201600,61200,5,writing
0,10800,,general
0,27000,,general
0,9000,,general
0,9000,,general
0,3600,,coding
0,23400,,coding
0,7200,,writing
0,21600,,coding
0,7200,,coding
0,32400,,general
0,19800,,coding
0,7200,,general
0,3600,,coding
0,3600,,general
0,21600,,reading
0,10800,,reading
0,3600,,reading
0,14400,,coding
0,18000,,reading
0,10800,,reading
0,3600,,general
0,7200,,coding
0,86400,,general
0,108000,,research
0,43200,,coding
0,28800,,review
0,28800,,general
0,21600,,general
0,216000,,writing
0,28800,,coding
0,144000,,general
0,28800,,general
0,14400,,writing
0,43200,,general
0,14400,,reading
300,300,1,general
0,28800,,review
0,120,,coding
600,600,1,coding
0,1800,,research
0,1800,,general
0,10800,,writing
0,57600,,general
28800,10800,5,general
0,7200,,coding
7200,7200,3,general
0,28800,,reading
0,7200,,general
0,1200,,general
0,28800,,coding
288000,288000,5,coding
0,72000,,research
0,21600,,writing
0,10800,,reading
0,108000,,general
10800,10800,3,general
0,7200,,general
0,3600,,general
0,1800,,general
0,3600,,writing
0,46800,,coding
0,3600,,coding
0,7200,,research
0,86400,,general
0,14400,,general
0,57600,,general
0,3600,,general
0,46800,,general
0,21600,,general
0,36000,,coding
0,97200,,coding
0,69360,,general
0,28800,,coding
0,3600,,general
0,3600,,general
0,169200,,coding
0,144000,,general
0,21600,,coding
0,18000,,general
0,14400,,general
0,108000,,writing
0,10800,,general
0,28800,,general
0,12600,,general
0,46800,,writing
0,72000,,general
0,28800,,writing
0,18000,,reading
0,21600,,general
0,86400,,general
86400,18000,5,general
144000,93600,5,coding
10800,3600,3,general
0,126000,,coding
57600,10800,5,coding
7200,7200,3,coding
0,262800,,coding
0,256440,,research
7200,7200,3,general
7200,1200,3,coding
0,5400,,general
57600,3600,5,general
3600,3600,2,writing
0,288000,,coding
0,205200,,coding
144000,147600,5,coding
0,144000,,coding
7200,3600,3,review
0,3600,,coding
0,3600,,coding
0,3600,,coding
0,3600,,coding
0,3600,,coding
0,3600,,coding
0,3600,,coding
0,7200,,coding
0,7200,,coding
0,10800,,coding
0,7200,,coding
0,3600,,coding
0,3600,,coding
0,7200,,general
3600,3600,2,writing
0,14400,,general
0,7200,,writing
3600,3600,2,writing
3600,3600,2,general
0,180000,,coding
0,61200,,coding
28800,7200,5,review
0,9000,,coding
0,21600,,general
0,104400,,general
86400,28800,5,general
0,7200,,coding
0,4500,,coding
0,5400,,coding
0,3600,,coding
0,45900,,coding
0,18000,,coding
0,900,,coding
0,26100,,coding
0,13500,,coding
0,11700,,coding
0,6300,,coding
0,2700,,coding
0,9900,,coding
0,3600,,coding
0,25800,,coding
0,10800,,coding
0,21600,,coding
0,113400,,coding
0,14400,,review
14400,12600,4,general
0,72000,,general
0,43200,,coding
0,7200,,general
0,5400,,review
0,7200,,general
0,21600,,general
0,57600,,general
0,7200,,general
0,27000,,coding
0,155700,,general
0,57600,,general
0,300,,general
0,28800,,general
0,19800,,general
0,10800,,coding
0,7200,,general
0,284160,,general
144000,144000,5,coding
21600,21600,5,general
14400,14400,4,general
0,32400,,coding
0,90000,,coding
600,600,1,general
0,5400,,general
0,3600,,general
0,7200,,general
0,3600,,general
0,10800,,reading
0,32400,,review
0,3600,,general
28800,28800,5,general
0,288000,,general
0,7200,,general
0,28800,,coding
0,79200,,general
7200,7200,3,coding
3600,3600,2,general
0,7200,,review
0,117000,,general
0,7200,,general
0,7200,,general
0,3600,,general
0,2700,,general
0,57600,,coding
0,7200,,review
288000,230400,5,coding
0,3600,,general
0,2700,,general
0,25200,,coding
0,7200,,general
0,3600,,general
0,10800,,coding
28800,14400,5,coding
0,3600,,review
0,10800,,coding
7200,79200,3,general
0,28800,,coding
0,86400,,coding
0,144000,,coding
0,288000,,coding
0,7200,,writing
0,600,,general
115200,57600,5,general
288000,316800,5,coding
0,10800,,general
0,14400,,general
0,18000,,general
14400,21600,4,coding
10800,10800,3,general
86400,10800,5,research
0,28800,,general
0,600,,reading
0,600,,general
0,1800,,general
0,9000,,coding
1200,600,2,reading
28800,7200,5,general
0,3600,,general
7200,7200,3,general
7200,7200,3,general
18000,14400,4,reading
0,57600,,coding
7200,72000,3,reading
0,7200,,general
0,3600,,general
0,10800,,general
1800,300,2,coding
0,28800,,coding
0,36000,,general
0,21600,,coding
288000,288000,5,coding
0,144000,,coding
0,18000,,reading
0,3600,,general
0,14400,,general
0,28800,,general
144000,86400,5,general
0,2700,,writing
0,900,,coding
0,1800,,coding
0,3600,,writing
0,7200,,writing
0,2700,,general
0,54000,,general
0,3600,,writing
0,3600,,general
0,1800,,general
0,6300,,review
0,7200,,general
0,3600,,review
0,1800,,general
0,1800,,coding
0,10800,,general
0,7200,,coding
0,10800,,writing
0,7200,,general
0,18000,,reading
0,7200,,general
0,1800,,general
432000,432000,5,general
0,900,,coding
0,3600,,research
0,10800,,writing
0,14400,,general
0,3600,,general
0,3600,,reading
0,7200,,coding
0,10800,,general
0,1800,,review
0,5400,,coding
0,1800,,general
0,7200,,general
0,3600,,general
0,3600,,general
0,14400,,general
0,2700,,general
0,2700,,general
0,3600,,research
0,3600,,general
0,3600,,coding
0,7200,,writing
0,900,,writing
0,4500,,reading
0,7200,,general
0,14400,,research
0,14400,,coding
0,900,,general
0,1800,,general
0,3600,,general
0,3600,,review
0,432000,,coding
0,57600,,reading
0,3600,,research
0,10800,,research
0,3600,,general
0,10800,,general
0,3600,,general
0,1800,,research
0,7200,,general
0,7200,,coding
3600,3600,2,coding
0,3600,,reading
0,3600,,general
0,3600,,writing
0,14400,,general
3600,3600,2,general
7200,2700,3,coding
0,28800,,general
0,3600,,coding
0,600,,reading
0,3600,,coding
0,108000,,general
0,7200,,general
144000,90000,5,general
576000,403200,5,general
720000,468000,5,general
0,43200,,general
0,18000,,general
0,43200,,general
864000,349200,5,general
144000,144000,5,coding
0,2400,,general
0,57600,,general
28800,18000,5,general
10800,7200,3,general
57600,14400,5,general
10800,7200,3,general
14400,10800,4,writing
0,14400,,writing
0,3600,,general
0,3600,,general
0,57600,,coding
0,86400,,general
28800,43200,5,general
57600,57600,5,coding
28800,21600,5,general
0,3600,,general
28800,21600,5,review
14400,14400,4,general
10800,14400,3,general
0,21600,,general
28800,14400,5,coding
28800,7200,5,general
10800,14400,3,general
10800,14400,3,writing
19800,23400,5,reading
10800,12600,3,coding
10800,10800,3,general
14400,21600,4,general
0,14400,,research
0,14400,,general
14400,18000,4,research
0,3600,,general
0,3600,,general
0,144000,,general
0,7200,,reading
0,28800,,general
0,54000,,general
0,3600,,problem solving
14400,18000,4,general
14400,14400,4,general
0,14400,,research
0,72000,,general
172800,115200,5,coding
43200,7200,5,general
10800,12600,3,general
0,115200,,general
14400,10800,4,general
7200,7200,3,coding
3600,7200,2,general
36000,14400,5,coding
10800,14400,3,general
0,10800,,general
144000,115200,5,review
0,14400,,research
86400,54000,5,general
0,72000,,general
28800,18000,5,coding
28800,25200,5,general
28800,10800,5,general
0,57600,,general
0,12600,,general
0,190800,,coding
0,122400,,coding
86400,28800,5,general
28800,28800,5,general
0,7200,,reading
0,32400,,reading
0,50400,,general
0,32400,,general
0,7200,,general
0,18000,,research
144000,160200,5,general
0,7200,,research
0,3600,,coding
0,3600,,coding
0,3600,,coding
14400,14400,4,general
7200,7200,3,general
3600,3600,2,general
7200,7200,3,general
28800,28800,5,general
14400,21600,4,general
7200,7200,3,coding
57600,43200,5,coding
28800,32400,5,coding
7200,7200,3,general
7200,7200,3,coding
7200,2700,3,general
10800,10800,3,general
28800,28800,5,reading
3600,5400,2,reading
288000,14400,5,general
28800,28800,5,coding
0,316800,,general
86400,118800,5,general
0,88200,,reading
0,70200,,general
0,21600,,writing
0,28800,,general
0,115200,,general
0,66600,,coding
0,14400,,reading
0,61200,,general
0,18000,,general
0,36000,,general
0,37800,,general
0,28800,,general
0,3600,,general
0,102600,,coding
0,243000,,general
0,12600,,general
0,3600,,general
0,28800,,general
0,104400,,general
0,19800,,general
0,10800,,general
0,77400,,general
0,244800,,general
0,68400,,general
0,18000,,general
28800,10800,5,general
0,151200,,general
0,10800,,general
0,140400,,reading
0,21600,,general
0,18000,,general
144000,138600,5,general
0,66600,,general
0,3600,,coding
0,9000,,general
0,25200,,general
0,1800,,general
0,212400,,coding
0,235800,,coding
0,14400,,general
0,68400,,general
0,14400,,general
0,1800,,review
0,21600,,coding
14400,1800,4,writing
0,21600,,general
144000,126000,5,general
28800,129600,5,general
0,18000,,coding
0,72000,,general
0,14400,,writing
0,36000,,general
0,19800,,general
0,5400,,general
0,106200,,general
0,147600,,general
0,5400,,general
0,13800,,research
0,187200,,general
57600,54540,5,coding
0,10800,,writing
0,217800,,general
0,304200,,coding
0,237600,,coding
0,1800,,coding
0,28800,,coding
0,284400,,general
0,72000,,general
0,10800,,coding
3600,3600,2,general
0,68400,,coding
0,7200,,general
0,41400,,writing
57600,50400,5,general
0,72000,,coding
0,57600,,research
0,18000,,general
0,7200,,general
0,10800,,research
0,28800,,general
0,144000,,research
0,20700,,general
0,28800,,general
0,70200,,general
0,32400,,general
0,28800,,general
0,7200,,writing
0,34200,,general
0,232200,,general
0,185400,,research
0,5400,,general
0,50400,,general
0,145800,,coding
0,21600,,general
0,7200,,coding
0,1800,,review
0,21600,,general
0,28800,,general
0,187200,,general
0,121500,,general
0,3600,,general
0,205200,,writing
0,45000,,general
0,3600,,general
0,7200,,general
0,94500,,general
0,163800,,general
0,21600,,general
28800,14400,5,writing
28800,28800,5,writing
0,19800,,general
0,1800,,general
0,61200,,general
0,1344960,,general
0,3600,,general
0,10800,,general
0,39600,,general
0,21600,,general
0,9000,,coding
0,23400,,general
28800,57600,5,general
0,18000,,general
0,5400,,general
0,9000,,review
0,18000,,general
28800,21600,5,general
0,48600,,general
0,3600,,general
0,59400,,coding
0,23400,,general
0,12600,,coding
0,14400,,general
0,1800,,coding
0,10800,,general
0,28800,,general
0,23400,,general
0,21600,,general
0,19800,,general
0,3600,,general
0,30600,,coding
0,30600,,coding
0,34200,,coding
0,1800,,general
0,784800,,general
0,167400,,coding
0,50400,,general
7200,9000,3,general
0,5400,,general
0,21600,,general
0,19800,,general
0,46800,,general
86400,81000,5,writing
0,12600,,general
0,5400,,general
0,9000,,writing
0,16200,,general
0,3600,,problem solving
0,3600,,general
0,10800,,general
0,10800,,research
0,238200,,coding
0,3600,,research
0,5400,,general
0,3600,,writing
0,16200,,general
0,3600,,general
0,14400,,general
10800,31500,3,general
0,14400,,general
10800,10800,3,writing
0,16200,,writing
0,14400,,writing
0,2700,,writing
0,39600,,general
0,9000,,general
0,14400,,general
0,1800,,general
0,28800,,coding
0,18000,,general
0,264600,,coding
0,3600,,general
144000,109800,5,coding
0,203400,,coding
0,55800,,coding
0,18000,,general
0,7200,,coding
28800,28800,5,general
57600,54000,5,general
0,36000,,general
0,19800,,general
86400,86400,5,general
86400,64800,5,general
86400,25200,5,general
57600,14400,5,coding
7200,7200,3,general
7200,7200,3,general
3600,3600,2,general
86400,14400,5,writing
0,10800,,general
57600,43200,5,writing
28800,50400,5,writing
0,88200,,general
0,3600,,general
86400,23400,5,general
0,7200,,general
0,133200,,coding
144000,225000,5,coding
28800,16200,5,general
0,156300,,coding
0,9000,,general
86400,86400,5,general
0,5400,,writing
0,930600,,general
0,900,,general
57600,109800,5,general
0,100800,,general
57600,7200,5,coding
3600,1800,2,general
3600,3600,2,general
0,57600,,writing
0,5400,,general
0,43200,,coding
0,7200,,writing
144000,136800,5,writing
57600,36000,5,general
259200,61200,5,coding
0,18000,,reading
86400,117000,5,general
0,151200,,general
86400,3600,5,writing
0,48600,,general
0,226800,,general
0,3600,,general
0,14400,,general
0,7200,,general
0,45000,,general
0,43200,,general
14400,3600,4,research
14400,27000,4,review
0,18000,,review
0,540000,,general
0,64800,,general
0,46800,,general
0,34200,,coding
0,43200,,general
28800,7200,5,coding
21600,21600,5,coding
28800,10800,5,coding
28800,28800,5,general
0,3600,,general
0,86400,,reading
0,7200,,review
0,30600,,writing
0,93600,,general
0,23400,,general
0,14400,,general
0,12600,,general
0,5400,,general
0,5400,,research
0,1800,,general
0,10800,,general
0,1800,,general
0,9000,,coding
0,190800,,coding
0,68400,,writing
0,10800,,general
0,3600,,general
0,7200,,general
0,36000,,general
0,5400,,general
0,7200,,general
0,28800,,general
0,28800,,general
0,10800,,writing
0,3600,,general
0,14400,,general
0,7200,,general
0,3600,,general
0,7200,,general
0,10800,,general
0,36000,,general
0,57600,,coding
0,1800,,general
0,3600,,general
0,7200,,problem solving
0,3600,,general
0,10800,,general
0,77400,,general
0,7200,,general
0,3600,,general
0,1800,,general
0,3600,,reading
0,1800,,general
0,1800,,general
0,5400,,coding
0,3600,,general
0,1800,,general
0,15300,,writing
0,3600,,general
0,9000,,general
0,28800,,general
0,32400,,general
0,7200,,general
0,21600,,general
0,30600,,general
0,41400,,general
0,72000,,general
0,21600,,general
0,3600,,general
0,50400,,coding
0,201600,,general
0,133200,,general
0,16200,,coding
0,16200,,general
0,3600,,general
0,5400,,reading
0,95400,,review
0,5400,,general
0,26100,,coding
0,1800,,general
0,28800,,general
0,28800,,coding
0,5400,,coding
0,1800,,general
0,5400,,general
0,10800,,general
0,3600,,coding
0,14400,,general
0,7200,,general
0,3600,,research
0,32400,,general
0,153000,,research
0,12600,,problem solving
0,3600,,general
0,10800,,general
0,30600,,general
0,41400,,writing
0,6300,,writing
0,900,,general
0,63000,,general
0,28800,,research
0,21600,,general
0,169200,,research
0,28800,,general
0,20700,,coding
0,12600,,coding
0,17100,,general
0,9000,,general
0,13500,,coding
0,15300,,general
0,28800,,writing
0,2700,,research
0,47700,,general
0,900,,general
0,6300,,general
0,16200,,general
0,21600,,general
0,70200,,general
0,5400,,general
0,21600,,general
0,9000,,research
0,7200,,general
0,900,,general
0,124200,,review
0,1800,,coding
0,51000,,general
0,37200,,general
0,1800,,general
0,34200,,writing
0,162000,,coding
0,4500,,review
0,63000,,general
0,3600,,reading
0,14400,,coding
0,7200,,general
0,50400,,writing
0,7200,,coding
0,28800,,general
0,300,,writing
0,14400,,general
0,14400,,general
0,1800,,writing
0,300,,general
0,1800,,coding
0,7200,,writing
0,7200,,coding
0,600,,general
0,32400,,general
0,14400,,problem solving
0,300,,general
0,300,,general
0,300,,general
0,300,,general
0,600,,coding
0,14400,,coding
0,600,,general
0,7200,,general
0,22800,,coding
0,288000,,general
0,115200,,general
0,3600,,general
0,28800,,general
0,600,,review
57600,2400,5,coding
0,2100,,general
0,3600,,coding
0,7200,,coding
0,14400,,coding
57600,10800,5,general
0,28800,,general
0,3600,,general
0,7200,,general
14400,7200,4,reading
0,7200,,general
0,14400,,general
0,8400,,general
0,10800,,general
57600,3600,5,general
28800,18000,5,general
0,3600,,general
0,7200,,general
0,144000,,general
0,57600,,coding
0,300,,general
0,3600,,reading
0,1200,,general
0,1800,,general
0,43200,,general
0,86400,,general
0,10800,,general
0,900,,general
0,1800,,general
0,300,,general
0,120,,general
0,7200,,coding
0,7200,,general
0,518400,,coding
0,7200,,general
0,28800,,general
0,1200,,general
0,18000,,general
0,10800,,coding
0,900,,general
0,367200,,coding
0,1800,,general
0,3600,,coding
0,600,,general
0,21600,,general
0,3600,,general
0,7200,,general
0,201600,,coding
0,86400,,general
0,10800,,general
230400,230400,5,general
0,86400,,general
0,900,,general
0,86400,,general
0,28800,,writing
0,124200,,general
0,7800,,general
0,300,,coding
0,18000,,coding
0,21600,,general
0,600,,review
0,25200,,general
0,3600,,coding
0,432000,,general
0,14400,,coding
0,259200,,general
0,14400,,general
0,21600,,general
0,900,,general
0,3300,,general
0,900,,general
115200,115200,5,coding
0,3600,,general
0,3600,,coding
0,14400,,general
0,28800,,coding
0,3600,,general
0,14400,,general
0,3600,,coding
0,28800,,coding
0,7200,,general
0,600,,coding
0,7200,,coding
0,3600,,general
0,288000,,coding
0,21600,,coding
0,115200,,general
0,57600,,general
0,338400,,coding
0,57600,,general
0,7200,,general
0,86400,,coding
0,86400,,coding
0,57600,,coding
0,57600,,coding
0,3600,,coding
0,144240,,coding
0,7260,,general
0,57600,,coding
0,28800,,coding
0,7200,,coding
0,28800,,coding
0,108000,,coding
0,57720,,general
0,1200,,general
0,14400,,general
0,30600,,general
0,28800,,reading
0,28800,,general
0,102600,,coding
0,43200,,coding
0,230400,,coding
0,7200,,general
0,14400,,general
0,57600,,coding
0,57600,,coding
0,21600,,general
0,403200,,general
0,14400,,general
21600,36000,5,general
21600,21600,5,review
14400,14400,4,writing
7200,7200,3,coding
7200,10800,3,general
7200,10800,3,general
28800,21600,5,coding
21600,25200,5,coding
28800,36000,5,general
14400,10800,4,reading
3600,3600,2,reading
14400,14400,4,general
7200,14400,3,general
144000,144000,5,coding
3600,3600,2,review
28800,28800,5,general
10800,16200,3,general
7200,10800,3,review
3600,7200,2,general
36000,36000,5,coding
2400,2400,2,review
14400,14400,4,coding
7200,14400,3,general
10800,10800,3,coding
43200,28800,5,review
144000,144000,5,general
115200,115200,5,writing
115200,115200,5,reading
28800,28800,5,general
18000,25200,4,reading
36000,36000,5,general
28800,32400,5,general
7200,7200,3,general
3600,3600,2,reading
28800,28800,5,writing
7200,3600,3,general
7200,10800,3,coding
28800,32400,5,general
1800,1800,2,general
7200,28800,3,general
7200,46800,3,reading
7200,14400,3,general
28800,36000,5,general
7200,21600,3,writing
14400,14400,4,general
3600,5400,2,reading
3600,7200,2,review
3600,3600,2,general
86400,1800,5,general
0,172800,,writing
28800,28800,5,writing
5400,7200,3,review
7200,7200,3,reading
3600,32400,2,review
7200,7200,3,coding
0,72000,,review
0,15900,,writing
36000,12600,5,general
3600,7200,2,general
21600,10800,5,general
144000,144000,5,coding
0,14400,,research
0,18000,,general
0,57600,,general
0,5400,,coding
0,9000,,review
0,28800,,reading
0,46800,,general
7200,7200,3,general
0,10980,,general
144000,135480,5,writing
7200,7200,3,coding
0,9000,,writing
0,55800,,coding
0,14400,,writing
0,28800,,general
0,43200,,general
0,21600,,general
144000,137280,5,writing
288000,15300,5,review
72000,7200,5,writing
115200,7200,5,general
57600,28800,5,reading
144000,7200,5,reading
28800,14400,5,research
0,28800,,general
3600,14400,2,coding
0,10800,,reading
0,32400,,general
0,14400,,general
0,57600,,coding
0,7200,,reading
0,100800,,coding
0,64800,,coding
0,3600,,coding
0,3600,,general
0,21600,,general
0,18000,,general
0,14400,,general
0,14400,,general
0,39600,,reading
0,86400,,general
86400,115200,5,writing
0,3600,,general
0,14400,,coding
0,14400,,writing
0,10800,,coding
0,28800,,writing
0,3600,,writing
0,3600,,general
0,28800,,general
0,7200,,general
0,3600,,general
0,7200,,general
10800,10800,3,review
28800,28800,5,review
0,14400,,general
0,7200,,general
0,68400,,reading
0,10800,,research
0,10800,,general
0,108000,,coding
0,46800,,writing
0,3600,,writing
0,14400,,review
0,1800,,coding
0,86400,,general
0,28800,,reading
0,3600,,coding
7200,36000,3,coding
0,3600,,general
115200,288000,5,general
0,3600,,general
0,14400,,general
0,3600,,general
0,1800,,review
0,18000,,general
0,50400,,coding
0,3600,,writing
7200,14400,3,general
0,21600,,coding
14400,180,4,general
0,10800,,general
0,14400,,review
0,7200,,reading
0,36000,,general
0,7200,,general
0,57600,,reading
288000,10800,5,writing
0,18000,,writing
0,7200,,reading
0,28800,,general
0,57600,,general
0,144000,,general
0,7200,,general
0,3600,,reading
0,7200,,reading
0,900,,coding
0,90000,,general
0,28800,,general
0,57600,,general
0,1800,,writing
0,5400,,writing
57600,43200,5,coding
57600,79200,5,general
14400,14400,4,coding
86400,86400,5,general
86400,86400,5,coding
57600,28800,5,general
57600,28800,5,general
57600,28800,5,general
288000,259200,5,coding
0,57600,,coding
0,43200,,general
0,14400,,coding
0,1800,,general
0,28800,,general
0,57600,,research
57600,43200,5,general
0,57600,,general
57600,18000,5,general
0,14400,,problem solving
0,14400,,general
0,18000,,problem solving
0,900,,general
0,3600,,coding
0,7200,,general
10800,10800,3,general
28800,7200,5,general
14400,7200,4,general
14400,28800,4,general
10800,3600,3,general
57600,86400,5,general
28800,3600,5,general
28800,28800,5,general
86400,88200,5,general
86400,55800,5,coding
0,28800,,general
57600,25200,5,general
57600,14400,5,coding
28800,14400,5,general
0,57600,,general
0,54000,,general
0,3600,,coding
0,5400,,general
0,21600,,reading
0,28800,,general
0,7200,,review
0,86400,,general
57600,115200,5,general
14400,21600,4,general
57600,57600,5,general
0,7200,,general
7200,7200,3,general
0,1800,,general
0,144000,,coding
0,288000,,coding
0,3600,,coding
0,43200,,general
0,28800,,coding
0,10800,,general
0,14400,,general
86400,64800,5,review
0,1200,,general
57600,57600,5,general
3600,28800,2,general
0,7200,,general
57600,36000,5,coding
3600,7200,2,general
0,28800,,general
0,21600,,general
0,21600,,general
0,21600,,general
0,21600,,general
0,28800,,review
28800,57600,5,general
7200,7200,3,general
0,3600,,general
7200,21600,3,general
0,1800,,writing
0,10800,,general
0,57600,,general
14400,14400,4,general
0,900,,coding
0,3600,,writing
0,28800,,general
14400,36000,4,general
0,2700,,coding
0,61200,,general
0,28800,,general
0,7200,,general
0,14400,,coding
0,14400,,general
0,79200,,coding
0,18000,,general
0,14400,,review
0,7200,,general
28800,3600,5,coding
0,28800,,coding
0,28800,,coding
0,14400,,reading
0,14400,,coding
0,3600,,general
0,7200,,general
0,57600,,general
0,21600,,general
0,3600,,general
0,3600,,general
0,1800,,general
0,21600,,coding
57600,86400,5,coding
0,57600,,general
0,600,,review
0,4200,,general
0,417600,,general
0,10800,,coding
0,7200,,coding
0,108000,,coding
0,21600,,general
0,57600,,coding
0,14400,,writing
0,3600,,reading
0,97200,,coding
28800,28800,5,general
0,7200,,coding
0,144000,,reading
57600,446640,5,general
144000,28800,5,general
60,7200,1,general
14400,14400,4,coding
43200,57600,5,general
14400,14400,4,writing
0,21600,,coding
432000,432000,5,general
576000,432000,5,general
144000,57600,5,coding
0,576000,,coding
0,28800,,coding
0,21600,,general
0,900,,review
28800,57600,5,reading
28800,86400,5,general
0,86400,,coding
0,14400,,coding
0,28800,,coding
0,28800,,general
0,28800,,general
0,57600,,coding
28800,14400,5,coding
14400,14400,4,coding
14400,14400,4,general
21600,21600,5,coding
14400,14400,4,coding
10800,3600,3,review
0,7200,,coding
14400,14400,4,reading
14400,14400,4,general
144000,144000,5,coding
0,3600,,general
0,14400,,problem solving
0,3600,,coding
3600,3600,2,general
0,7200,,coding
0,57600,,coding
7200,7200,3,general
3600,3600,2,general
1800,900,2,coding
0,28800,,general
0,10800,,coding
0,21600,,coding
0,18000,,coding
14400,72000,4,coding
28800,10800,5,reading
0,10800,,research
14400,10800,4,reading
115200,234000,5,general
3600,12600,2,coding
3600,3600,2,general
7200,7200,3,general
0,32400,,reading
86400,72000,5,coding
115200,151200,5,coding
43200,71100,5,coding
0,93600,,general
0,14400,,general
28800,36000,5,coding
0,14400,,general
0,140400,,writing
0,198000,,coding
0,28800,,general
57600,165600,5,general
0,86400,,general
28800,21600,5,general
14400,3600,4,reading
7200,7200,3,general
3600,36000,2,general
0,28800,,general
86400,39600,5,general
14400,3600,4,coding
0,18000,,general
14400,43200,4,writing
0,86400,,general
28800,28800,5,review
57600,21600,5,coding
14400,14400,4,coding
144000,255600,5,general
28800,57600,5,reading
14400,3600,4,reading
28800,43200,5,general
14400,21600,4,coding
0,7200,,general
115200,169200,5,general
57600,28800,5,review
86400,86400,5,coding
28800,14400,5,coding
86400,108000,5,general
115200,21600,5,coding
115200,172800,5,coding
115200,196200,5,general
144000,14400,5,reading
115200,115200,5,coding
86400,72000,5,general
100800,72000,5,general
0,57600,,coding
0,21600,,general
0,28800,,general
144000,100800,5,coding
86400,57600,5,problem solving
43200,30600,5,review
57600,86400,5,writing
144000,241200,5,general
86400,86400,5,coding
144000,234000,5,coding
115200,115200,5,coding
57600,64800,5,coding
86400,79200,5,writing
57600,151200,5,problem solving
144000,136800,5,coding
28800,14400,5,general
57600,57600,5,writing
86400,86400,5,general
172800,144000,5,coding
14400,14400,4,general
28800,3600,5,general
7200,7200,3,general
28800,28800,5,coding
28800,28800,5,coding
518400,14400,5,writing
0,64800,,reading
0,115200,,coding
0,144000,,coding
57600,21600,5,coding
57600,28800,5,general
0,28800,,general
0,14400,,general
28800,57600,5,general
28800,43200,5,general
57600,43200,5,general
28800,28800,5,coding
115200,57600,5,coding
57600,43200,5,general
0,151200,,general
0,57600,,general
3600,3600,2,general
115200,255600,5,research
7200,7200,3,general
14400,9000,4,general
14400,14400,4,general
1800,1800,2,general
57600,86400,5,general
57600,115200,5,general
57600,72000,5,general
57600,108000,5,general
115200,86400,5,coding
144000,216000,5,coding
144000,180000,5,coding
57600,46800,5,coding
57600,39600,5,review
57600,100800,5,coding
14400,7200,4,general
201600,86400,5,coding
86400,93600,5,general
28800,7200,5,general
115200,115200,5,general
28800,18000,5,general
14400,3600,4,general
14400,28800,4,general
115200,93600,5,general
10800,10800,3,review
57600,25200,5,coding
28800,39600,5,coding
10800,14400,3,general
14400,7200,4,review
0,46800,,review
57600,55800,5,general
0,57600,,coding
28800,28800,5,reading
144000,266400,5,coding
0,14400,,general
0,14400,,general
28800,28800,5,coding
172800,144000,5,coding
0,72000,,general
0,7200,,general
28800,28800,5,coding
86400,57600,5,coding
86400,57600,5,reading
288000,633600,5,writing
144000,144000,5,problem solving
144000,144000,5,general
144000,144000,5,reading
144000,201600,5,general
288000,288000,5,coding
86400,288000,5,general
57600,57600,5,coding
28800,28800,5,coding
57600,57600,5,reading
0,144000,,general
0,10800,,general
0,79380,,coding
0,57600,,general
0,28800,,general
0,28800,,general
0,28800,,general
0,28800,,general
0,3600,,problem solving
28800,115200,5,coding
0,600,,coding
0,14700,,coding
0,22080,,general
0,5940,,coding
0,300,,review
0,180,,coding
0,960,,coding
0,780,,coding
0,1200,,general
0,2760,,coding
0,660,,general
0,420,,coding
0,660,,coding
0,9060,,coding
0,148260,,reading
0,300,,reading
0,240,,coding
0,36300,,coding
10800,9360,3,coding
0,30480,,general
144000,33420,5,writing
0,2640,,coding
3600,2700,2,general
14400,14400,4,coding
7200,7200,3,coding
3600,3600,2,general
36000,28800,5,review
7200,7200,3,general
10800,10800,3,coding
7200,9000,3,general
216000,216000,5,general
28800,28800,5,coding
7200,7200,3,writing
3600,3600,2,reading
3600,3600,2,problem solving
3600,3600,2,reading
3600,3600,2,reading
3600,3600,2,problem solving
21600,21600,5,general
115200,115200,5,coding
7200,7200,3,writing
72000,72000,5,coding
144000,146400,5,coding
14400,18000,4,general
28800,34200,5,coding
0,38460,,writing
0,40320,,general
28800,7200,5,general
144000,179160,5,coding
144000,97800,5,coding
7200,29220,3,general
7200,15840,3,general
0,31500,,general
0,8580,,general
14400,22440,4,general
0,480,,general
7200,7260,3,general
0,7200,,general
0,4200,,general
0,3540,,general
0,1800,,general
0,900,,writing
0,7200,,general
7200,9120,3,general
0,1020,,coding
14400,5400,4,general
7200,3600,3,general
14400,21600,4,general
57600,21600,5,general
0,10800,,general
14400,16560,4,general
57600,111600,5,general
86400,119160,5,coding
43200,12000,5,coding
14400,2400,4,coding
28800,13020,5,general
28800,13500,5,general
14400,4500,4,coding
7200,81900,3,general
14400,3900,4,research
14400,1800,4,general
28800,19200,5,coding
28800,24360,5,coding
14400,13320,4,coding
0,7200,,coding
0,64980,,coding
0,2160,,general
0,3600,,writing
0,35100,,research
0,2700,,writing
14400,9900,4,coding
7200,7200,3,coding
14400,14400,4,general
14400,22920,4,general
28800,34260,5,general
0,1920,,writing
0,3600,,general
57600,53400,5,coding
28800,18600,5,coding
57600,60420,5,coding
57600,27960,5,coding
28800,41580,5,coding
57600,92040,5,coding
144000,54000,5,coding
0,14400,,research
28800,31200,5,coding
28800,20700,5,general
14400,32400,4,coding
0,16200,,general
144000,57660,5,coding
28800,14400,5,coding
0,19260,,general
7200,7200,3,writing
0,1800,,research
0,7200,,general
0,16200,,general
28800,21600,5,general
0,7200,,research
10800,9000,3,general
10800,14400,3,general
7200,5400,3,general
0,7440,,writing
0,2340,,general
0,13380,,coding
0,7800,,general
14400,10800,4,general
28800,21600,5,general
14400,14400,4,coding
14400,21600,4,general
10800,3600,3,general
0,46800,,general
0,5400,,general
7200,8100,3,writing
0,28800,,coding
144000,72000,5,general
57600,7740,5,general
57600,101880,5,general
28800,12600,5,research
14400,900,4,general
10800,1800,3,general
57600,19260,5,general
57600,53760,5,general
115200,64800,5,general
14400,10800,4,writing
7200,7200,3,general
115200,133440,5,general
28800,60300,5,writing
57600,32400,5,research
14400,3600,4,general
10800,3600,3,general
0,5940,,reading
0,3600,,general
0,5400,,writing
0,2700,,general
0,5400,,general
0,86400,,general
0,49200,,general
0,7620,,general
0,240,,problem solving
0,5400,,general
0,12600,,general
10800,7200,3,general
7200,10800,3,general
0,2880,,coding
0,480,,general
1800,23040,2,coding
0,21600,,coding
0,2460,,coding
28800,28800,5,general
0,180,,coding
0,3960,,coding
0,840,,writing
0,780,,coding
0,1200,,coding
0,12360,,coding
0,1260,,reading
0,180,,coding
0,81960,,coding
0,480,,coding
0,2400,,coding
0,240,,coding
0,1740,,writing
0,1800,,coding
0,240,,coding
0,5640,,general
0,28800,,coding
0,115200,,coding
0,115200,,coding
0,900,,coding
0,360,,coding
0,14400,,coding
0,37620,,problem solving
0,5400,,general
0,10800,,general
0,10800,,coding
0,18000,,coding
0,5400,,coding
0,10800,,reading
0,75600,,reading
0,1800,,coding
0,5400,,general
0,28800,,coding
0,900,,general
0,600,,general
0,28800,,reading
0,14400,,general
0,12600,,general
0,111600,,coding
0,14400,,coding
0,28800,,coding
0,18000,,general
0,43200,,general
0,432000,,coding
0,2700,,coding
0,9000,,coding
0,57600,,writing
0,2700,,general
0,5400,,general
0,10800,,coding
0,43200,,coding
0,3600,,general
0,3600,,general
0,1800,,coding
0,14400,,general
172800,28800,5,general
57600,43200,5,general
7200,10800,3,general
0,14640,,problem solving
0,3600,,reading
3600,3600,2,review
0,12600,,problem solving
0,18000,,coding
0,7200,,coding
0,14400,,coding
3600,3600,2,coding
7200,7200,3,general
28800,21600,5,review
5400,3600,3,coding
5400,5400,3,coding
3600,10800,2,review
7200,7200,3,general
28800,7200,5,general
21600,21600,5,general
28800,28800,5,general
14400,14400,4,coding
21600,21600,5,coding
14400,14400,4,general
14400,14400,4,coding
28800,28800,5,coding
14400,14400,4,coding
5400,5400,3,general
3600,3600,2,general
28800,28800,5,general
43200,43200,5,coding
0,10800,,general
3600,1800,2,coding
7200,7200,3,writing
57600,57600,5,general
7200,1800,3,reading
3600,3600,2,general
3600,10800,2,reading
1800,1800,2,reading
1800,1800,2,general
3600,3600,2,reading
3600,3600,2,coding
1800,1800,2,general
7200,7200,3,reading
10800,10800,3,coding
1800,1800,2,reading
1800,1800,2,general
7200,7200,3,general
1800,1800,2,general
1800,1800,2,general
1800,1800,2,general
1800,1800,2,general
10800,10800,3,general
28800,28800,5,coding
7200,7200,3,general
900,900,1,general
5400,5400,3,general
3600,3600,2,coding
10800,10800,3,general
5400,5400,3,problem solving
7200,7200,3,general
7200,7200,3,writing
3600,3600,2,reading
14400,14400,4,coding
14400,14400,4,coding
3600,3600,2,general
21600,21600,5,coding
3600,3600,2,review
14400,14400,4,general
86400,86400,5,general
0,1800,,general
86400,86400,5,coding
7200,7200,3,writing
3600,3600,2,general
3600,3600,2,coding
3600,3600,2,problem solving
7200,7200,3,general
7200,7200,3,general
3600,1800,2,problem solving
1800,1800,2,general
3600,3600,2,general
0,10800,,general
10800,10800,3,coding
1800,1800,2,coding
3600,3600,2,reading
7200,7200,3,general
21600,21600,5,general
7200,7200,3,general
0,28800,,writing
57600,57600,5,general
7200,3600,3,general
14400,14400,4,general
7200,10800,3,writing
3600,3600,2,reading
14400,10800,4,general
14400,14400,4,coding
1800,1800,2,reading
21600,28800,5,writing
3600,3600,2,reading
28800,28800,5,general
3600,3600,2,coding
7200,7200,3,general
86400,28800,5,coding
0,14400,,general
7200,7200,3,problem solving
7200,7200,3,general
3600,3600,2,coding
14400,14400,4,problem solving
1800,1800,2,problem solving
7200,7200,3,general
5400,5400,3,general
9000,9000,3,general
3600,1800,2,general
28800,28800,5,writing
3600,3600,2,general
3600,3600,2,general
1800,1800,2,general
14400,14400,4,general
3600,3600,2,general
3600,3600,2,problem solving
3600,3600,2,general
3600,3600,2,coding
10800,10800,3,coding
7200,1800,3,coding
72000,57600,5,coding
14400,7200,4,general
1800,1800,2,reading
0,1800,,general
7200,7200,3,writing
0,7200,,coding
3600,3600,2,general
3600,1800,2,general
2700,2700,2,general
0,14400,,general
28800,28800,5,coding
28800,21600,5,research
9000,9000,3,reading
7200,7200,3,reading
1800,1800,2,coding
1800,1800,2,general
3600,3600,2,general
5400,5400,3,general
43200,57600,5,writing
5400,1800,3,general
3600,1800,2,general
2700,2700,2,reading
1200,1200,2,coding
3600,3600,2,general
57600,57600,5,general
57600,57600,5,general
21600,21600,5,general
7200,3600,3,general
1800,1800,2,coding
115200,172800,5,coding
0,28800,,general
3600,3600,2,reading
7200,3600,3,general
600,600,1,general
600,600,1,general
14400,14400,4,general
43200,43200,5,general
14400,14400,4,general
21600,7200,5,general
86400,86400,5,general
5400,5400,3,general
10800,14400,3,general
144000,144000,5,general
7200,7200,3,general
10800,10800,3,general
21600,57600,5,coding
10800,57600,3,general
1800,1800,2,general
57600,57600,5,coding
7200,7200,3,reading
21600,21600,5,general
600,600,1,general
300,300,1,general
115200,172800,5,general
1800,3600,2,general
7200,7200,3,review
1800,3600,2,writing
14400,14400,4,coding
10800,10800,3,general
57600,46800,5,general
57600,57600,5,general
3600,14400,2,reading
3600,3600,2,writing
7200,7200,3,general
1800,1800,2,coding
230400,1800,5,coding
10800,57600,3,coding
3600,2700,2,coding
3600,1800,2,coding
0,86400,,general
0,3600,,general
7200,7200,3,coding
21600,43200,5,coding
3600,3600,2,general
14400,9000,4,general
1800,1800,2,general
14400,14400,4,writing
5400,5400,3,general
5400,5400,3,general
1800,1800,2,reading
3600,3600,2,coding
1800,1800,2,general
3600,3600,2,general
86400,86400,5,coding
7200,7200,3,writing
3600,3600,2,general
3600,3600,2,general
7200,7200,3,coding
3600,3600,2,general
14400,1800,4,general
1800,1800,2,general
1800,9000,2,general
86400,86400,5,reading
57600,57600,5,coding
14400,14400,4,general
28800,28800,5,general
28800,16200,5,coding
57600,57600,5,coding
1200,1200,2,coding
86400,57600,5,general
57600,64800,5,general
3600,3600,2,review
43200,81000,5,general
5400,8100,3,general
9000,9000,3,coding
7200,3600,3,general
1800,1800,2,general
900,3600,1,general
7200,7200,3,general
7200,7200,3,general
3600,3600,2,coding
7200,7200,3,general
3600,3600,2,general
9000,14400,3,coding
21600,28800,5,general
9000,7200,3,general
9000,10800,3,general
600,600,1,general
1800,1800,2,problem solving
3600,3600,2,general
21600,14400,5,coding
86400,86400,5,general
7200,5400,3,general
21600,32400,5,coding
9000,9000,3,general
5400,5400,3,general
300,300,1,general
1800,3600,2,research
1800,1800,2,general
7200,7200,3,general
1800,1800,2,general
9000,9000,3,general
9000,9000,3,reading
21600,21600,5,coding
43200,43200,5,general
1800,1800,2,general
5400,5400,3,coding
1800,1800,2,reading
3600,3600,2,reading
3600,3600,2,coding
7200,7200,3,coding
10800,10800,3,coding
21600,21600,5,coding
1800,1800,2,general
5400,5400,3,general
5400,5400,3,writing
21600,21600,5,coding
21600,10800,5,general
7200,7200,3,general
7200,9000,3,reading
7200,9000,3,general
1800,1800,2,coding
5400,5400,3,general
14400,10800,4,coding
5400,7200,3,coding
1200,1200,2,general
600,600,1,general
1200,1200,2,general
1800,1800,2,reading
28800,34200,5,coding
5400,3600,3,coding
7200,10800,3,general
5400,5400,3,general
5400,5400,3,general
5400,5400,3,general
14400,14400,4,general
28800,28800,5,general
7200,7200,3,problem solving
28800,28800,5,general
28800,28800,5,coding
1200,600,2,general
7200,14400,3,problem solving
7200,3600,3,coding
1800,600,2,coding
1800,1200,2,coding
600,600,1,coding
3600,7200,2,coding
3600,5400,2,coding
57600,10800,5,coding
3600,3600,2,coding
7200,3600,3,writing
7200,7200,3,general
21600,72000,5,coding
7200,7200,3,coding
7200,10800,3,coding
1200,600,2,problem solving
3600,10800,2,coding
7200,7200,3,coding
10800,7200,3,general
14400,5400,4,coding
1200,1200,2,coding
1200,600,2,coding
600,600,1,coding
10800,12600,3,coding
21600,9000,5,coding
1800,1800,2,coding
28800,36000,5,coding
600,600,1,general
86400,86400,5,general
600,600,1,general
14400,36000,4,coding
600,600,1,coding
1800,1800,2,coding
1800,1800,2,coding
7200,3600,3,writing
86400,3600,5,general
14400,14400,4,general
86400,86400,5,coding
144000,144000,5,general
1200,2400,2,coding
3600,7200,2,general
28800,14400,5,reading
0,1200,,general
0,1200,,general
10800,10800,3,general
1800,1800,2,coding
0,21600,,general
7200,3600,3,general
1800,3600,2,general
1200,1200,2,general
14400,14400,4,general
7200,9000,3,coding
0,600,,writing
7200,7200,3,general
14400,21600,4,writing
1200,1200,2,writing
14400,7200,4,reading
1200,900,2,reading
28800,10800,5,reading
14400,14400,4,general
600,600,1,reading
1800,1200,2,general
1200,3600,2,reading
600,600,1,reading
0,3600,,coding
7200,28800,3,general
600,1200,1,general
0,600,,coding
1800,600,2,coding
1800,600,2,coding
600,120,1,reading
0,360,,coding
3600,600,2,coding
0,1800,,general
7200,4800,3,reading
14400,12600,4,coding
7200,2700,3,general
1800,1800,2,coding
7200,7200,3,general
0,600,,coding
0,1800,,coding
0,600,,general
7200,3600,3,general
0,21600,,general
300,300,1,writing
1800,1800,2,writing
7200,1800,3,general
7200,18000,3,writing
7200,10800,3,coding
900,900,1,writing
0,3600,,writing
1800,3600,2,general
1800,3900,2,general
1800,1800,2,general
7200,7200,3,writing
600,600,1,general
3600,3600,2,general
0,7200,,general
1800,1800,2,coding
1800,1800,2,writing
3600,3600,2,coding
14400,14400,4,writing
7200,7200,3,general
3600,3600,2,writing
3600,10800,2,general
7200,7200,3,coding
900,900,1,coding
14400,3600,4,general
14400,36000,4,general
28800,28800,5,general
7200,7200,3,writing
14400,3660,4,writing
7200,7200,3,general
14400,14400,4,general
900,3600,1,general
14400,12600,4,reading
14400,10800,4,coding
3600,2700,2,general
14400,12600,4,general
10800,3600,3,reading
600,3600,1,coding
1800,3600,2,reading
3600,3600,2,coding
3600,3600,2,general
7200,3600,3,coding
0,660,,general
7200,7200,3,general
7200,7200,3,coding
7200,5400,3,coding
28800,28800,5,writing
3600,50400,2,reading
10800,7200,3,writing
14400,10800,4,general
28800,26580,5,writing
7200,10800,3,reading
7200,1800,3,general
14400,12600,4,coding
28800,21600,5,general
0,900,,general
7200,10800,3,coding
7200,1800,3,coding
0,7200,,coding
28800,14400,5,general
14400,10800,4,general
14400,10800,4,reading
1800,1800,2,general
3600,3600,2,coding
1200,1200,2,reading
3600,1800,2,general
1800,1200,2,research
14400,14400,4,general
3600,2700,2,coding
0,3600,,coding
7200,1800,3,coding
3600,1800,2,review
3600,1800,2,general
14400,3600,4,writing
900,900,1,general
28800,28800,5,reading
0,1800,,general
1800,1200,2,writing
3600,1800,2,general
57600,57600,5,writing
14400,7200,4,reading
7200,7200,3,reading
1200,600,2,general
3600,1500,2,coding
0,1800,,reading
14400,7200,4,coding
1800,1800,2,general
3600,900,2,coding
3600,3300,2,coding
7200,7200,3,general
14400,36000,4,coding
7200,3600,3,general
28800,28800,5,general
10800,7200,3,coding
7200,4500,3,coding
28800,7200,5,general
10800,12600,3,review
28800,21600,5,general
7200,5400,3,writing
7200,10800,3,general
14400,10800,4,writing
14400,10800,4,writing
7200,7200,3,general
14400,3660,4,general
14400,14400,4,writing
600,600,1,coding
14400,9000,4,coding
7200,10800,3,problem solving
3600,2700,2,coding
0,10800,,coding
3600,1800,2,general
3600,3600,2,general
900,900,1,general
86400,46800,5,coding
7200,7200,3,general
57600,43260,5,general
21600,21600,5,general
28800,43200,5,writing
14400,10800,4,writing
28800,28800,5,reading
28800,28800,5,reading
28800,21600,5,general
0,2700,,general
3600,3300,2,writing
1800,1800,2,writing
1200,900,2,coding
1800,1800,2,coding
14400,7200,4,general
7200,3600,3,review
1800,1800,2,reading
7200,5400,3,reading
10800,5400,3,reading
7200,8100,3,reading
14400,10800,4,writing
28800,41400,5,reading
7200,1200,3,writing
10800,10800,3,reading
28800,7200,5,coding
28800,115200,5,general
3600,9600,2,general
14400,14400,4,general
3600,3600,2,coding
7200,28800,3,reading
28800,28800,5,reading
14400,2400,4,review
28800,122400,5,reading
28800,28800,5,reading
7200,3600,3,reading
28800,28800,5,general
600,900,1,coding
600,1800,1,review
7200,14400,3,general
7200,1800,3,general
10800,10800,3,coding
3600,2700,2,general
3600,5400,2,coding
3600,3600,2,general
57600,50400,5,general
3600,1800,2,writing
14400,3600,4,general
14400,14400,4,writing
28800,61200,5,coding
28800,3600,5,general
10800,7200,3,writing
28800,28800,5,writing
108000,57600,5,writing
3600,3600,2,writing
3600,3600,2,general
7200,1800,3,writing
14400,14400,4,general
57600,57600,5,coding
3600,3600,2,coding
57600,100800,5,reading
3600,1800,2,writing
7200,3600,3,general
7200,3600,3,coding
28800,14400,5,general
3600,3600,2,reading
3600,3600,2,reading
14400,14400,4,general
3600,1800,2,general
3600,5400,2,general
3600,7200,2,general
3600,3600,2,general
14400,9000,4,reading
1200,2100,2,general
1200,1800,2,general
3600,1800,2,coding
3600,1800,2,coding
3600,1800,2,general
7200,10800,3,writing
14400,7200,4,general
1800,1800,2,reading
1800,1800,2,reading
1800,1800,2,general
3600,1800,2,coding
3600,3600,2,reading
3600,3600,2,general
3600,3600,2,general
14400,12600,4,writing
86400,55800,5,reading
86400,86400,5,coding
28800,28800,5,general
57600,82800,5,general
7200,7200,3,reading
14400,14400,4,reading
7200,7200,3,reading
28800,18000,5,coding
14400,14400,4,coding
14400,14400,4,writing
7200,1800,3,general
0,1800,,general
7200,7200,3,general
0,600,,writing
28800,27000,5,coding
28800,28800,5,writing
3600,3600,2,coding
28800,25200,5,review
3600,1200,2,writing
14400,21600,4,writing
1800,1800,2,writing
28800,50400,5,general
230400,158400,5,general
230400,144000,5,general
144000,122400,5,general
28800,28800,5,general
28800,3600,5,writing
28800,14400,5,coding
7200,7200,3,writing
1800,1200,2,general
7200,7200,3,coding
57600,14400,5,reading
57600,14400,5,writing
1800,3600,2,writing
144000,23400,5,general
3600,3600,2,general
7200,3600,3,reading
0,1800,,coding
3600,3600,2,reading
28800,46800,5,general
57600,57600,5,coding
57600,12600,5,writing
86400,86400,5,reading
86400,46800,5,coding
28800,36000,5,writing
0,1440,,coding
1800,3600,2,general
0,57600,,coding
1800,1800,2,coding
7200,16200,3,general
0,14400,,coding
0,18000,,general
3600,3600,2,review
7200,16260,3,coding
57600,82800,5,reading
28800,21600,5,coding
28800,1800,5,reading
7200,7200,3,coding
0,3600,,general
57600,43200,5,general
3600,3600,2,coding
0,900,,general
1800,1800,2,general
3600,1800,2,general
600,600,1,general
28800,28800,5,coding
72000,57600,5,general
14400,10800,4,general
0,10800,,reading
10800,10800,3,general
57600,28800,5,review
14400,43200,4,writing
14400,21600,4,coding
0,1200,,coding
0,13200,,review
0,2400,,general
0,1800,,reading
0,3000,,general
0,1800,,general
0,13200,,coding
0,4800,,general
0,3600,,coding
0,3000,,general
0,3600,,general
0,19200,,general
0,5400,,general
0,600,,coding
0,600,,general
0,1200,,reading
0,2400,,writing
0,9600,,coding
0,5400,,general
0,2400,,general
0,1200,,coding
0,1200,,writing
0,600,,research
0,1200,,coding
0,600,,general
0,1200,,coding
0,3000,,coding
0,12000,,general
0,4800,,coding
0,8400,,coding
0,2400,,coding
0,1200,,general
0,600,,reading
0,4200,,coding
0,1200,,general
0,1200,,research
0,1200,,coding
0,2400,,general
0,1200,,general
0,5400,,general
0,1200,,general
0,6000,,coding
0,1200,,coding
0,1800,,general
0,1200,,review
0,1200,,coding
0,3600,,coding
0,13800,,coding
0,6600,,general
0,1800,,general
0,2400,,general
0,4800,,reading
0,1200,,general
0,1200,,coding
0,4800,,coding
0,5400,,coding
0,1800,,coding
0,1200,,coding
0,2400,,general
0,2400,,coding
0,600,,problem solving
0,1800,,general
0,1800,,general
0,1800,,general
0,1800,,general
0,1800,,general
0,1800,,general
0,7200,,general
0,1200,,general
0,1200,,coding
0,1200,,research
0,1200,,general
0,2400,,coding
0,1200,,general
0,1200,,general
0,2400,,general
0,600,,problem solving
0,600,,coding
0,1200,,coding
0,1200,,general
0,1200,,general
0,1200,,general
0,1200,,coding
0,1200,,general
86400,1200,5,general
86400,1200,5,general
86400,1200,5,general
259200,1200,5,coding
0,600,,general
0,3600,,general
0,1200,,general
0,1200,,general
0,2400,,research
0,1200,,general
0,1200,,reading
0,2400,,general
0,1200,,general
0,6000,,review
0,13800,,coding
0,600,,general
0,3000,,coding
0,3000,,review
0,3600,,coding
0,2400,,general
0,5400,,reading
0,16800,,coding
0,4200,,coding
0,3600,,coding
0,3000,,coding
0,1800,,coding
0,1200,,coding
0,1800,,review
0,6000,,coding
0,1200,,coding
0,1200,,general
0,4200,,coding
0,13200,,problem solving
0,3000,,general
0,32400,,coding
0,17400,,reading
0,3000,,coding
0,4200,,reading
0,600,,reading
0,1200,,coding
0,1200,,coding
0,600,,coding
0,4200,,reading
0,1200,,writing
0,1800,,coding
0,9000,,writing
0,3000,,reading
0,1800,,coding
0,3000,,general
0,1200,,writing
604800,8400,5,general
0,2400,,coding
0,5400,,general
0,2400,,general
0,1800,,coding
0,1200,,coding
0,3000,,coding
0,1800,,writing
0,14400,,general
0,13800,,coding
0,9600,,general
0,6600,,general
0,1800,,coding
0,1200,,writing
0,3000,,coding
0,3600,,writing
0,2400,,general
0,1800,,coding
0,1800,,general
0,2400,,general
0,1200,,reading
0,2400,,coding
0,1800,,writing
0,3600,,coding
0,2400,,writing
0,3000,,general
0,1800,,research
0,8400,,general
0,1800,,coding
0,3000,,coding
0,4800,,problem solving
0,2400,,coding
0,4200,,coding
0,2400,,general
0,1800,,research
0,2400,,coding
0,2400,,reading
0,1200,,general
0,1800,,reading
0,1800,,coding
0,3600,,coding
86400,2400,5,coding
0,1800,,coding
0,2400,,general
0,2400,,general
0,1800,,general
0,1200,,general
0,2400,,general
0,1800,,general
0,2400,,general
0,2400,,review
0,3600,,general
0,2400,,coding
0,4800,,general
0,600,,coding
0,1200,,problem solving
0,1200,,general
0,4800,,coding
0,1200,,general
0,1200,,coding
0,1200,,research
0,1200,,coding
0,3000,,general
0,1200,,general
0,4200,,coding
0,2400,,general
0,1200,,general
0,7200,,general
0,1800,,reading
0,1800,,reading
0,1800,,general
0,4200,,general
0,71400,,general
0,5400,,problem solving
0,4800,,general
0,6000,,general
0,1200,,general
0,1800,,general
0,9600,,general
0,1200,,general
0,28800,,general
0,11400,,coding
0,5400,,general
0,4200,,general
0,1800,,coding
0,15000,,general
0,1800,,problem solving
0,4200,,general
0,3000,,writing
0,7800,,coding
0,13800,,coding
0,1800,,coding
0,7800,,review
0,5400,,coding
0,1800,,coding
0,10800,,writing
0,1800,,coding
0,13200,,coding
0,2400,,general
0,1800,,general
0,600,,writing
0,1200,,problem solving
0,1200,,coding
0,2400,,general
0,1200,,coding
0,1200,,general
0,1200,,coding
0,7200,,writing
0,7200,,coding
0,3600,,general
0,6600,,writing
0,12600,,coding
0,1800,,coding
0,6600,,coding
0,2400,,general
0,21000,,general
0,1800,,general
0,7800,,reading
0,1800,,coding
0,1200,,coding
0,1200,,reading
0,1200,,coding
0,1200,,general
0,2400,,coding
0,1200,,writing
0,1200,,general
0,1200,,writing
0,3600,,writing
0,600,,general
0,1200,,coding
0,1200,,general
0,1200,,general
0,1200,,general
0,1200,,coding
0,1200,,coding
0,1200,,problem solving
0,1200,,coding
0,1200,,reading
0,1200,,writing
0,1200,,general
0,2400,,coding
0,1200,,coding
0,1200,,general
0,1200,,writing
0,1200,,reading
0,1200,,general
0,1200,,coding
0,600,,general
0,5400,,coding
0,1200,,general
0,1200,,general
0,1200,,general
0,1200,,research
0,1200,,coding
0,600,,coding
0,1200,,coding
0,1200,,general
0,1200,,general
0,1200,,coding
0,1200,,general
0,1200,,coding
0,1800,,coding
0,1200,,coding
0,1200,,general
0,1200,,general
0,1800,,general
0,1200,,general
0,600,,reading
0,5400,,reading
0,1200,,review
0,1200,,reading
0,1200,,coding
0,4800,,general
0,600,,general
0,600,,general
0,4800,,coding
0,4800,,general
0,3360,,review
0,1200,,general
0,1200,,reading
0,1200,,writing
0,1800,,review
0,1200,,general
0,2400,,writing
0,3360,,coding
0,1200,,coding
0,600,,coding
0,1200,,general
0,1200,,reading
0,1200,,general
0,14340,,general
0,1200,,coding
0,1200,,coding
0,1800,,coding
0,3600,,coding
0,1200,,problem solving
0,1200,,general
3600,9600,2,general
0,1200,,problem solving
0,1200,,coding
0,1800,,general
0,1560,,coding
0,3000,,coding
0,2400,,coding
0,2400,,general
0,600,,research
0,1200,,problem solving
0,3600,,writing
0,1200,,writing
0,1200,,coding
0,1200,,coding
0,1200,,general
0,17400,,coding
0,11400,,coding
0,9000,,coding
0,6600,,coding
0,5400,,general
0,6600,,reading
0,1200,,coding
86400,600,5,general
0,600,,general
0,2400,,coding
0,28200,,coding
0,21600,,general
0,11400,,coding
0,1800,,problem solving
0,10200,,reading
0,7800,,general
0,1200,,general
0,1800,,coding
0,1200,,general
0,4800,,coding
0,7800,,coding
0,600,,coding
0,1200,,coding
0,9600,,general
0,4200,,general
0,3000,,coding
0,3000,,coding
0,16200,,coding
0,13800,,general
0,1800,,coding
0,4800,,coding
0,15600,,coding
0,7200,,reading
0,6000,,coding
0,27000,,coding
0,1200,,general
0,5400,,reading
0,9600,,coding
0,7200,,coding
0,8400,,general
0,4200,,coding
0,3000,,writing
0,7200,,coding
0,3600,,writing
0,3600,,general
0,8400,,coding
0,4200,,reading
0,3600,,general
0,4800,,coding
0,2400,,coding
0,1800,,coding
0,1800,,coding
0,1200,,writing
0,1800,,general
0,4800,,coding
0,4800,,review
0,3000,,review
0,2400,,research
0,3600,,general
0,7800,,review
0,3000,,review
0,2400,,writing
0,39000,,general
0,1200,,coding
0,3000,,coding
0,1800,,coding
0,1800,,review
0,4800,,coding
0,4200,,review
0,14400,,coding
0,2400,,general
0,1200,,review
0,2400,,writing
0,1800,,coding
0,3000,,coding
0,1200,,coding
0,1200,,coding
0,6600,,coding
0,1200,,coding
0,1200,,general
0,1200,,coding
0,1200,,coding
0,1200,,general
0,1200,,research
0,8400,,coding
0,1200,,coding
0,7800,,general
0,6000,,general
0,5400,,general
0,3600,,general
0,1200,,coding
0,4200,,coding
0,1200,,review
0,1200,,review
0,1800,,general
0,6600,,general
0,1200,,general
0,2400,,general
0,4200,,general
0,7800,,general
0,1200,,coding
0,21600,,reading
0,1200,,review
0,6000,,coding
0,4200,,general
0,2400,,general
0,3600,,general
0,600,,general
0,1800,,problem solving
0,3000,,general
0,1200,,coding
0,2400,,general
0,1200,,coding
0,2400,,general
0,1200,,general
0,1200,,research
0,3000,,reading
0,7200,,problem solving
0,3000,,general
0,10800,,general
0,4200,,general
0,1200,,coding
0,2400,,reading
0,1200,,general
0,600,,general
0,1800,,coding
0,1800,,coding
0,1200,,reading
0,1800,,coding
0,7200,,coding
0,3000,,coding
0,6600,,reading
0,2400,,coding
0,1200,,coding
0,1800,,coding
0,4800,,reading
0,7200,,general
0,1200,,general
0,3600,,reading
0,1200,,general
0,7200,,coding
0,1800,,coding
0,3600,,problem solving
0,1200,,general
0,1800,,general
0,1200,,coding
0,1200,,coding
0,3000,,general
0,1200,,general
0,2400,,coding
0,1200,,coding
0,600,,general
0,1800,,coding
0,1200,,coding
0,1200,,coding
0,1200,,general
10800,1200,3,coding
0,1200,,coding
0,1200,,general
0,1200,,general
0,2400,,coding
0,1200,,coding
0,1200,,general
0,1200,,general
0,1200,,coding
0,1200,,coding
0,600,,coding
0,1200,,general
0,1200,,coding
0,1200,,writing
0,1200,,general
0,600,,writing
0,1200,,coding
0,1200,,coding
0,1200,,writing
0,1200,,general
0,3600,,general
0,1200,,coding
0,2400,,coding
0,1200,,general
0,600,,writing
0,3600,,general
0,1200,,general
0,1800,,coding
0,1200,,coding
0,600,,coding
0,1200,,coding
0,1200,,general
0,1200,,general
0,1200,,general
0,1800,,coding
0,1200,,coding
0,1200,,general
0,1200,,coding
0,1200,,coding
0,1200,,reading
0,1200,,general
0,1200,,coding
0,1200,,coding
0,1200,,general
0,1800,,writing
0,1200,,coding
0,1800,,coding
0,1200,,coding
0,2400,,coding
0,1200,,coding
0,1200,,general
0,1200,,general
0,1200,,coding
0,1200,,coding
0,1200,,general
0,600,,coding
0,1200,,review
0,600,,coding
0,1200,,general
0,600,,review
0,1200,,general
0,600,,problem solving
0,1200,,coding
0,1800,,writing
0,600,,reading
0,1200,,coding
0,1200,,coding
0,1200,,general
0,1800,,general
0,1200,,general
0,1200,,general
0,1200,,general
0,1200,,general
0,1200,,general
0,1200,,coding
0,1200,,general
0,600,,general
0,1200,,general
0,1200,,general
0,1200,,problem solving
0,600,,general
0,1200,,general
0,1200,,coding
0,600,,coding
0,1200,,general
0,2400,,coding
0,1200,,general
0,1200,,coding
0,1200,,general
0,1200,,general
0,1200,,general
0,1200,,general
0,1200,,general
0,1200,,coding
0,1200,,coding
0,1200,,coding
0,600,,coding
0,1200,,coding
0,600,,coding
0,600,,coding
0,1200,,general
0,1200,,coding
0,1200,,reading
600,1200,1,research
0,1200,,writing
0,600,,coding
0,1200,,coding
0,600,,coding
0,600,,general
0,1200,,coding
0,1200,,coding
0,1200,,coding
0,1800,,coding
0,2400,,coding
0,1200,,general
0,1200,,general
0,1200,,general
0,3600,,general
0,1200,,general
0,1200,,general
0,1200,,general
0,1200,,general
0,1200,,general
0,1200,,writing
0,1200,,general
0,1200,,general
0,1200,,general
0,1200,,writing
0,1200,,reading
0,1200,,general
0,1200,,general
0,1200,,general
0,1200,,general
0,1200,,general
0,1200,,general
0,1200,,general
0,1200,,general
0,3000,,general
0,1200,,review
0,1200,,general
0,1200,,reading
0,1200,,coding
0,1200,,reading
0,600,,coding
0,1200,,general
0,3000,,writing
0,3000,,coding
0,1200,,general
0,1200,,general
0,1200,,coding
0,1200,,coding
0,77400,,general
0,10200,,coding
0,12600,,general
0,15000,,coding
0,3000,,general
0,9000,,reading
0,22200,,research
0,53400,,reading
0,1200,,coding
0,600,,coding
0,1200,,general
0,1200,,general
0,1800,,review
0,1800,,coding
0,31200,,coding
0,1200,,general
0,116400,,coding
0,2400,,coding
0,1200,,general
0,1200,,coding
0,1200,,problem solving
0,1200,,general
0,1200,,general
0,600,,problem solving
0,4800,,coding
0,2400,,coding
0,2400,,coding
0,1200,,coding
0,10800,,coding
0,1200,,coding
0,2400,,coding
0,11400,,general
0,1200,,general
0,1200,,coding
0,10200,,coding
0,4800,,coding
0,2400,,reading
0,6600,,general
0,1200,,coding
0,9600,,coding
0,3000,,coding
0,2400,,coding
0,3000,,coding
0,3600,,writing
0,1200,,general
0,6000,,coding
0,2400,,general
0,1800,,coding
0,6600,,general
0,3600,,coding
0,2400,,coding
0,1200,,coding
0,1200,,reading
0,1200,,coding
0,10200,,coding
0,600,,coding
0,600,,general
0,600,,coding
0,600,,general
0,600,,general
0,1800,,general
0,600,,coding
0,600,,general
0,600,,general
0,4200,,general
0,600,,general
0,600,,general
0,600,,coding
0,1200,,coding
0,600,,general
0,600,,general
0,600,,coding
0,1200,,general
0,1800,,coding
0,600,,general
0,3600,,coding
0,3600,,general
0,11400,,general
0,37200,,review
0,13800,,coding
0,4800,,coding
0,25200,,general
0,4800,,general
0,2400,,general
0,1200,,writing
0,9000,,coding
0,42600,,general
0,1200,,coding
0,14400,,general
0,23400,,coding
0,25800,,writing
0,15000,,coding
0,26400,,coding
0,6000,,writing
0,24600,,writing
0,5400,,coding
0,6600,,coding
0,56400,,general
0,3600,,coding
0,4200,,coding
0,3600,,general
0,3000,,general
0,6000,,coding
0,16800,,coding
0,7200,,review
0,2400,,general
0,10200,,reading
0,9600,,reading
0,3600,,general
0,5400,,general
0,4800,,writing
0,3000,,general
0,22800,,review
0,600,,general
0,5400,,coding
0,22200,,coding
0,5400,,coding
0,3000,,review
0,11400,,coding
0,10800,,general
0,13200,,general
0,7200,,reading
0,1200,,general
0,1200,,general
0,7200,,problem solving
0,5400,,general
0,1800,,general
0,3000,,coding
0,1200,,general
0,4800,,coding
0,5400,,general
0,2400,,coding
0,2400,,general
0,1800,,reading
0,1800,,coding
0,2400,,general
0,3600,,general
0,8400,,reading
0,3000,,coding
0,10200,,review
0,1200,,writing
0,11400,,coding
0,13200,,writing
0,3000,,general
0,1200,,coding
0,600,,writing
14400,3000,4,problem solving
0,3600,,writing
0,11400,,writing
0,600,,coding
0,3600,,coding
0,1200,,coding
0,1200,,general
3600,4800,2,coding
0,4200,,coding
0,3600,,general
0,4800,,review
0,52800,,reading
0,1200,,general
0,2400,,coding
0,1800,,general
0,5400,,general
0,4800,,general
0,10200,,general
0,7800,,review
0,4800,,reading
0,4800,,general
0,3600,,writing
0,3600,,coding
0,1200,,general
0,1800,,coding
0,5400,,general
0,1800,,coding
0,8400,,coding
0,5400,,writing
0,1200,,coding
0,3000,,general
0,10200,,coding
0,1200,,coding
0,2400,,coding
0,1800,,coding
0,4200,,coding
0,1800,,coding
0,1200,,coding
0,4800,,coding
0,1800,,coding
0,5400,,coding
0,2400,,general
0,1800,,coding
0,3000,,coding
0,1200,,coding
0,2400,,general
0,1200,,review
0,2400,,general
0,6000,,coding
0,1200,,general
0,1800,,reading
0,2400,,general
0,24600,,general
0,19800,,general
0,1200,,general
0,2400,,reading
0,3000,,coding
0,4200,,general
0,1200,,general
0,8400,,general
0,14400,,coding
0,4200,,reading
0,4800,,coding
0,3600,,general
0,11400,,coding
0,7800,,coding
0,1800,,general
0,1200,,coding
0,1200,,general
0,17400,,coding
0,25200,,coding
0,600,,general
0,3600,,general
0,1800,,general
0,4800,,review
0,1800,,general
0,6600,,general
0,36600,,problem solving
0,6600,,general
0,7200,,general
0,7800,,coding
0,16800,,general
0,3000,,coding
0,5400,,general
0,2400,,general
0,1800,,general
0,15600,,coding
0,10800,,coding
0,1200,,general
0,1200,,general
0,1200,,general
0,1200,,general
0,8400,,coding
0,7800,,coding
0,2400,,general
0,2400,,coding
0,3000,,general
0,13200,,coding
0,4800,,coding
0,4200,,general
0,5400,,coding
0,2400,,general
0,1200,,coding
0,2400,,coding
0,1800,,coding
0,1800,,general
0,4800,,coding
0,2400,,problem solving
0,6000,,coding
0,7800,,general
0,8400,,general
0,1200,,coding
0,19200,,coding
0,1200,,reading
0,22200,,coding
0,9600,,general
0,3000,,coding
0,2400,,general
86400,3600,5,coding
0,10200,,reading
0,6000,,general
0,3600,,coding
0,1800,,general
0,1800,,general
0,3600,,general
0,9600,,general
0,2400,,general
0,4800,,general
0,2400,,general
0,1800,,reading
0,1200,,general
0,1200,,coding
0,1200,,coding
0,4800,,writing
0,3600,,coding
0,5400,,general
0,2400,,coding
0,4200,,reading
0,3600,,writing
0,6600,,general
0,1800,,coding
0,2400,,writing
0,10800,,coding
0,3000,,general
0,1200,,coding
28800,28800,5,reading
28800,28800,5,research
432000,432000,5,general
0,720000,,coding
0,3600,,writing
0,57600,,review
576000,662400,5,general
0,144000,,coding
0,288000,,coding
144000,144000,5,reading
57600,115200,5,general
28800,57600,5,writing
144000,86400,5,coding
0,21600,,reading
144000,144000,5,general
0,7200,,general
0,183600,,general
0,365400,,general
0,244800,,general
0,10800,,general
115200,172800,5,reading
0,230400,,general
0,10800,,general
0,3600,,general
0,28800,,general
432000,288000,5,general
86400,57600,5,writing
144000,30600,5,writing
0,14400,,general
0,288000,,coding
600,3600,1,review
3600,2700,2,general
10800,10800,3,reading
3600,7200,2,reading
10800,10800,3,general
28800,3600,5,review
57600,14400,5,coding
1800,1800,2,coding
0,10800,,writing
0,39600,,writing
0,600,,coding
0,91800,,coding
0,16200,,writing
0,28800,,coding
0,77400,,general
0,102600,,general
57600,21600,5,general
0,5400,,general
0,1800,,general
144000,10800,5,general
0,14400,,coding
0,14400,,coding
288000,57600,5,general
28800,1800,5,coding
1440000,1008000,5,general
230400,3600,5,general
864000,432000,5,general
0,7200,,general
57600,57600,5,general
0,21600,,reading
0,3600,,research
0,234000,,general
0,108000,,writing
201600,115200,5,general
0,14400,,general
0,3600,,general
86400,28800,5,general
201600,144000,5,general
86400,86400,5,general
0,28800,,general
0,7200,,coding
0,57600,,coding
7200,7200,3,general
7200,10800,3,reading
57600,57600,5,coding
0,115200,,general
600,900,1,general
28800,28800,5,coding
0,57600,,coding
0,7200,,general
0,10800,,writing
0,86400,,coding
28800,28800,5,general
7200,28800,3,coding
28800,28800,5,coding
0,1200,,writing
28800,57600,5,general
7200,21600,3,general
0,144000,,general
0,39600,,reading
7200,7200,3,reading
0,86400,,general
7200,7200,3,general
14400,900,4,general
10800,18000,3,general
28800,21600,5,general
43200,21600,5,coding
14400,21600,4,coding
3600,2400,2,general
57600,57600,5,general
57600,28800,5,reading
7200,18000,3,general
28800,57600,5,reading
3600,1800,2,review
57600,57600,5,coding
86400,86400,5,general
86400,144000,5,reading
86400,115200,5,coding
86400,57600,5,coding
201600,115200,5,coding
144000,230400,5,problem solving
86400,57600,5,reading
288000,374400,5,general
0,15000,,general
0,7200,,general
0,2400,,general
0,26400,,coding
0,10200,,coding
0,28200,,general
0,9000,,general
0,7800,,general
0,19800,,writing
0,3000,,problem solving
0,6600,,coding
0,3000,,reading
0,2400,,general
172800,18600,5,reading
0,7800,,writing
0,2400,,general
0,2400,,coding
0,6600,,coding
0,6600,,coding
0,4200,,general
0,3000,,coding
0,7200,,reading
0,11400,,general
0,1800,,general
0,3600,,general
0,1800,,general
0,3000,,general
0,6600,,general
0,3000,,general
0,1200,,general
0,1200,,coding
0,3600,,review
0,10800,,general
0,2400,,general
0,4800,,coding
0,2400,,reading
0,17400,,general
0,2400,,coding
0,1200,,general
0,1200,,general
0,1200,,coding
0,1200,,general
0,1200,,general
0,2400,,coding
0,1200,,coding
0,1200,,coding
0,1200,,general
0,1200,,coding
0,1200,,general
0,1200,,research
0,1200,,coding
0,1200,,coding
0,1200,,general
0,1200,,writing
0,1200,,general
0,1800,,problem solving
0,1200,,general
0,1200,,general
0,1200,,coding
0,600,,general
0,1200,,coding
0,1800,,coding
0,2400,,coding
0,1200,,coding
0,1200,,general
0,19800,,review
0,13800,,coding
0,1200,,coding
0,1200,,general
0,1200,,general
0,600,,coding
0,1200,,coding
0,3600,,coding
0,600,,review
0,600,,general
0,6000,,general
0,600,,reading
0,1800,,general
0,6000,,coding
0,600,,coding
0,1800,,general
0,12600,,coding
0,1200,,coding
0,4800,,general
0,2400,,coding
0,1800,,coding
0,1200,,coding
0,1200,,coding
0,1200,,coding
0,1200,,coding
0,600,,research
0,1200,,writing
0,1200,,writing
0,3600,,general
0,1200,,coding
0,1200,,coding
0,2400,,general
0,3600,,general
0,3600,,general
0,2400,,general
0,1200,,general
0,2400,,general
0,1200,,reading
0,1200,,general
0,1200,,reading
0,2400,,coding
0,1200,,coding
0,1800,,coding
172800,1800,5,general
0,1200,,writing
0,1200,,coding
0,1200,,general
0,1800,,coding
0,1800,,reading
0,1200,,general
0,1200,,general
0,4800,,general
0,1200,,general
0,1200,,general
0,1200,,general
0,1200,,coding
0,5400,,coding
0,3600,,coding
0,2400,,coding
0,1800,,coding
0,3600,,reading
0,1200,,coding
0,1200,,general
0,6000,,coding
0,600,,writing
0,14400,,coding
0,6000,,general
0,29400,,coding
0,1800,,coding
0,4800,,coding
0,8400,,coding
0,7200,,coding
0,1200,,general
0,1200,,coding
0,2400,,general
0,2400,,general
0,1800,,writing
0,1200,,coding
0,4200,,writing
0,3600,,writing
0,2400,,coding
3600,4800,2,coding
0,1800,,general
0,2400,,coding
0,4200,,general
0,43200,,coding
0,5400,,general
0,7800,,general
0,13200,,reading
0,3000,,review
0,16200,,general
0,3000,,reading
0,3000,,coding
0,2400,,research
0,16800,,writing
0,3000,,general
0,1200,,coding
0,1800,,general
0,6000,,coding
0,1200,,general
0,1800,,general
0,5400,,general
0,3000,,general
0,1200,,coding
0,3000,,coding
0,1200,,general
0,1200,,reading
0,1800,,coding
0,2400,,coding
0,1800,,coding
0,1200,,general
0,1200,,coding
0,2400,,writing
0,3600,,general
0,1200,,reading
0,4200,,coding
0,1200,,general
0,600,,general
0,3000,,general
0,1200,,general
0,1200,,general
0,1200,,general
0,1200,,coding
0,1800,,coding
0,1200,,reading
0,600,,general
0,1200,,general
0,1800,,general
0,3600,,general
0,34200,,coding
0,1800,,general
0,1200,,general
0,1200,,coding
0,1200,,general
0,1200,,general
0,1200,,coding
0,1200,,general
0,1200,,coding
0,1200,,coding
0,1200,,general
0,1200,,general
0,1800,,general
0,3000,,general
0,1200,,general
0,1200,,general
0,11400,,coding
0,3000,,general
0,1800,,coding
0,2400,,general
0,5400,,coding
0,1800,,research
0,12600,,writing
0,5400,,coding
0,2400,,general
0,8400,,coding
0,8400,,general
0,10200,,general
0,2400,,general
0,3600,,research
0,2400,,general
0,3600,,coding
0,1800,,coding
0,1800,,coding
0,2400,,writing
0,10200,,problem solving
0,5400,,reading
0,4200,,writing
0,55200,,writing
0,1200,,review
0,1200,,general
0,6600,,general
0,20400,,reading
86400,18000,5,reading
0,600,,coding
0,3600,,coding
0,3600,,general
7200,1200,3,coding
0,6000,,review
0,600,,coding
0,4800,,reading
0,600,,coding
0,43800,,coding
0,1200,,reading
0,600,,general
0,1200,,coding
0,2400,,general
0,600,,reading
0,1200,,problem solving
0,2400,,writing
0,4800,,coding
0,600,,general
43200,1200,5,problem solving
0,1200,,general
0,1200,,general
0,1200,,problem solving
0,8400,,coding
0,2400,,general
0,1200,,general
0,1200,,general
0,1200,,writing
0,7200,,general
0,1200,,general
0,600,,problem solving
0,1200,,general
0,1200,,general
0,1200,,coding
0,1200,,reading
0,2400,,general
0,1200,,general
0,2400,,general
0,1200,,reading
0,1200,,general
0,5400,,general
0,1200,,coding
0,3600,,writing
0,1200,,coding
0,1200,,problem solving
0,1200,,coding
0,1200,,general
0,1200,,coding
0,1200,,coding
0,4800,,coding
0,1200,,writing
0,1200,,reading
0,1200,,coding
0,1200,,writing
0,600,,coding
0,1200,,general
0,1200,,coding
0,1200,,problem solving
0,1200,,general
0,4800,,coding
0,1200,,research
0,1200,,review
0,1200,,general
0,1200,,coding
0,3000,,reading
0,1200,,coding
0,600,,coding
0,600,,general
0,1800,,coding
0,2400,,coding
0,1200,,coding
0,1200,,general
0,1200,,coding
0,1200,,general
0,1200,,writing
0,1200,,reading
0,1200,,general
0,2400,,coding
0,2400,,general
0,1200,,coding
0,1200,,general
0,1200,,general
0,1200,,reading
0,26400,,general
0,1200,,review
0,1800,,coding
0,4200,,coding
0,1200,,reading
3600,11040,2,general
0,1200,,general
0,1200,,reading
0,1200,,coding
0,1200,,reading
0,1200,,writing
0,600,,coding
0,1200,,reading
0,1200,,reading
0,1200,,coding
0,1200,,general
0,1200,,coding
0,2400,,general
0,1200,,coding
0,1200,,general
0,1200,,coding
0,1200,,general
0,6000,,coding
0,5220,,general
0,10740,,review
0,2400,,general
0,1200,,general
0,1200,,coding
0,1200,,reading
0,2400,,general
0,1200,,general
0,1200,,coding
0,1200,,coding
0,1200,,general
0,1200,,general
0,1200,,reading
0,4200,,general
0,1200,,coding
0,600,,general
0,1800,,coding
0,1200,,reading
0,1200,,general
0,1200,,coding
0,1200,,writing
0,1200,,writing
0,1800,,writing
0,1200,,coding
0,1800,,writing
0,1200,,coding
0,20100,,coding
10800,12420,3,general
0,2400,,writing
0,3600,,coding
0,1200,,general
0,2400,,general
0,1800,,coding
0,1200,,review
0,5400,,general
0,1800,,general
0,2400,,coding
0,1200,,writing
0,1200,,coding
0,1200,,writing
0,1200,,writing
0,1200,,writing
0,1200,,writing
0,1200,,coding
0,600,,general
0,1200,,coding
0,11640,,coding
0,1200,,coding
0,1200,,coding
0,600,,coding
0,1200,,general
0,9000,,review
0,1200,,coding
0,4200,,general
0,2400,,coding
0,4800,,coding
0,6600,,general
0,1200,,general
28800,15000,5,coding
0,1200,,coding
0,5760,,general
0,1800,,coding
0,1800,,general
0,12600,,coding
0,1200,,coding
0,4800,,coding
0,1200,,coding
0,81000,,writing
0,2400,,coding
0,1200,,general
0,1200,,coding
0,106200,,coding
0,1200,,review
0,1200,,review
0,1200,,problem solving
0,6600,,coding
0,1800,,coding
0,1200,,general
0,600,,general
0,1200,,general
0,1200,,general
0,6600,,coding
0,2400,,general
0,1200,,coding
0,1800,,general
0,1800,,coding
0,9000,,coding
0,3600,,writing
0,1200,,general
0,1800,,general
0,3000,,coding
0,1200,,general
0,8400,,general
172800,600,5,writing
0,600,,writing
0,3000,,review
0,1200,,coding
0,1200,,general
0,600,,coding
0,2400,,review
0,3000,,general
0,1800,,coding
0,2400,,general
0,4200,,reading
0,1800,,coding
0,1200,,coding
0,5400,,coding
0,1800,,general
0,1200,,coding
0,22200,,general
0,2400,,writing
0,1200,,coding
0,1800,,general
0,1200,,coding
0,1200,,general
0,1200,,reading
0,1200,,coding
0,2400,,coding
0,1200,,coding
0,2400,,coding
0,3600,,coding
0,4200,,general
0,1200,,reading
0,1200,,coding
0,3000,,coding
0,2400,,coding
0,6000,,coding
0,2400,,writing
0,1200,,coding
0,1800,,coding
0,8400,,coding
0,1200,,general
0,3600,,coding
0,1200,,coding
0,1200,,review
0,2400,,general
0,1200,,general
0,1200,,general
0,4200,,coding
0,1200,,coding
0,1800,,reading
0,1200,,coding
0,1200,,general
0,4200,,coding
0,1200,,general
0,1200,,review
0,8400,,reading
0,1200,,reading
0,3000,,coding
0,35400,,coding
0,2400,,general
0,2400,,coding
0,3000,,reading
0,3000,,reading
0,3600,,general
0,1200,,review
0,1200,,general
0,1800,,reading
0,1200,,coding
0,2400,,review
0,1200,,general
0,1800,,general
0,1200,,general
0,1200,,general
0,600,,general
0,1200,,general
0,1200,,general
0,1200,,general
0,1200,,writing
0,1800,,coding
0,1200,,general
0,1200,,review
0,1200,,reading
0,1200,,general
0,1200,,coding
0,600,,coding
0,1200,,general
0,1200,,coding
0,1200,,writing
0,1200,,coding
0,1200,,general
0,1200,,general
0,1200,,coding
0,1200,,coding
0,2400,,coding
0,1200,,general
0,2400,,writing
0,1200,,general
0,1200,,writing
0,1200,,general
0,600,,coding
0,2400,,coding
0,1200,,coding
0,1200,,general
0,1200,,coding
0,1200,,coding
0,1200,,general
0,1200,,general
0,600,,general
0,2400,,coding
0,1200,,general
0,600,,general
0,600,,coding
0,1200,,general
0,1200,,general
0,1200,,general
0,1200,,general
0,1800,,coding
0,1200,,general
0,1200,,general
0,1200,,general
0,600,,general
0,1200,,general
0,3600,,general
0,1200,,coding
0,2400,,reading
0,1200,,general
0,1200,,coding
0,1200,,general
0,600,,coding
0,600,,coding
0,1200,,coding
0,1200,,coding
0,600,,coding
0,2400,,coding
0,600,,coding
0,600,,coding
0,1200,,coding
0,1200,,writing
0,1200,,coding
0,1200,,coding
0,1200,,coding
0,1200,,coding
0,1200,,general
0,7200,,coding
0,1200,,coding
0,1200,,coding
0,1200,,coding
0,600,,general
0,600,,general
0,1200,,coding
0,1200,,coding
0,1200,,general
0,1200,,problem solving
0,600,,general
0,1200,,coding
0,1200,,coding
0,600,,coding
0,1200,,general
0,1200,,general
0,1200,,coding
0,1200,,general
0,1200,,coding
0,1200,,reading
0,600,,writing
0,1200,,writing
0,1800,,coding
0,2400,,coding
0,2400,,general
0,1200,,general
0,2400,,general
0,1200,,general
0,1200,,general
0,600,,general
0,1200,,general
0,1200,,writing
0,1200,,general
0,6000,,general
0,1200,,coding
0,1800,,coding
0,600,,reading
0,600,,general
0,1200,,coding
0,1200,,general
0,1200,,general
0,27000,,reading
0,12000,,general
0,6000,,reading
0,43800,,coding
0,10200,,reading
0,13800,,coding
0,15000,,general
0,13200,,general
0,27000,,general
0,27000,,general
0,6600,,writing
0,15600,,general
0,6600,,writing
0,10200,,general
0,18000,,general
0,8400,,general
0,22800,,writing
0,4800,,coding
0,3600,,general
0,6600,,writing
0,35400,,general
0,25200,,general
0,3600,,research
0,1200,,coding
0,2400,,coding
0,1200,,coding
0,1200,,general
0,1200,,general
0,1200,,research
0,2400,,general
0,1200,,general
0,1200,,coding
0,1200,,general
0,3600,,general
0,2400,,coding
0,1200,,coding
0,1200,,coding
0,1200,,reading
0,1200,,coding
0,1200,,research
0,1200,,coding
0,1200,,general
0,2400,,coding
0,1200,,coding
0,1200,,coding
0,2400,,general
0,4800,,general
0,33600,,coding
0,4800,,general
0,9600,,coding
0,48000,,coding
0,12000,,coding
0,1200,,coding
0,1800,,coding
0,1200,,general
0,2400,,general
0,1800,,general
0,1800,,coding
0,600,,coding
0,2400,,coding
0,16800,,coding
0,12600,,general
0,2400,,writing
0,9000,,general
0,6000,,problem solving
0,13800,,coding
0,12600,,general
0,3000,,coding
0,4200,,problem solving
0,11400,,problem solving
0,94800,,general
0,1200,,problem solving
0,6000,,coding
0,4200,,general
0,1800,,coding
0,2400,,reading
0,2400,,reading
0,12600,,coding
0,1800,,coding
0,15600,,review
0,3600,,general
0,1200,,coding
0,2400,,coding
0,3600,,coding
0,7800,,coding
0,10800,,writing
0,3600,,writing
0,1800,,coding
0,13800,,coding
0,2400,,writing
0,1800,,general
0,3600,,coding
0,22200,,research
0,42000,,coding
0,10200,,general
0,10200,,review
0,4800,,general
0,3000,,coding
0,2400,,writing
0,27000,,writing
0,3600,,coding
0,43800,,general
0,19200,,reading
0,9600,,coding
0,3600,,general
0,16800,,general
0,10200,,coding
0,6600,,general
0,15600,,coding
0,9000,,coding
0,2400,,review
0,6600,,coding
0,1200,,general
0,9600,,coding
0,16200,,coding
0,16200,,reading
0,4800,,coding
0,2400,,writing
0,1200,,writing
0,12600,,coding
0,4200,,reading
0,1200,,general
0,12000,,coding
0,4800,,coding
0,12600,,general
0,6000,,general
0,7800,,writing
0,3000,,reading
0,3600,,coding
0,2400,,general
0,1800,,general
0,1200,,writing
0,10200,,writing
0,18600,,coding
0,11400,,reading
0,2400,,coding
0,2400,,reading
0,27600,,writing
0,21000,,writing
0,54000,,general
0,48000,,reading
0,1200,,general
0,2400,,coding
0,1200,,general
0,33600,,coding
0,1800,,general
0,600,,general
0,1200,,coding
0,93600,,general
172800,43800,5,reading
172800,30000,5,coding
0,4200,,reading
0,1800,,coding
0,1800,,coding
0,1800,,coding
0,1200,,coding
0,9600,,coding
0,4800,,general
0,3000,,review
0,1200,,general
0,9000,,general
0,1200,,general
0,1800,,coding
0,1800,,general
0,1200,,reading
0,1200,,coding
0,5400,,coding
0,4800,,general
0,1200,,general
0,4200,,coding
0,12600,,coding
0,4800,,coding
0,39600,,coding
0,6600,,coding
0,2400,,coding
0,3600,,reading
0,9000,,coding
0,12000,,writing
0,2400,,coding
0,2400,,coding
0,1800,,writing
0,1200,,general
0,600,,reading
0,3000,,coding
0,7800,,general
0,1200,,coding
0,1200,,coding
0,11400,,general
0,2400,,coding
3600,1800,2,coding
0,1800,,coding
0,6600,,general
0,1200,,general
0,1800,,coding
0,3600,,coding
0,600,,coding
0,1800,,coding
0,2400,,general
0,1800,,coding
0,6000,,general
0,1800,,coding
0,3000,,writing
0,3600,,general
0,1200,,writing
0,4200,,general
0,1200,,reading
0,3000,,reading
0,3000,,general
0,4200,,general
0,4200,,coding
0,2400,,general
0,3000,,general
0,3600,,coding
0,4800,,coding
0,1200,,general
0,3000,,coding
300,12000,1,general
0,21000,,coding
0,1200,,general
0,1800,,coding
0,1200,,general
0,6600,,coding
0,3000,,coding
0,1800,,general
0,1200,,writing
0,1200,,general
0,42600,,coding
0,1200,,coding
0,3000,,coding
0,2400,,general
0,600,,reading
0,2400,,general
0,7800,,review
0,4800,,general
0,2400,,general
0,1200,,research
0,6600,,general
0,2400,,coding
0,3000,,coding
0,1200,,general
0,6000,,general
0,6000,,coding
0,1200,,general
0,1200,,coding
0,1200,,coding
0,2400,,coding
0,1800,,general
0,12000,,general
0,4200,,general
0,4800,,writing
0,10800,,coding
0,8400,,writing
0,1800,,writing
0,2400,,reading
0,6000,,general
0,4200,,general
0,8400,,coding
0,3600,,general
0,3600,,general
0,2400,,general
0,12000,,general
3600,2400,2,coding
0,12600,,coding
0,4200,,general
0,71400,,coding
0,600,,coding
0,1200,,general
0,1200,,review
0,3000,,general
0,2400,,reading
0,1800,,general
0,1800,,coding
0,2400,,coding
0,36000,,reading
0,18600,,problem solving
0,1800,,writing
0,30000,,coding
0,5400,,general
0,2400,,research
0,2400,,general
0,3000,,research
0,40200,,coding
14400,2400,4,coding
0,1200,,general
0,7800,,general
0,2400,,writing
0,4200,,general
0,1200,,review
0,1200,,coding
0,12000,,reading
0,3000,,coding
0,3600,,research
0,1800,,general
0,1800,,review
3600,2400,2,coding
0,1800,,writing
0,1800,,general
0,8400,,coding
0,3000,,general
0,3000,,coding
0,1800,,general
0,1800,,general
0,1800,,general
0,1800,,coding
0,1800,,general
0,3000,,writing
0,36600,,coding
0,1800,,general
0,9600,,coding
0,7800,,coding
0,1800,,research
0,7200,,general
0,4200,,coding
0,2400,,coding
0,1800,,general
0,10800,,coding
0,6000,,coding
0,1800,,general
0,2400,,coding
0,27600,,general
0,2400,,reading
0,1200,,coding
0,3600,,general
0,4800,,general
0,22800,,general
0,3000,,reading
0,1200,,general
0,5400,,review
0,1800,,general
0,12000,,coding
0,1800,,general
0,4200,,general
0,4800,,general
0,13200,,general
0,19200,,problem solving
0,7200,,general
0,3000,,review
0,24000,,review
0,3000,,review
0,9000,,general
0,14400,,coding
0,2400,,coding
0,600,,general
0,1200,,writing
0,1200,,general
0,600,,coding
0,1200,,general
0,1200,,coding
0,1200,,general
0,1200,,coding
0,600,,reading
0,1200,,general
0,1200,,general
0,1200,,coding
0,2400,,general
0,1200,,coding
0,3000,,coding
0,1200,,coding
0,1200,,general
0,1200,,coding
0,1200,,coding
0,600,,coding
0,1200,,coding
0,1200,,coding
0,1200,,coding
0,600,,coding
0,1200,,coding
0,1200,,coding
0,1200,,review
0,1200,,general
0,1200,,coding
0,1200,,general
0,1200,,writing
0,1200,,general
0,1200,,general
0,1200,,coding
0,1200,,review
0,600,,coding
0,600,,coding
0,1200,,writing
0,1200,,general
0,13200,,coding
0,1200,,reading
0,1200,,review
0,1800,,general
0,1200,,coding
0,4200,,review
0,1200,,review
0,1200,,general
0,5400,,general
0,1200,,general
0,4200,,coding
0,2400,,writing
0,1200,,coding
0,5400,,writing
0,1200,,coding
0,2400,,coding
0,1200,,general
0,1200,,general
0,1200,,reading
0,1200,,general
0,1200,,general
0,1200,,general
0,1200,,general
0,1200,,general
0,1200,,reading
0,1200,,review
0,2400,,general
0,1200,,problem solving
0,1200,,general
0,1200,,coding
0,1200,,general
0,4800,,general
0,1200,,general
0,1200,,general
0,1200,,general
0,2400,,general
0,1200,,general
0,3600,,coding
0,600,,coding
0,1200,,coding
0,600,,general
0,600,,general
0,600,,general
0,600,,general
0,600,,review
0,1800,,coding
0,1800,,general
0,600,,general
0,10200,,coding
0,1200,,review
0,1200,,coding
0,1200,,general
0,3000,,coding
0,600,,review
0,13200,,general
0,9600,,general
0,24000,,general
0,4800,,coding
0,12600,,coding
0,3600,,writing
0,600,,general
0,600,,general
0,1200,,coding
0,1200,,coding
0,1200,,general
0,2400,,coding
0,1800,,coding
0,2400,,writing
0,4800,,review
0,12000,,coding
0,11400,,general
0,6000,,coding
0,1800,,general
0,6000,,coding
0,3000,,general
0,3000,,coding
0,4800,,general
0,4800,,general
0,1800,,reading
0,9000,,coding
0,6000,,coding
0,1200,,reading
0,1800,,general
0,5400,,general
0,3600,,general
0,7200,,writing
0,8400,,coding
0,6000,,general
0,1800,,writing
0,3000,,writing
0,1800,,writing
0,1200,,writing
0,7200,,research
0,4800,,general
0,1800,,coding
0,1800,,reading
0,12600,,writing
0,2400,,general
0,1200,,coding
0,3600,,review
0,1800,,coding
0,1800,,reading
0,7800,,review
0,3000,,coding
0,1800,,general
0,39000,,general
0,1800,,problem solving
0,600,,reading
0,1200,,general
0,1200,,review
0,3000,,coding
0,1200,,coding
0,10800,,reading
0,8400,,research
0,22800,,coding
0,10800,,general
0,1200,,general
0,1200,,general
0,1200,,general
0,1200,,general
0,2400,,general
3600,600,2,coding
0,1200,,coding
0,1200,,general
0,1200,,general
0,16800,,coding
0,1200,,general
0,1800,,general
0,1200,,problem solving
0,12000,,general
0,1200,,writing
0,600,,general
0,1800,,general
0,2400,,coding
0,9600,,general
0,4200,,reading
0,1800,,general
0,13200,,general
0,3600,,general
0,1800,,coding
0,9000,,coding
0,3600,,general
0,2400,,general
0,1800,,general
0,15000,,general
0,10800,,coding
0,3600,,general
0,14400,,review
0,2400,,coding
0,6600,,coding
0,2400,,general
0,3600,,coding
0,1800,,general
0,8400,,reading
0,6600,,coding
0,600,,general
0,1200,,coding
0,1200,,writing
0,1200,,review
0,2400,,writing
0,1200,,reading
0,2400,,coding
0,1200,,general
0,1200,,reading
0,1200,,writing
0,600,,writing
0,600,,coding
0,7200,,general
0,2400,,coding
0,6600,,coding
0,3000,,writing
0,4800,,coding
0,1200,,general
0,1200,,general
3600,1800,2,coding
0,5400,,coding
0,3600,,coding
0,1200,,general
0,9600,,coding
0,600,,general
0,1800,,coding
0,1200,,reading
0,2400,,review
0,1200,,coding
0,3000,,general
0,1200,,review
0,1200,,general
0,1200,,coding
0,2400,,reading
0,1200,,writing
0,1200,,coding
0,2400,,coding
0,1200,,general
0,2400,,coding
0,1200,,general
0,1200,,coding
0,1200,,general
0,2400,,coding
0,1800,,coding
0,1800,,general
0,1200,,coding
0,1200,,general
0,600,,coding
0,1800,,problem solving
0,4200,,problem solving
21600,9420,5,coding
0,1200,,research
0,1200,,coding
0,1200,,coding
0,1200,,coding
0,1800,,general
0,1200,,coding
0,10200,,general
0,2400,,general
0,1200,,coding
0,1200,,coding
0,1800,,general
0,600,,review
0,600,,review
0,1200,,general
0,3000,,general
0,600,,reading
0,2400,,coding
0,600,,general
0,600,,coding
0,1200,,coding
0,600,,general
0,1200,,writing
0,1200,,coding
0,600,,reading
0,2400,,general
0,1800,,reading
0,600,,reading
0,2400,,coding
0,1800,,general
0,600,,coding
0,600,,reading
0,1200,,coding
0,1200,,research
0,1200,,reading
0,1200,,reading
0,600,,reading
0,600,,general
0,1200,,reading
0,1200,,reading
0,1200,,general
0,3000,,coding
0,1200,,review
0,1200,,reading
0,1200,,writing
0,1200,,coding
0,6000,,coding
0,1200,,coding
0,1800,,coding
0,1200,,coding
0,1200,,writing
0,4800,,coding
0,4200,,general
0,600,,general
0,1200,,reading
0,1200,,coding
0,1200,,coding
0,600,,general
0,600,,reading
0,600,,coding
0,3000,,reading
0,600,,coding
0,1200,,general
0,1200,,coding
0,48600,,writing
0,600,,reading
0,2400,,coding
0,10800,,general
0,1200,,coding
0,1800,,coding
0,16800,,review
0,1200,,coding
0,21000,,general
0,1200,,coding
0,1200,,coding
0,1800,,coding
0,1200,,coding
0,1200,,general
0,1200,,general
0,2400,,coding
0,3600,,review
0,1200,,coding
0,1200,,coding
0,12600,,coding
0,1800,,general
0,12000,,coding
0,1200,,coding
0,2400,,coding
0,2400,,general
0,4200,,general
0,9000,,general
0,6600,,reading
0,1200,,general
0,6600,,reading
0,1200,,general
0,1200,,coding
0,1200,,reading
0,2400,,coding
0,5400,,problem solving
0,2400,,coding
0,3600,,general
0,3600,,coding
0,1200,,reading
0,2400,,review
0,3000,,general
0,2400,,general
0,9600,,general
0,3000,,problem solving
0,1200,,coding
0,1200,,general
0,16200,,coding
0,1200,,writing
0,1200,,general
0,1200,,general
0,1200,,coding
0,3000,,coding
0,1800,,problem solving
0,4800,,coding
0,4800,,coding
0,5400,,general
0,1200,,general
0,1200,,coding
0,1800,,review
0,6000,,general
0,1200,,research
0,3600,,writing
0,2400,,general
0,1200,,coding
0,1200,,general
0,6000,,general
0,5400,,general
0,1200,,coding
0,1800,,coding
0,3600,,general
0,1200,,coding
0,31800,,coding
0,27000,,coding
0,1800,,general
0,600,,general
0,1200,,reading
0,600,,coding
0,1200,,coding
0,1200,,coding
0,600,,coding
0,2400,,general
0,1200,,coding
0,600,,coding
0,3000,,coding
0,600,,coding
0,600,,review
0,1200,,coding
0,600,,coding
0,1200,,coding
0,600,,coding
0,1200,,coding
0,600,,coding
0,600,,coding
0,600,,coding
0,600,,coding
0,1200,,coding
0,1200,,coding
0,1200,,coding
0,1200,,writing
0,600,,coding
0,3000,,general
0,1200,,general
0,4800,,coding
0,1200,,coding
0,2400,,coding
0,1200,,coding
0,600,,coding
0,1200,,general
0,600,,coding
0,1200,,general
0,1800,,coding
0,1200,,general
0,1800,,coding
1800,1200,2,coding
0,1200,,general
0,1200,,coding
0,3000,,general
0,2400,,general
0,1200,,coding
0,1200,,coding
0,1800,,general
0,3000,,general
0,1200,,coding
0,600,,general
0,1200,,writing
0,1800,,problem solving
0,1200,,coding
0,1200,,coding
0,600,,general
0,2400,,general
0,1200,,writing
0,1200,,general
0,1200,,general
0,1200,,writing
0,600,,coding
0,1200,,general
0,1200,,general
0,1200,,general
0,1200,,general
0,1200,,coding
0,1200,,coding
0,1200,,coding
0,1200,,coding
0,2400,,coding
0,1200,,coding
0,1200,,problem solving
0,1200,,writing
0,1200,,general
0,1200,,review
0,1200,,coding
0,1200,,general
0,2400,,general
0,1200,,coding
0,1200,,coding
0,1200,,general
0,600,,coding
0,600,,general
0,1200,,problem solving
0,2400,,coding
0,1200,,coding
0,600,,coding
0,1200,,coding
0,1200,,writing
0,600,,general
0,1200,,reading
0,1200,,writing
0,1200,,coding
0,1200,,coding
0,1200,,coding
0,1200,,coding
0,3600,,coding
0,600,,review
0,1200,,coding
0,1200,,coding
0,3000,,general
86400,600,5,problem solving
0,2400,,coding
0,1200,,general
0,2400,,coding
0,1200,,coding
0,1200,,coding
0,1200,,coding
0,1200,,coding
0,600,,problem solving
0,600,,general
0,1200,,coding
0,1800,,coding
0,2400,,review
0,600,,coding
0,1200,,coding
0,600,,coding
0,4800,,coding
0,1200,,writing
14400,1200,4,review
0,1200,,reading
0,1200,,coding
0,1200,,coding
0,1800,,coding
0,3000,,coding
0,600,,general
0,600,,general
0,1200,,general
0,2400,,general
0,37800,,reading
0,31200,,general
0,22800,,general
0,9000,,coding
0,3600,,writing
0,17400,,general
0,10200,,general
0,6600,,general
0,13800,,general
0,13800,,coding
0,4200,,general
0,12600,,general
0,13200,,writing
0,22800,,general
0,16800,,general
0,33600,,general
0,5400,,coding
0,24000,,reading
0,32400,,general
0,12600,,general
0,6000,,general
0,11400,,coding
0,18600,,writing
0,8400,,general
0,8400,,coding
0,7200,,coding
0,25800,,coding
0,4800,,general
0,4200,,research
0,24000,,general
0,29400,,general
0,50400,,general
0,12000,,general
0,12600,,general
0,35400,,coding
0,3600,,general
0,13800,,reading
0,4800,,general
0,6600,,writing
0,12600,,research
0,4200,,general
0,5400,,coding
0,9600,,general
0,19800,,writing
0,3600,,general
0,19200,,general
0,3000,,reading
0,10200,,general
0,10800,,reading
0,25800,,general
0,1200,,coding
0,2400,,general
0,1200,,general
0,1200,,coding
0,1200,,coding
0,1200,,coding
0,1200,,coding
0,1200,,general
0,1800,,general
0,2400,,reading
0,2400,,general
0,1200,,general
0,1200,,general
0,1200,,coding
0,1200,,coding
0,1200,,coding
0,1200,,coding
0,3000,,coding
0,1800,,coding
0,1200,,general
0,1200,,general
0,1200,,coding
0,3000,,coding
0,600,,coding
0,600,,coding
3600,1800,2,coding
0,1800,,coding
0,14400,,coding
0,2400,,general
0,2400,,coding
0,6000,,general
0,11400,,review
0,18600,,coding
0,12600,,general
0,18600,,general
0,2400,,general
0,12000,,coding
0,4200,,general
0,9000,,coding
0,21000,,general
0,1800,,general
0,1200,,coding
0,1200,,coding
0,18600,,coding
0,9000,,coding
0,1200,,coding
0,19200,,general
0,2400,,coding
0,2400,,general
0,3000,,research
0,1800,,general
0,3600,,general
0,1800,,review
0,5400,,coding
0,9600,,reading
0,10800,,reading
0,12000,,general
0,1200,,general
0,4200,,coding
0,3600,,coding
0,1800,,general
0,8400,,coding
14400,12000,4,coding
0,13800,,coding
0,4800,,general
0,2400,,general
0,3600,,coding
0,12600,,general
1800,1800,2,coding
0,1200,,coding
0,1200,,general
0,1200,,general
0,11400,,general
0,2400,,general
0,46200,,coding
0,2400,,coding
0,1800,,coding
0,1800,,coding
0,1800,,coding
0,3000,,coding
0,3000,,general
0,3600,,reading
0,7200,,coding
0,4200,,general
0,2400,,general
0,8400,,coding
0,2400,,general
0,39000,,general
0,6000,,general
0,9600,,general
0,2400,,general
0,11400,,general
0,18000,,coding
0,3000,,general
0,6000,,coding
0,10800,,general
0,2400,,general
0,21000,,coding
0,2400,,writing
0,25200,,general
0,13800,,general
0,1800,,coding
0,2400,,coding
0,5400,,reading
0,6000,,general
0,25200,,general
0,5400,,general
0,5400,,general
0,3000,,writing
0,11400,,coding
0,27000,,coding
0,10800,,general
0,4200,,reading
0,2400,,general
0,3000,,coding
0,28800,,general
0,9600,,writing
0,1800,,coding
0,4800,,reading
0,18600,,coding
0,6600,,coding
0,1800,,coding
0,2400,,general
0,16800,,general
0,14400,,coding
0,600,,coding
0,1200,,general
0,10800,,coding
0,81600,,general
0,13800,,writing
0,3600,,general
0,600,,reading
0,1800,,problem solving
0,1800,,general
0,7800,,coding
0,600,,general
0,11400,,reading
0,4200,,writing
0,5400,,general
0,4800,,coding
0,23400,,coding
0,600,,general
0,1200,,reading
0,1200,,coding
0,6000,,general
3600,6000,2,coding
0,5400,,coding
0,1200,,general
0,9000,,general
0,3600,,review
0,11400,,coding
0,7800,,review
0,2400,,problem solving
0,6000,,general
0,8400,,review
0,1200,,review
0,1200,,general
0,4200,,reading
0,1200,,coding
0,2400,,coding
0,2400,,review
0,5400,,coding
0,3600,,review
0,1200,,review
0,5400,,coding
0,7200,,writing
0,4200,,reading
0,4800,,general
0,600,,general
0,3000,,general
0,1200,,coding
0,1200,,general
0,1800,,general
0,7800,,general
0,5400,,general
0,12600,,general
0,6600,,general
0,26400,,general
0,1200,,coding
0,3000,,general
0,2400,,general
0,7800,,coding
0,1200,,writing
0,3000,,general
0,19200,,coding
0,72600,,coding
0,5400,,general
0,1800,,general
0,1800,,general
0,4200,,general
0,15000,,coding
0,9000,,coding
0,3600,,coding
0,3600,,coding
0,4800,,general
0,21000,,general
0,7200,,coding
0,15600,,general
0,3000,,coding
0,1800,,general
0,4200,,reading
0,2400,,coding
0,1800,,general
0,2400,,general
0,1200,,general
0,4800,,general
0,9000,,coding
0,3000,,general
0,6000,,writing
0,3000,,reading
0,4200,,general
0,1200,,general
0,1200,,general
0,2400,,general
0,1200,,reading
0,4800,,general
0,4800,,general
0,1200,,general
0,4800,,problem solving
0,1200,,general
0,1200,,general
0,3000,,reading
0,2400,,coding
0,3600,,writing
0,2400,,coding
0,4200,,coding
0,1800,,general
0,1200,,general
0,1200,,coding
0,4800,,general
0,1200,,coding
0,3000,,coding
0,1200,,general
0,9600,,general
0,62400,,general
0,1200,,general
0,2400,,coding
0,6600,,coding
0,1200,,coding
0,1800,,general
0,1200,,general
0,9600,,general
0,1200,,general
0,1200,,writing
0,10200,,writing
0,6600,,general
0,2400,,general
0,42600,,coding
0,12000,,coding
0,11400,,general
0,1800,,coding
0,1800,,coding
0,4200,,general
0,1200,,coding
0,1800,,coding
0,2400,,general
0,1800,,general
0,5400,,general
0,1800,,general
0,2400,,coding
0,1200,,general
0,17400,,general
0,6000,,writing
0,3000,,coding
0,600,,coding
0,3000,,general
0,3600,,coding
0,1200,,general
0,2400,,coding
0,1800,,coding
0,3000,,coding
0,10200,,general
0,1200,,coding
0,7200,,general
0,8400,,coding
0,3000,,problem solving
0,5400,,general
0,4800,,general
0,1200,,writing
0,1800,,general
0,1800,,general
0,4200,,general
0,3600,,general
0,1200,,coding
0,600,,general
0,6000,,writing
0,10800,,coding
0,4200,,coding
0,8400,,general
0,3000,,coding
0,1800,,general
0,1200,,general
0,3600,,coding
0,7200,,general
0,1200,,reading
0,1800,,coding
0,2400,,reading
0,4200,,general
0,1800,,general
0,1800,,coding
0,1800,,general
0,9000,,general
0,2400,,coding
0,1200,,problem solving
0,1200,,review
0,1200,,coding
0,4800,,writing
0,1800,,general
0,12600,,coding
0,2400,,general
0,2400,,general
0,2400,,coding
0,1800,,general
0,1800,,coding
0,4200,,coding
0,3600,,review
0,6000,,coding
0,1200,,writing
0,10800,,general
0,4800,,coding
0,2400,,coding
0,1200,,coding
0,4800,,general
0,1200,,general
0,1200,,review
0,2400,,coding
0,9000,,general
0,3000,,general
0,1800,,coding
0,1200,,general
0,1200,,general
0,1200,,general
0,1200,,general
0,3000,,general
0,1800,,general
0,1800,,general
0,3600,,coding
86400,1200,5,research
0,1800,,general
0,7200,,coding
0,1800,,general
0,6000,,coding
0,2400,,general
0,4200,,review
0,1200,,general
0,6000,,reading
0,1800,,general
0,1800,,general
0,1200,,research
0,1800,,general
0,1800,,coding
0,1200,,general
0,1200,,general
0,1800,,general
0,15000,,coding
0,2400,,general
0,3600,,general
0,3000,,coding
0,4200,,coding
0,4200,,coding
0,1800,,coding
0,10200,,review
0,1800,,general
0,4200,,coding
0,6000,,coding
0,1200,,review
0,1200,,review
0,3600,,coding
0,1800,,general
0,1800,,general
0,1800,,coding
0,8400,,coding
0,3000,,general
0,7800,,general
0,1800,,general
0,1800,,coding
0,1800,,general
0,3000,,general
0,1800,,general
0,18600,,general
0,1800,,general
0,1800,,general
0,2400,,general
0,1800,,general
0,9000,,coding
0,2400,,general
0,4800,,general
0,69600,,general
0,3600,,writing
0,2400,,general
0,3000,,coding
0,11400,,coding
0,4800,,review
0,2400,,general
0,2400,,review
0,3000,,reading
0,1200,,coding
0,10200,,general
0,1800,,coding
0,1800,,problem solving
0,1800,,coding
0,10200,,writing
0,600,,coding
0,2400,,coding
0,1200,,coding
0,9600,,coding
0,3000,,reading
0,1200,,general
0,3600,,general
0,1200,,problem solving
0,7200,,coding
0,3000,,general
0,1800,,writing
0,3000,,general
0,1200,,general
0,1200,,coding
0,1200,,general
0,4200,,general
0,1200,,general
0,1800,,writing
0,4200,,coding
0,1200,,coding
0,3000,,coding
0,1200,,coding
0,1200,,general
0,1200,,general
0,1200,,general
0,14400,,coding
0,1200,,coding
0,600,,general
0,600,,coding
0,1200,,general
0,600,,general
0,2400,,coding
0,6000,,general
0,5400,,general
0,1200,,coding
0,20400,,writing
0,4200,,coding
0,5400,,general
0,2400,,coding
0,2400,,coding
0,5400,,writing
0,7800,,coding
0,600,,coding
0,1200,,writing
0,1200,,coding
0,5400,,coding
0,6600,,general
0,1200,,writing
0,3000,,general
0,4200,,general
0,600,,coding
0,11400,,coding
0,1200,,coding
0,3000,,coding
0,2400,,coding
0,6000,,general
0,1200,,writing
0,1200,,writing
0,1200,,coding
0,3600,,writing
0,4200,,general
0,1800,,coding
0,4800,,problem solving
0,1800,,coding
0,3600,,coding
0,1200,,coding
0,8400,,review
0,3600,,coding
0,5400,,coding
0,1200,,coding
0,5400,,coding
0,1200,,review
0,1200,,coding
0,3600,,coding
0,13200,,coding
0,6000,,general
0,2400,,coding
0,7200,,general
0,4800,,general
0,5400,,general
0,1800,,general
0,6000,,general
0,3000,,general
0,5400,,general
0,24000,,problem solving
0,14400,,coding
0,4200,,coding
0,6000,,coding
0,18600,,general
0,4200,,coding
0,4800,,general
0,6600,,coding
0,1200,,general
0,2400,,general
0,7800,,general
0,3600,,general
0,1200,,general
0,9000,,coding
0,22800,,coding
0,9600,,coding
0,5400,,general
0,9000,,coding
0,1200,,reading
0,1200,,coding
0,600,,writing
0,600,,coding
0,600,,reading
0,600,,general
0,600,,general
0,1200,,general
0,1200,,coding
0,2400,,coding
0,3600,,general
0,3600,,coding
0,7800,,coding
0,3600,,general
0,16200,,general
0,1800,,reading
0,1800,,review
0,27000,,coding
0,600,,reading
0,7800,,coding
0,1800,,coding
0,52200,,general
0,12000,,coding
0,9600,,general
0,1200,,coding
0,600,,general
0,12600,,writing
0,22200,,general
0,1200,,general
0,3000,,general
0,4800,,general
0,1200,,coding
0,6600,,coding
0,3000,,general
0,1800,,general
0,13800,,coding
0,37800,,coding
0,2400,,writing
0,5400,,writing
0,4200,,reading
0,3600,,coding
0,1800,,coding
0,7200,,general
0,1200,,coding
0,1200,,general
0,1200,,reading
0,1200,,coding
0,600,,review
0,1200,,general
7200,3600,3,general
0,600,,review
0,1200,,reading
0,1200,,writing
0,600,,reading
0,33600,,coding
0,1200,,reading
0,1200,,general
0,1200,,general
0,1200,,general
0,24000,,coding
0,33300,,coding
0,1200,,reading
0,2400,,general
0,1800,,review
0,3000,,general
0,1200,,problem solving
0,1200,,reading
0,2400,,general
0,1200,,coding
0,1800,,reading
0,600,,writing
0,1200,,reading
0,1200,,coding
0,600,,general
0,600,,review
0,600,,coding
0,600,,reading
0,1200,,general
0,3000,,general
0,600,,reading
0,2424600,,coding
0,600,,coding
0,2400,,coding
0,3000,,general
0,600,,coding
0,4800,,general
0,600,,coding
0,40740,,writing
0,600,,coding
0,1200,,general
0,1200,,review
0,1200,,coding
0,600,,review
0,1200,,coding
0,3600,,coding
0,1800,,coding
0,600,,general
0,1200,,general
0,6000,,coding
0,1200,,general
0,1200,,coding
0,600,,coding
0,2400,,general
0,7200,,general
0,9000,,review
0,6000,,general
0,1800,,coding
0,1200,,coding
0,1200,,coding
0,1800,,coding
0,600,,general
0,1200,,coding
0,1200,,problem solving
0,3600,,general
0,6000,,reading
0,3600,,coding
0,2400,,writing
0,1200,,coding
0,3600,,coding
0,7200,,reading
0,5400,,general
0,9600,,writing
0,1800,,general
0,1200,,reading
0,600,,reading
0,1200,,writing
0,1200,,coding
0,1200,,general
0,7200,,general
0,2400,,coding
0,8400,,coding
0,1200,,general
0,1200,,research
0,1200,,general
0,2400,,writing
0,1200,,reading
0,4200,,coding
0,6000,,coding
0,1800,,coding
0,1200,,writing
0,1200,,reading
0,15600,,general
0,1800,,general
0,1800,,reading
0,2400,,general
0,1200,,general
0,3000,,coding
0,3600,,review
0,1200,,general
0,4800,,coding
0,18000,,general
0,3600,,coding
0,1200,,general
0,1200,,general
0,4200,,general
0,3000,,coding
0,3600,,general
0,3600,,coding
0,1200,,coding
0,2400,,coding
0,2400,,coding
0,2400,,review
0,1200,,coding
0,3600,,general
0,7200,,general
0,5400,,general
0,3000,,reading
0,2400,,general
0,5400,,coding
0,1200,,coding
0,3000,,coding
0,2400,,general
0,3000,,coding
0,1800,,review
0,5400,,problem solving
0,7800,,coding
0,2400,,coding
0,6600,,general
0,1200,,coding
0,1800,,coding
0,3000,,general
0,1200,,coding
0,6600,,general
0,21600,,general
0,5400,,coding
0,1200,,coding
0,1200,,general
0,2400,,general
0,6000,,coding
0,2400,,general
0,1800,,general
0,1200,,general
0,3600,,coding
0,1200,,general
0,9600,,coding
0,2400,,coding
0,4800,,coding
0,6600,,writing
0,4800,,coding
0,1200,,coding
0,1200,,reading
0,3000,,general
0,1200,,reading
0,7800,,general
0,1200,,review
0,5400,,reading
0,3600,,coding
0,1800,,reading
0,3600,,general
0,4200,,coding
0,1800,,general
0,3000,,coding
0,1200,,review
0,3000,,general
0,1800,,general
0,3000,,general
0,10200,,general
0,1800,,general
0,1200,,general
0,1200,,general
0,1200,,coding
0,1200,,coding
0,1200,,coding
0,1200,,general
0,1200,,general
0,600,,coding
0,600,,review
0,600,,coding
0,600,,general
0,600,,coding
0,600,,general
0,1200,,general
0,600,,coding
0,3000,,problem solving
0,1200,,coding
0,600,,coding
0,1200,,coding
0,1200,,coding
0,1800,,coding
0,600,,general
0,1200,,coding
0,1800,,reading
0,600,,coding
0,600,,general
0,1200,,coding
0,600,,coding
0,1200,,coding
0,1800,,problem solving
0,3000,,general
0,1800,,general
0,600,,coding
0,600,,reading
0,1200,,general
0,1800,,coding
0,1800,,coding
0,600,,coding
0,600,,coding
0,600,,general
0,600,,coding
0,600,,reading
0,1200,,coding
0,2400,,coding
0,1200,,coding
0,1200,,coding
86400,3000,5,writing
0,600,,general
0,1800,,general
0,600,,coding
0,600,,general
0,1800,,general
0,600,,coding
0,600,,coding
0,600,,general
0,600,,general
0,600,,general
0,600,,general
0,1200,,general
0,600,,general
0,600,,general
0,600,,general
0,600,,general
0,1200,,general
0,1800,,general
0,600,,coding
0,600,,coding
0,1200,,writing
0,1200,,coding
0,1200,,coding
0,1200,,general
0,1200,,general
0,3600,,general
0,600,,general
0,2400,,general
0,600,,reading
0,3600,,writing
0,1200,,coding
0,1800,,coding
0,1800,,coding
0,1800,,general
0,5400,,general
0,9000,,writing
0,29400,,general
0,9000,,coding
0,18000,,general
0,62400,,research
0,24600,,reading
0,13800,,general
0,7800,,general
7200,13800,3,reading
0,7200,,general
0,6600,,general
0,4200,,reading
0,3600,,coding
0,18600,,general
3600,9600,2,general
0,12000,,general
0,3600,,general
0,31200,,coding
0,73800,,coding
0,11400,,general
0,9600,,coding
0,11400,,coding
0,6000,,reading
0,12600,,reading
3600,16800,2,coding
43200,52800,5,writing
0,42000,,reading
0,3000,,general
0,13800,,coding
0,4200,,coding
0,10200,,general
0,4800,,general
0,1200,,coding
0,15600,,coding
0,14400,,coding
0,7800,,research
0,10200,,general
0,19200,,coding
0,6000,,general
0,41400,,general
0,18000,,writing
0,9600,,general
0,22200,,coding
0,15000,,coding
0,6600,,general
0,17400,,reading
0,28800,,general
0,12000,,coding
0,21000,,coding
0,11400,,reading
0,6600,,general
0,51000,,writing
0,3600,,general
0,4200,,general
0,4800,,coding
0,9000,,coding
0,3600,,general
0,1200,,coding
0,600,,general
0,600,,general
0,1200,,coding
0,7200,,general
0,4800,,coding
0,11400,,coding
0,2400,,coding
0,9000,,coding
0,8400,,reading
0,3000,,general
0,3000,,general
0,4800,,writing
0,4800,,writing
0,600,,general
0,1200,,general
0,600,,general
0,3600,,coding
86400,6000,5,review
0,22200,,review
0,6600,,general
0,37200,,reading
0,4200,,coding
0,5400,,general
0,52800,,coding
0,2400,,coding
0,9600,,coding
0,17400,,general
0,6000,,problem solving
0,4200,,general
0,9000,,coding
600,5400,1,general
0,6600,,writing
0,34200,,writing
0,4800,,general
0,6600,,general
0,41400,,general
0,9600,,general
0,5400,,general
0,4200,,coding
0,7200,,coding
0,3000,,general
0,6000,,coding
0,13800,,general
0,3000,,general
0,1200,,general
0,49800,,general
86400,2400,5,reading
0,8400,,coding
0,1200,,general
0,21000,,reading
0,7800,,general
0,2400,,coding
0,3600,,reading
0,5400,,general
0,4800,,coding
0,7800,,coding
0,16800,,coding
0,16200,,general
0,12000,,general
0,6600,,coding
0,26400,,general
0,4200,,coding
0,3600,,reading
0,4800,,coding
0,3000,,coding
0,6600,,research
0,10800,,coding
0,4800,,writing
0,1200,,writing
0,6000,,general
0,3600,,coding
0,12000,,writing
0,6600,,coding
0,31200,,reading
0,29400,,reading
0,7800,,coding
0,5400,,reading
0,33600,,coding
0,4800,,general
0,8400,,general
0,1800,,general
0,3000,,general
0,10200,,problem solving
0,3000,,general
0,6000,,general
0,13200,,coding
0,3600,,general
0,13800,,general
0,3000,,general
0,12600,,general
0,3000,,general
0,6600,,writing
0,9000,,general
0,2400,,coding
0,18000,,review
0,2400,,general
0,22200,,general
0,1800,,general
0,9600,,coding
0,2400,,general
0,14400,,coding
0,7200,,coding
0,6000,,general
0,34800,,general
0,10200,,reading
0,6600,,coding
0,2400,,coding
0,7800,,coding
0,28800,,writing
0,4200,,coding
0,9600,,review
0,3600,,reading
0,33600,,coding
0,4800,,problem solving
0,4200,,general
0,113400,,coding
0,1800,,coding
0,16800,,general
0,1200,,coding
0,6600,,coding
0,4800,,coding
0,3000,,coding
0,600,,coding
0,600,,writing
0,1800,,review
0,1200,,writing
0,19200,,coding
0,1800,,coding
0,26400,,writing
0,4800,,review
0,6000,,reading
0,4200,,coding
0,9600,,writing
0,4200,,general
0,3000,,general
0,4800,,review
0,1200,,general
0,1800,,review
0,29400,,writing
0,5400,,review
0,4800,,reading
0,16200,,general
0,2400,,coding
0,7200,,general
0,1800,,writing
0,13200,,coding
0,1800,,general
0,24600,,general
0,5400,,coding
0,4200,,reading
0,3000,,writing
0,1200,,coding
0,2400,,general
0,9000,,reading
0,13200,,general
0,1200,,general
0,1200,,general
0,9600,,coding
0,1200,,general
0,31200,,coding
0,1800,,general
0,3600,,general
0,1200,,general
0,1800,,coding
0,4800,,general
0,4200,,coding
0,3000,,coding
0,5400,,coding
0,1800,,coding
0,1800,,general
0,1200,,general
0,5400,,coding
0,5400,,general
0,4200,,writing
0,2400,,coding
0,15600,,general
0,2400,,reading
0,5400,,coding
0,9000,,general
0,1200,,general
0,3600,,general
0,12000,,coding
0,4200,,coding
0,1800,,general
0,4200,,coding
0,3000,,writing
0,5400,,general
0,18600,,general
0,4800,,general
0,5400,,coding
0,2400,,general
0,1800,,coding
0,4800,,general
0,2400,,general
0,1200,,general
0,6600,,writing
0,1200,,reading
0,4200,,writing
0,9600,,general
0,1200,,coding
0,3000,,coding
0,6000,,coding
0,1800,,general
0,3600,,coding
0,1800,,review
0,6000,,general
0,1200,,general
0,1200,,coding
0,12600,,general
0,14400,,problem solving
0,1200,,coding
0,12600,,general
0,2400,,coding
0,5400,,general
0,2400,,coding
0,3000,,coding
0,5400,,coding
0,5400,,coding
0,1800,,general
0,1200,,general
0,9000,,general
0,9600,,general
0,3000,,writing
0,1200,,coding
0,1800,,general
0,1200,,coding
0,1200,,general
0,15600,,coding
0,1800,,coding
0,1200,,review
0,26400,,general
0,1800,,general
0,35400,,coding
0,19800,,general
0,6000,,general
0,4200,,coding
0,1800,,coding
0,1800,,coding
0,37800,,reading
0,13800,,coding
0,1800,,general
0,1800,,general
0,1200,,general
0,18600,,writing
0,5400,,coding
0,1200,,coding
0,2400,,general
0,600,,coding
0,1200,,coding
0,1200,,general
0,600,,writing
0,3600,,general
0,1800,,general
0,3600,,coding
0,1800,,general
0,9000,,coding
0,10200,,coding
0,5400,,general
0,1200,,reading
300,3600,1,general
0,1800,,general
0,3600,,coding
0,10800,,general
0,1800,,coding
0,3000,,general
0,12600,,coding
0,5400,,general
0,6000,,coding
0,6600,,general
0,9000,,coding
0,16200,,coding
0,4800,,coding
0,8400,,coding
0,18000,,general
0,9600,,coding
0,3600,,coding
0,10800,,writing
0,13800,,reading
0,10800,,general
0,1200,,reading
0,4200,,general
0,1800,,coding
0,1800,,general
0,7200,,general
0,1200,,writing
0,1800,,reading
0,2400,,general
0,4800,,coding
0,1800,,general
0,1800,,general
0,9000,,general
0,5400,,general
0,1200,,coding
0,9000,,coding
0,1200,,general
0,1200,,coding
0,1800,,general
0,2400,,general
0,15600,,coding
0,3600,,coding
0,1200,,general
0,16200,,writing
0,3600,,reading
0,1200,,general
0,7200,,general
0,14400,,coding
0,6600,,general
0,3000,,general
0,4200,,writing
0,2400,,general
0,3000,,coding
0,1200,,coding
0,3600,,coding
0,600,,review
0,3600,,general
0,1200,,general
0,6000,,coding
0,6000,,general
0,5400,,coding
0,100800,,coding
0,3600,,coding
0,19200,,coding
0,4800,,general
0,1800,,writing
0,1800,,general
0,1200,,general
0,15600,,coding
0,9600,,general
0,600,,general
0,5400,,general
0,3600,,reading
0,3000,,coding
0,3600,,reading
0,3000,,reading
0,10200,,coding
0,8400,,coding
0,9600,,coding
0,1800,,research
0,1200,,coding
0,4200,,general
0,600,,general
21600,1200,5,research
0,1800,,coding
0,1800,,coding
0,1800,,coding
0,7200,,review
0,1800,,coding
0,1800,,coding
0,3000,,general
0,1800,,general
0,3000,,general
0,3000,,general
0,7800,,general
0,3000,,reading
0,10200,,coding
0,1800,,general
0,3000,,reading
0,1800,,general
0,3600,,general
0,3600,,coding
0,11400,,coding
0,1800,,general
0,1800,,coding
0,2400,,general
0,18000,,coding
0,7200,,review
0,1800,,review
0,3600,,reading
0,1800,,general
0,1800,,general
0,3000,,general
0,6000,,reading
0,1800,,general
0,3600,,general
0,3000,,coding
0,1800,,general
0,6600,,coding
0,9000,,coding
0,1800,,coding
0,2400,,general
0,1800,,coding
0,8400,,general
0,3000,,research
0,10800,,coding
0,3000,,research
0,1800,,general
0,4200,,general
0,9000,,general
0,9600,,general
0,1800,,reading
0,1800,,coding
0,4200,,coding
0,1800,,review
0,2400,,coding
0,3000,,general
0,3600,,general
0,3000,,review
0,6000,,review
0,5400,,general
0,1800,,coding
0,1800,,general
0,9600,,coding
0,1800,,coding
0,2400,,general
0,4200,,general
0,3600,,review
0,4200,,problem solving
0,1800,,reading
0,19200,,reading
0,2400,,general
0,3600,,general
0,1800,,review
0,3000,,coding
14400,1800,4,research
0,12600,,general
0,3600,,general
0,3000,,general
0,9000,,coding
0,3600,,coding
0,1200,,general
0,5400,,coding
0,4200,,review
0,18000,,review
0,2400,,general
0,2400,,general
0,1800,,reading
0,9600,,coding
0,5400,,coding
0,1800,,general
0,6000,,review
0,1800,,general
0,5400,,general
0,7200,,reading
0,1800,,general
0,1800,,general
0,13200,,writing
0,26400,,reading
0,11400,,general
0,17400,,coding
0,16800,,coding
0,12600,,coding
0,18000,,general
0,45600,,general
0,52800,,general
0,37800,,coding
0,3600,,general
0,9600,,coding
0,4200,,reading
0,9000,,coding
0,10800,,coding
0,5400,,coding
0,48600,,coding
0,6000,,general
0,3600,,writing
0,44400,,problem solving
0,16800,,general
0,19200,,writing
0,19200,,writing
0,51000,,reading
0,10200,,review
0,600,,coding
0,11400,,general
0,3000,,general
0,600,,coding
0,600,,coding
7200,600,3,coding
0,600,,coding
0,600,,problem solving
0,1200,,problem solving
0,1200,,general
0,1200,,general
0,7800,,writing
0,1200,,problem solving
0,20400,,general
0,1200,,writing
0,3600,,coding
0,1800,,general
0,1200,,general
0,3600,,general
0,600,,general
0,1800,,coding
0,1200,,coding
0,1200,,general
0,1200,,coding
0,1200,,writing
0,4800,,coding
0,1200,,coding
0,4200,,general
0,1200,,review
0,600,,general
0,7200,,general
0,1200,,coding
0,2400,,general
0,1200,,general
0,600,,coding
0,1200,,general
0,1200,,coding
0,1200,,coding
0,3000,,general
0,1800,,research
0,6600,,coding
0,1800,,general
0,7200,,coding
0,1800,,general
0,1800,,research
0,6600,,general
0,1200,,writing
0,1200,,coding
0,3000,,general
0,15000,,general
0,1800,,writing
0,1200,,reading
0,1200,,general
0,1200,,coding
0,1200,,problem solving
0,1800,,general
0,1200,,reading
0,1200,,general
0,9000,,coding
0,3000,,problem solving
0,1200,,research
0,600,,research
0,600,,writing
0,4200,,general
0,1800,,general
0,27000,,reading
0,3600,,general
0,3000,,general
0,4800,,coding
0,1200,,general
0,7800,,writing
0,2400,,coding
0,2400,,general
0,1200,,coding
0,3000,,coding
0,1200,,general
0,1200,,coding
0,1200,,coding
0,1200,,coding
0,1200,,writing
0,2400,,general
0,1800,,reading
0,10200,,general
0,1200,,coding
0,3000,,general
0,1200,,general
0,2400,,coding
0,1800,,coding
0,7200,,general
0,7800,,coding
0,8400,,coding
0,3600,,general
0,6000,,coding
0,2400,,general
0,1200,,coding
0,4200,,general
0,1800,,general
0,3000,,general
0,3000,,general
0,1200,,general
0,9600,,reading
0,9600,,coding
0,1800,,general
0,3600,,general
0,4800,,general
0,3000,,general
0,2400,,coding
0,2400,,coding
0,2400,,general
0,3000,,general
0,1200,,coding
0,18000,,general
0,1800,,general
0,2400,,coding
0,43800,,coding
0,29400,,general
0,13200,,coding
0,4800,,writing
0,15600,,coding
0,3000,,general
0,10800,,general
0,10200,,general
0,22200,,general
0,9600,,general
0,18000,,general
0,10800,,general
0,67800,,writing
0,12600,,coding
0,19200,,coding
0,1800,,general
0,51600,,coding
0,3000,,coding
0,16800,,coding
0,4800,,general
0,3600,,general
0,36000,,coding
0,32400,,coding
0,600,,general
0,11400,,coding
0,7200,,coding
0,9600,,coding
0,600,,coding
0,600,,general
0,1200,,coding
0,1800,,coding
0,7800,,coding
0,1800,,review
0,3000,,general
0,2400,,general
0,600,,general
0,600,,general
0,1200,,research
0,1800,,coding
0,600,,coding
43200,36780,5,general
0,600,,coding
0,1800,,general
0,600,,coding
0,28800,,general
57600,36840,5,coding
0,1200,,coding
0,600,,review
0,24420,,coding
0,1200,,review
3600,5280,2,general
7200,8400,3,coding
3600,8400,2,general
0,1200,,coding
0,1200,,coding
0,1200,,general
0,600,,general
0,7200,,coding
0,9000,,general
0,6000,,general
0,5400,,general
0,19200,,general
0,600,,general
0,1800,,coding
0,1800,,coding
0,1800,,reading
0,4200,,general
0,1200,,coding
0,1200,,general
0,3000,,writing
0,7800,,coding
0,1200,,general
0,4200,,coding
0,6600,,general
0,16200,,general
0,1200,,coding
0,1800,,general
0,5400,,general
0,1200,,general
0,1200,,coding
0,1200,,general
0,3000,,general
0,1200,,general
0,5400,,general
0,1200,,general
0,600,,general
0,2400,,general
0,1200,,general
0,3000,,coding
0,1200,,coding
0,4200,,coding
0,1200,,coding
0,4800,,coding
0,1200,,coding
0,1200,,coding
0,1200,,problem solving
0,1200,,coding
0,1200,,general
0,4800,,problem solving
0,1800,,coding
0,4200,,coding
0,1200,,general
0,1200,,general
0,1200,,general
0,1200,,general
0,1800,,general
0,1200,,general
0,1200,,coding
0,1800,,coding
0,1200,,general
0,2400,,coding
0,6600,,coding
0,1800,,general
0,6000,,coding
0,2400,,reading
0,9600,,coding
0,3000,,general
0,1800,,general
0,10800,,coding
0,1800,,review
0,4800,,reading
0,1800,,general
0,2400,,general
0,4200,,general
0,1800,,coding
0,1200,,general
0,2400,,general
0,37200,,coding
0,20400,,general
0,3000,,coding
0,3600,,reading
0,1800,,general
0,4800,,general
0,1200,,general
0,7200,,general
0,3000,,reading
0,2400,,general
0,2400,,review
0,4200,,general
0,3000,,general
0,4800,,general
0,1200,,coding
0,1200,,general
0,1800,,general
0,9600,,coding
0,2400,,reading
0,6000,,general
0,1200,,general
0,1200,,general
0,1200,,coding
0,3600,,coding
0,1800,,general
0,9600,,coding
0,1200,,general
0,3000,,general
0,4200,,coding
0,1200,,general
0,3600,,coding
0,3600,,general
0,3600,,review
0,12000,,coding
0,3600,,reading
0,2400,,general
0,4200,,coding
0,1200,,coding
0,1200,,reading
0,1200,,general
0,1200,,coding
0,3000,,general
0,1200,,general
0,1200,,reading
0,3600,,general
0,2400,,reading
0,1200,,coding
0,3000,,general
0,3600,,coding
0,1800,,reading
0,1800,,coding
0,1200,,coding
0,1800,,review
0,600,,general
0,600,,coding
0,600,,coding
0,600,,coding
0,1200,,coding
0,1200,,coding
0,1800,,coding
0,600,,general
0,1200,,coding
0,600,,general
0,10200,,coding
0,600,,coding
0,1800,,coding
0,600,,coding
0,1200,,general
0,1200,,coding
0,1200,,general
0,600,,coding
0,1200,,coding
0,600,,review
0,600,,coding
0,600,,coding
0,600,,reading
0,600,,general
0,1200,,coding
0,600,,coding
0,1800,,coding
0,600,,coding
0,600,,coding
0,600,,review
0,1800,,reading
0,600,,coding
0,1200,,coding
0,1200,,coding
0,15600,,coding
0,10200,,coding
0,34800,,general
0,30000,,coding
0,9000,,writing
0,9000,,coding
0,16800,,reading
0,19200,,general
0,10800,,general
0,59400,,coding
0,7800,,coding
0,19200,,coding
0,9000,,general
0,19200,,general
0,5400,,general
0,3600,,general
0,2400,,general
0,3000,,general
0,6000,,general
0,9600,,general
0,21600,,general
0,7800,,general
0,3600,,general
0,39000,,coding
0,9000,,general
0,5400,,general
0,10800,,general
0,12600,,general
0,20400,,coding
0,6000,,writing
0,3600,,general
0,9600,,coding
0,92400,,general
0,7200,,general
0,24600,,general
0,3600,,coding
0,7200,,general
0,47400,,general
0,48000,,general
0,44400,,general
0,36600,,coding
0,74400,,general
0,27600,,general
0,7800,,coding
0,11400,,problem solving
0,3600,,general
0,19200,,coding
0,4800,,general
0,93600,,reading
0,28200,,general
0,70800,,research
0,30600,,general
0,18600,,coding
0,12000,,general
0,32400,,reading
0,58200,,coding
0,6000,,general
0,3600,,general
0,6000,,general
0,7800,,coding
0,13800,,coding
0,19800,,general
0,5400,,general
0,10200,,general
0,11400,,general
0,6600,,general
0,8400,,general
0,11400,,general
0,15600,,coding
0,105000,,reading
0,8400,,general
0,6600,,coding
0,6000,,general
0,22800,,writing
0,3600,,general
0,21000,,general
0,14400,,review
0,1200,,writing
0,11400,,coding
0,10200,,coding
0,7800,,general
0,3600,,general
0,7800,,general
0,16800,,coding
0,15000,,writing
0,6000,,general
0,8400,,general
0,1200,,general
0,4800,,general
0,21000,,coding
0,12000,,reading
0,8400,,reading
0,5400,,general
0,6000,,coding
0,3600,,coding
0,1200,,general
0,6600,,coding
0,15600,,coding
0,31800,,coding
0,1800,,coding
0,7200,,coding
0,13200,,coding
0,3000,,reading
0,6600,,writing
0,5400,,general
0,3600,,coding
0,12600,,general
0,9000,,writing
0,16200,,coding
0,3000,,reading
0,3600,,general
0,26400,,coding
0,3000,,general
0,1800,,general
0,16200,,writing
0,6000,,coding
0,20400,,general
0,6600,,writing
0,13200,,coding
0,1800,,reading
0,12000,,general
0,28200,,coding
0,6000,,coding
0,4200,,coding
0,1200,,coding
0,25200,,coding
0,4800,,general
0,58200,,reading
0,1800,,general
0,9000,,general
0,8400,,coding
0,11400,,coding
0,3000,,general
0,1200,,coding
0,30600,,general
0,10200,,coding
0,4800,,general
0,3000,,coding
0,1800,,coding
0,2400,,general
0,20400,,coding
0,5400,,general
0,1800,,general
0,19200,,coding
0,15000,,coding
0,20400,,writing
0,6000,,general
0,2400,,general
0,4200,,coding
0,600,,coding
0,7800,,general
0,17400,,coding
0,2400,,coding
0,4200,,general
0,3600,,coding
0,3600,,coding
0,15000,,coding
0,1200,,general
0,4200,,coding
0,18600,,reading
0,2400,,coding
0,3000,,coding
0,18600,,review
0,3000,,general
0,1800,,coding
0,1200,,general
0,3600,,coding
0,9600,,general
0,6600,,coding
0,3600,,coding
0,15600,,general
0,43800,,coding
0,6000,,coding
0,1800,,coding
0,5400,,reading
0,15000,,coding
0,12600,,reading
0,3600,,coding
0,1200,,general
0,1800,,coding
0,16800,,general
0,27600,,coding
0,3600,,problem solving
0,4200,,general
0,10200,,coding
0,15600,,writing
0,2400,,reading
0,1800,,general
0,1200,,general
0,1200,,general
0,4800,,coding
0,4200,,coding
0,1800,,general
0,7200,,general
0,5400,,coding
0,6600,,coding
0,17400,,coding
0,3600,,coding
0,1800,,coding
0,3600,,general
0,7200,,coding
0,3600,,general
0,3000,,coding
0,3600,,coding
0,2400,,general
259200,16200,5,coding
0,3600,,coding
0,4200,,coding
0,16200,,coding
0,7800,,general
0,6600,,general
0,21600,,coding
0,5400,,coding
0,8400,,coding
0,13200,,general
0,13800,,reading
0,21600,,general
0,2400,,general
0,3600,,coding
0,3000,,reading
0,22800,,general
0,1800,,research
0,1200,,coding
0,5400,,general
0,12600,,coding
0,10200,,problem solving
0,2400,,general
0,6000,,general
0,3000,,general
0,6600,,general
0,4800,,general
0,9600,,general
0,3000,,general
0,1200,,general
0,11400,,general
0,8400,,writing
0,9000,,general
0,3600,,coding
0,7200,,coding
0,14400,,coding
0,4800,,general
0,1800,,general
0,2400,,general
0,7800,,writing
0,1800,,general
0,1800,,coding
0,5400,,coding
0,3000,,coding
0,2400,,general
0,3000,,writing
0,67200,,general
0,25800,,general
0,600,,general
0,4800,,coding
0,3600,,general
0,16800,,coding
0,3600,,coding
0,4200,,coding
0,5400,,coding
0,25800,,coding
0,1200,,coding
0,52200,,coding
0,51000,,coding
0,7800,,reading
0,8400,,coding
0,3600,,general
0,1800,,coding
0,2400,,general
0,1200,,reading
0,9000,,coding
0,2400,,general
0,600,,coding
0,6000,,coding
0,16500,,general
0,5400,,coding
0,8400,,coding
0,4800,,coding
0,12000,,coding
0,15000,,coding
0,1800,,research
0,1800,,coding
0,6000,,general
0,6000,,reading
0,3600,,coding
0,3000,,coding
0,2400,,general
0,1200,,general
0,3000,,general
0,5400,,general
0,9000,,general
0,1200,,coding
0,6000,,coding
0,28800,,general
0,4800,,coding
0,1200,,coding
0,600,,writing
0,10800,,review
0,1200,,coding
0,18000,,general
0,5400,,coding
0,6600,,general
0,10200,,reading
0,6600,,general
0,4800,,general
0,5400,,general
0,2400,,coding
0,1800,,general
0,3600,,general
0,18000,,general
0,2400,,general
0,7800,,general
0,4200,,coding
0,2400,,coding
0,1200,,reading
0,15000,,coding
0,1800,,coding
0,10200,,review
0,19800,,coding
0,2400,,coding
0,7200,,general
0,1200,,coding
0,3000,,general
0,1200,,general
0,1200,,coding
0,9600,,writing
0,7200,,general
0,13200,,reading
0,6000,,coding
0,1200,,writing
0,1800,,general
0,1800,,general
0,36600,,general
0,5400,,coding
0,1200,,general
0,6600,,coding
0,3600,,general
0,4800,,coding
0,1800,,general
0,2400,,coding
0,1800,,general
0,17400,,coding
0,1200,,general
0,7200,,general
0,3600,,coding
0,7200,,general
0,7200,,review
0,4800,,general
0,39000,,coding
0,1200,,reading
0,15600,,general
0,1800,,coding
0,18000,,general
0,9000,,coding
0,7200,,coding
0,3000,,general
0,1800,,coding
0,1800,,coding
0,3000,,general
0,5400,,coding
0,2400,,writing
0,2400,,coding
0,7800,,coding
0,7200,,general
0,3600,,research
0,21000,,coding
0,3000,,general
0,1800,,coding
0,4200,,general
0,10200,,coding
0,8400,,coding
0,40800,,general
0,6000,,coding
0,4800,,reading
0,7800,,reading
0,1800,,general
0,6600,,review
0,1200,,general
0,15600,,general
0,24600,,general
0,4800,,coding
0,4800,,coding
0,1200,,reading
0,1200,,general
0,1800,,reading
0,2400,,coding
0,10200,,general
0,6600,,coding
0,7200,,coding
0,3600,,general
0,7800,,problem solving
0,13200,,writing
0,14400,,general
0,3000,,general
0,7200,,general
0,3600,,coding
0,1800,,general
0,1200,,general
0,1200,,general
0,1200,,general
0,1200,,general
0,3000,,general
0,76800,,general
0,4800,,writing
0,6000,,general
0,5400,,general
0,4200,,coding
0,11400,,writing
0,24000,,coding
0,1200,,general
0,1200,,coding
0,1200,,general
0,1200,,general
0,1800,,review
0,3600,,general
0,19800,,general
0,1800,,coding
0,3000,,general
0,2400,,general
0,3600,,coding
0,1800,,general
0,2400,,coding
0,1200,,general
0,1800,,coding
0,4200,,review
0,1800,,general
0,3600,,coding
0,1200,,general
0,13200,,general
0,2400,,reading
0,1200,,coding
0,3000,,reading
0,1200,,general
0,4200,,general
0,11400,,coding
0,12600,,general
0,1800,,general
0,3000,,review
0,2400,,general
0,1200,,general
0,4800,,general
0,8400,,coding
0,22800,,general
0,18600,,general
0,7200,,general
0,5400,,general
0,6000,,coding
0,1200,,reading
0,7800,,coding
0,3000,,general
0,2400,,coding
0,2400,,coding
0,2400,,general
0,4800,,review
0,1800,,general
0,3000,,general
0,16200,,general
0,31200,,general
0,33600,,general
0,6000,,general
0,6600,,coding
0,1800,,coding
0,2400,,general
0,7200,,general
0,5400,,coding
0,2400,,general
0,20400,,general
0,1200,,coding
0,3600,,general
0,1200,,general
0,26400,,general
0,1200,,coding
0,6600,,general
0,27600,,coding
0,1200,,coding
0,4200,,problem solving
0,5400,,general
0,4200,,coding
0,13800,,coding
0,1200,,general
0,2400,,general
0,9000,,general
0,8400,,coding
0,4800,,coding
0,9600,,general
0,12600,,review
0,1200,,general
0,3600,,general
0,8400,,general
0,5400,,writing
0,3000,,coding
0,3000,,coding
0,1800,,coding
0,1200,,coding
0,4200,,reading
0,15000,,coding
0,5400,,general
0,1200,,general
0,1200,,general
0,1200,,general
0,2400,,coding
0,40200,,coding
0,2400,,coding
0,1200,,coding
0,1200,,general
0,4200,,reading
0,1800,,coding
0,34800,,coding
0,12000,,coding
0,1200,,writing
0,6600,,reading
0,1800,,coding
0,2400,,coding
0,1800,,research
0,7800,,review
0,3000,,writing
0,15000,,coding
0,3000,,coding
0,3600,,coding
0,7800,,general
0,4800,,general
0,1800,,coding
0,3000,,general
0,3600,,coding
0,7200,,general
0,1800,,coding
0,6000,,reading
0,2400,,coding
0,2400,,general
0,1800,,coding
0,1800,,research
0,4200,,general
0,1800,,general
0,3000,,general
0,1800,,general
0,6600,,coding
0,4200,,general
0,3000,,coding
0,12000,,coding
0,3600,,general
0,1800,,general
0,4200,,problem solving
0,3000,,research
0,1800,,coding
0,1800,,general
0,4800,,general
0,3600,,general
0,3000,,general
0,2400,,general
0,1800,,coding
0,1800,,general
0,1800,,general
0,1800,,general
0,3600,,reading
0,9600,,general
0,6600,,general
0,4800,,general
0,3600,,coding
0,3600,,general
0,4800,,general
0,5400,,coding
0,1800,,coding
0,1800,,general
0,1800,,general
0,13200,,coding
0,6000,,coding
0,1800,,research
0,10200,,general
0,3000,,coding
0,12600,,general
0,3000,,general
0,4200,,coding
0,4800,,general
0,3000,,coding
0,3000,,coding
0,1800,,general
0,3600,,coding
0,1800,,coding
0,1800,,general
0,7200,,general
0,43200,,coding
0,12000,,coding
0,1800,,general
0,3000,,review
0,9000,,coding
0,11400,,coding
0,2400,,problem solving
0,3000,,general
0,6000,,coding
0,1800,,general
0,9000,,coding
0,1800,,general
0,4800,,general
0,3000,,general
0,12000,,coding
0,13800,,general
0,10200,,coding
0,6000,,general
0,1800,,writing
0,1800,,general
0,1800,,general
0,1800,,general
0,3000,,coding
0,3000,,general
0,3600,,general
0,4200,,general
0,4200,,research
0,5400,,research
0,2400,,coding
0,6600,,coding
0,4200,,general
0,4200,,general
0,3000,,general
0,4200,,coding
0,3000,,general
0,2400,,general
0,6000,,problem solving
0,2400,,coding
0,1800,,general
0,1800,,general
0,1800,,review
0,1800,,general
0,15000,,general
0,9600,,general
0,2400,,reading
0,11400,,review
0,4200,,coding
0,9000,,coding
0,1800,,coding
0,40200,,coding
0,3600,,coding
0,30000,,coding
0,7800,,general
0,3600,,coding
0,15600,,coding
0,6600,,coding
0,34200,,reading
0,26400,,coding
0,41400,,writing
0,3000,,general
0,1800,,general
0,4800,,problem solving
0,16200,,problem solving
0,12000,,general
0,1800,,general
0,1200,,general
0,4800,,coding
0,10200,,writing
0,1800,,coding
0,1200,,coding
0,3000,,general
0,3000,,general
0,2400,,coding
0,4200,,coding
0,1200,,review
0,3000,,general
0,2400,,review
0,3000,,general
0,1200,,general
0,11400,,coding
0,1800,,general
0,1200,,general
0,1200,,coding
0,1200,,coding
0,6000,,coding
0,1200,,research
0,2400,,coding
0,1200,,coding
0,1200,,coding
0,4800,,coding
0,2400,,general
0,1200,,general
0,1800,,coding
0,8400,,coding
0,1200,,coding
0,8400,,general
0,7800,,general
0,9000,,writing
0,1200,,coding
0,1800,,coding
0,11400,,coding
0,2400,,general
0,1800,,coding
0,1800,,general
0,3000,,general
0,1200,,general
0,4200,,coding
0,4200,,coding
0,1800,,coding
0,1200,,writing
0,1800,,coding
0,2400,,coding
0,1200,,coding
0,7800,,coding
0,1800,,coding
0,90000,,coding
0,1200,,general
0,600,,research
0,1200,,general
0,6000,,general
0,600,,general
0,8400,,coding
0,1800,,writing
0,600,,problem solving
0,5400,,coding
0,600,,coding
0,6600,,coding
0,600,,coding
0,600,,research
0,3000,,general
0,1200,,general
0,5400,,general
0,7800,,coding
0,4800,,general
0,2400,,general
0,3000,,general
0,2400,,general
0,5400,,general
0,4200,,general
0,1200,,general
0,1800,,general
0,8400,,coding
0,1200,,coding
0,14400,,coding
0,3600,,general
0,1800,,coding
0,3000,,coding
0,1800,,general
0,10200,,general
0,8400,,writing
0,1800,,general
0,1200,,writing
0,1200,,coding
0,3600,,general
0,2400,,coding
0,5400,,general
0,6000,,general
0,9600,,general
0,7800,,general
0,1800,,general
0,7200,,coding
0,6000,,coding
0,7200,,general
0,2400,,coding
0,1200,,writing
0,21600,,general
0,9600,,general
0,13200,,general
0,2400,,general
0,12000,,general
0,6600,,coding
0,9600,,general
0,22200,,general
0,21600,,coding
0,1200,,general
0,28200,,reading
0,6600,,general
0,9000,,general
0,2400,,general
0,6600,,general
0,16200,,coding
0,6000,,coding
0,48600,,general
0,1800,,coding
0,10800,,coding
0,600,,coding
0,16200,,coding
0,20400,,general
0,1800,,coding
0,2400,,coding
0,1200,,general
0,39000,,coding
0,13200,,general
0,600,,coding
0,4200,,general
0,4200,,general
0,1800,,review
0,3000,,general
0,5400,,general
0,7800,,general
0,5400,,coding
0,27600,,general
0,3600,,general
0,14400,,general
0,70800,,general
0,5400,,general
0,4200,,general
0,2400,,general
0,1200,,writing
0,1200,,general
0,600,,writing
0,4200,,general
0,1200,,coding
0,1200,,coding
0,600,,coding
0,4200,,coding
0,9600,,coding
0,1200,,reading
0,1200,,coding
0,600,,general
0,28800,,coding
0,9600,,research
0,3000,,coding
0,600,,writing
0,1200,,general
0,600,,general
0,3360,,general
7200,7200,3,general
10800,1800,3,review
0,1200,,research
0,19800,,coding
0,6900,,general
172800,12600,5,general
0,1200,,coding
0,1200,,coding
7200,3600,3,general
0,2820,,coding
0,600,,general
0,600,,coding
0,600,,coding
0,600,,coding
0,600,,coding
0,12900,,coding
0,1200,,coding
0,12600,,general
0,600,,reading
0,600,,coding
0,1200,,coding
0,600,,coding
0,3600,,general
0,1800,,reading
0,1200,,coding
0,9000,,writing
0,6000,,coding
0,12000,,general
0,3600,,coding
0,6000,,coding
0,7800,,coding
0,16200,,general
0,1200,,problem solving
0,1200,,reading
0,1800,,general
0,1200,,general
0,1200,,coding
0,3600,,coding
0,1200,,reading
0,4200,,coding
0,1200,,coding
0,1800,,general
0,1200,,general
0,2400,,coding
0,1200,,coding
0,1800,,coding
0,2400,,coding
0,4200,,writing
0,1800,,general
0,3000,,writing
0,5400,,general
0,7200,,coding
0,2400,,coding
0,1200,,reading
0,1200,,reading
0,1200,,coding
0,6000,,reading
0,1200,,reading
0,4200,,coding
0,8400,,general
0,1200,,review
0,2400,,general
0,1800,,general
0,11400,,coding
0,1200,,general
0,3600,,general
0,1200,,general
0,5400,,review
0,3000,,general
0,1800,,coding
0,1200,,general
0,3600,,coding
0,1200,,reading
0,10800,,research
0,1200,,reading
0,1800,,general
0,5400,,general
0,2400,,general
0,4200,,review
0,3000,,coding
0,1200,,research
0,9600,,coding
0,7800,,coding
0,3000,,general
0,1200,,reading
0,4800,,reading
0,1800,,reading
0,7200,,coding
0,1200,,coding
0,4200,,coding
0,1200,,general
0,3000,,coding
0,2400,,general
0,1200,,general
0,1200,,coding
0,1800,,general
0,1200,,general
0,3600,,general
0,7200,,general
0,1200,,coding
0,4800,,reading
0,5400,,review
0,3600,,coding
0,2400,,coding
0,1800,,reading
0,1800,,coding
0,3000,,reading
0,1200,,general
0,1200,,general
0,1200,,coding
0,1800,,coding
0,1200,,reading
0,4800,,coding
0,3000,,general
0,12000,,general
0,1200,,coding
0,1200,,coding
0,2400,,general
0,3000,,general
0,4200,,general
0,3600,,general
0,12000,,reading
0,15000,,coding
0,28200,,general
0,4200,,coding
0,6600,,general
0,1200,,reading
0,16800,,coding
0,1800,,coding
0,2400,,coding
0,1200,,coding
0,1200,,general
0,3600,,reading
0,1800,,coding
0,1200,,coding
0,5400,,coding
0,3600,,general
0,1800,,general
0,1800,,coding
0,1200,,general
0,23400,,writing
0,600,,coding
0,4800,,coding
0,5400,,review
0,1200,,reading
0,1200,,coding
0,3000,,coding
0,1800,,reading
0,3600,,coding
0,1200,,coding
0,2400,,general
0,6000,,reading
0,2400,,general
0,1200,,general
0,1200,,general
0,1800,,coding
0,9600,,general
0,3000,,general
0,4200,,coding
0,6600,,general
0,5400,,coding
0,31800,,coding
0,600,,general
0,600,,problem solving
0,600,,review
0,600,,coding
604800,1800,5,general
0,600,,reading
0,1200,,general
0,1200,,coding
0,1200,,general
0,1200,,coding
0,1200,,reading
0,1200,,writing
0,600,,reading
0,600,,general
0,600,,coding
0,600,,general
0,13800,,reading
0,6000,,writing
0,56400,,reading
0,12600,,general
0,12000,,reading
0,33000,,coding
0,4800,,general
0,24000,,writing
0,3600,,general
0,3600,,general
0,7800,,writing
0,3600,,general
0,8400,,coding
0,25800,,general
0,6000,,general
0,28800,,coding
0,9000,,problem solving
0,13800,,writing
0,6000,,reading
0,1800,,writing
0,42000,,general
0,37200,,coding
0,30000,,writing
0,3600,,coding
0,16200,,reading
0,57600,,reading
0,13800,,general
0,8400,,general
0,6600,,review
0,3600,,general
0,3600,,general
0,14400,,general
0,11400,,reading
0,5400,,reading
0,3600,,general
0,5400,,general
0,96000,,general
0,16800,,general
0,25200,,coding
0,33600,,coding
0,12600,,reading
0,36600,,general
0,6000,,general
0,11400,,general
0,29400,,general
0,46200,,problem solving
0,42600,,coding
0,25200,,writing
0,11400,,general
0,8400,,coding
0,6600,,general
0,6600,,general
0,6600,,general
0,19200,,general
0,13200,,general
0,31800,,general
0,84000,,general
0,36000,,general
0,98400,,general
0,17400,,general
0,24000,,general
0,21600,,general
0,4800,,reading
0,21000,,general
0,10200,,coding
0,10800,,reading
0,7200,,general
0,600,,coding
0,1200,,general
0,600,,problem solving
0,1200,,coding
0,11400,,coding
0,3600,,coding
0,7200,,general
0,14400,,general
0,8400,,coding
0,0,,writing
